koi,sig_tt_min,s_oc_min,pval,source
1.01,0.08,0.09,-0.0,Holczer+2016_J/ApJS/225/9_table4
2.01,0.23,0.24,0.0,Holczer+2016_J/ApJS/225/9_table4
3.01,0.24,0.35,-0.2,Holczer+2016_J/ApJS/225/9_table4
5.01,1.65,1.73,-0.0,Holczer+2016_J/ApJS/225/9_table4
7.01,3.54,3.28,0.0,Holczer+2016_J/ApJS/225/9_table4
10.01,0.60,0.59,0.0,Holczer+2016_J/ApJS/225/9_table4
12.01,0.37,1.51,-16.,Holczer+2016_J/ApJS/225/9_table4
13.01,0.13,0.16,-0.0,Holczer+2016_J/ApJS/225/9_table4
17.01,0.33,0.40,-0.0,Holczer+2016_J/ApJS/225/9_table4
18.01,0.57,0.56,0.0,Holczer+2016_J/ApJS/225/9_table4
20.01,0.29,0.31,-0.0,Holczer+2016_J/ApJS/225/9_table4
22.01,0.42,0.50,-0.0,Holczer+2016_J/ApJS/225/9_table4
41.01,9.45,10.65,-0.0,Holczer+2016_J/ApJS/225/9_table4
41.02,22.82,27.74,-0.0,Holczer+2016_J/ApJS/225/9_table4
41.03,25.76,37.75,-0.3,Holczer+2016_J/ApJS/225/9_table4
42.01,2.67,14.08,-16.,Holczer+2016_J/ApJS/225/9_table4
46.01,3.60,3.97,-0.0,Holczer+2016_J/ApJS/225/9_table4
49.01,4.80,4.62,-0.0,Holczer+2016_J/ApJS/225/9_table4
63.01,0.44,0.95,-12.2,Holczer+2016_J/ApJS/225/9_table4
69.01,2.96,3.36,-0.0,Holczer+2016_J/ApJS/225/9_table4
70.01,2.44,2.76,-0.0,Holczer+2016_J/ApJS/225/9_table4
70.02,6.25,6.62,-0.0,Holczer+2016_J/ApJS/225/9_table4
70.03,3.67,6.11,-0.6,Holczer+2016_J/ApJS/225/9_table4
70.05,28.80,29.56,-0.0,Holczer+2016_J/ApJS/225/9_table4
72.01,7.04,6.76,0.0,Holczer+2016_J/ApJS/225/9_table4
72.02,3.76,4.91,-0.1,Holczer+2016_J/ApJS/225/9_table4
75.01,2.05,18.37,-16.,Holczer+2016_J/ApJS/225/9_table4
82.01,1.98,2.31,-0.0,Holczer+2016_J/ApJS/225/9_table4
82.02,7.00,7.66,-0.0,Holczer+2016_J/ApJS/225/9_table4
82.03,13.92,21.45,-0.5,Holczer+2016_J/ApJS/225/9_table4
82.04,26.85,32.43,-0.0,Holczer+2016_J/ApJS/225/9_table4
84.01,2.64,4.56,-2.5,Holczer+2016_J/ApJS/225/9_table4
85.01,4.10,4.95,-0.0,Holczer+2016_J/ApJS/225/9_table4
85.02,14.17,12.38,0.0,Holczer+2016_J/ApJS/225/9_table4
85.03,12.16,13.19,-0.0,Holczer+2016_J/ApJS/225/9_table4
89.01,6.09,9.74,-0.5,Holczer+2016_J/ApJS/225/9_table4
92.01,2.78,2.92,-0.0,Holczer+2016_J/ApJS/225/9_table4
94.01,0.48,0.80,-0.8,Holczer+2016_J/ApJS/225/9_table4
94.02,2.85,5.54,-2.9,Holczer+2016_J/ApJS/225/9_table4
94.03,1.58,8.88,-16.,Holczer+2016_J/ApJS/225/9_table4
94.04,23.10,22.77,-0.0,Holczer+2016_J/ApJS/225/9_table4
97.01,0.42,0.48,-0.0,Holczer+2016_J/ApJS/225/9_table4
98.01,1.01,1.04,-0.0,Holczer+2016_J/ApJS/225/9_table4
100.01,3.26,5.80,-3.2,Holczer+2016_J/ApJS/225/9_table4
102.01,2.54,2.69,0.0,Holczer+2016_J/ApJS/225/9_table4
103.01,3.82,27.02,-16.,Holczer+2016_J/ApJS/225/9_table4
104.01,1.90,1.88,0.0,Holczer+2016_J/ApJS/225/9_table4
105.01,2.49,2.60,-0.0,Holczer+2016_J/ApJS/225/9_table4
107.01,6.27,6.84,-0.0,Holczer+2016_J/ApJS/225/9_table4
108.01,4.30,5.64,-0.0,Holczer+2016_J/ApJS/225/9_table4
110.01,4.27,4.51,-0.0,Holczer+2016_J/ApJS/225/9_table4
111.01,5.11,6.66,-0.0,Holczer+2016_J/ApJS/225/9_table4
111.02,5.79,4.85,-0.0,Holczer+2016_J/ApJS/225/9_table4
111.03,4.86,3.54,-0.0,Holczer+2016_J/ApJS/225/9_table4
112.01,4.31,3.35,-0.0,Holczer+2016_J/ApJS/225/9_table4
112.02,22.45,18.11,0.0,Holczer+2016_J/ApJS/225/9_table4
115.01,4.24,5.63,-0.0,Holczer+2016_J/ApJS/225/9_table4
115.02,15.19,13.64,-0.0,Holczer+2016_J/ApJS/225/9_table4
116.01,6.28,7.37,-0.0,Holczer+2016_J/ApJS/225/9_table4
116.02,6.27,7.64,-0.1,Holczer+2016_J/ApJS/225/9_table4
117.01,7.88,9.06,-0.0,Holczer+2016_J/ApJS/225/9_table4
117.02,21.15,26.00,-0.0,Holczer+2016_J/ApJS/225/9_table4
117.03,27.07,32.62,-0.0,Holczer+2016_J/ApJS/225/9_table4
118.01,11.26,10.79,-0.0,Holczer+2016_J/ApJS/225/9_table4
119.01,2.04,3.44,-0.8,Holczer+2016_J/ApJS/225/9_table4
119.02,4.43,13.34,-3.8,Holczer+2016_J/ApJS/225/9_table4
122.01,4.82,5.49,-0.0,Holczer+2016_J/ApJS/225/9_table4
123.01,7.61,7.74,-0.0,Holczer+2016_J/ApJS/225/9_table4
123.02,7.52,4.61,-0.0,Holczer+2016_J/ApJS/225/9_table4
124.01,10.22,10.88,-0.0,Holczer+2016_J/ApJS/225/9_table4
124.02,8.37,6.32,-0.0,Holczer+2016_J/ApJS/225/9_table4
127.01,0.46,0.49,-0.0,Holczer+2016_J/ApJS/225/9_table4
128.01,0.44,0.50,-0.0,Holczer+2016_J/ApJS/225/9_table4
137.01,1.84,4.55,-16.,Holczer+2016_J/ApJS/225/9_table4
137.02,1.32,4.66,-16.,Holczer+2016_J/ApJS/225/9_table4
137.03,15.12,12.82,0.0,Holczer+2016_J/ApJS/225/9_table4
139.01,1.77,56.39,-16.,Holczer+2016_J/ApJS/225/9_table4
139.02,23.84,25.69,-0.0,Holczer+2016_J/ApJS/225/9_table4
141.01,1.90,1.84,0.0,Holczer+2016_J/ApJS/225/9_table4
142.01,2.01,608.19,-16.,Holczer+2016_J/ApJS/225/9_table4
144.01,4.08,4.44,-0.0,Holczer+2016_J/ApJS/225/9_table4
148.01,8.66,8.98,-0.0,Holczer+2016_J/ApJS/225/9_table4
148.02,3.95,4.63,-0.0,Holczer+2016_J/ApJS/225/9_table4
148.03,10.03,10.24,-0.0,Holczer+2016_J/ApJS/225/9_table4
149.01,5.64,5.10,-0.0,Holczer+2016_J/ApJS/225/9_table4
150.01,5.54,5.89,-0.0,Holczer+2016_J/ApJS/225/9_table4
150.02,5.81,4.36,-0.0,Holczer+2016_J/ApJS/225/9_table4
151.01,5.51,5.38,-0.0,Holczer+2016_J/ApJS/225/9_table4
152.01,2.53,9.04,-16.,Holczer+2016_J/ApJS/225/9_table4
152.02,9.32,16.22,-1.3,Holczer+2016_J/ApJS/225/9_table4
152.03,9.04,14.16,-0.7,Holczer+2016_J/ApJS/225/9_table4
152.04,19.79,35.09,-0.9,Holczer+2016_J/ApJS/225/9_table4
153.01,5.30,5.07,-0.0,Holczer+2016_J/ApJS/225/9_table4
153.02,6.88,6.88,-0.0,Holczer+2016_J/ApJS/225/9_table4
155.01,6.60,5.81,0.0,Holczer+2016_J/ApJS/225/9_table4
156.01,8.68,10.12,-0.0,Holczer+2016_J/ApJS/225/9_table4
156.02,16.28,15.13,-0.0,Holczer+2016_J/ApJS/225/9_table4
156.03,3.58,4.18,-0.0,Holczer+2016_J/ApJS/225/9_table4
157.01,7.04,8.34,-0.0,Holczer+2016_J/ApJS/225/9_table4
157.02,6.13,7.97,-0.1,Holczer+2016_J/ApJS/225/9_table4
157.03,3.43,9.14,-9.0,Holczer+2016_J/ApJS/225/9_table4
157.04,10.34,29.73,-7.0,Holczer+2016_J/ApJS/225/9_table4
157.05,5.07,7.77,-0.4,Holczer+2016_J/ApJS/225/9_table4
157.06,16.39,15.52,-0.0,Holczer+2016_J/ApJS/225/9_table4
159.01,9.30,9.12,-0.0,Holczer+2016_J/ApJS/225/9_table4
161.01,3.73,4.03,-0.0,Holczer+2016_J/ApJS/225/9_table4
162.01,6.81,4.97,-0.0,Holczer+2016_J/ApJS/225/9_table4
165.01,5.47,5.83,-0.0,Holczer+2016_J/ApJS/225/9_table4
166.01,6.26,6.41,-0.0,Holczer+2016_J/ApJS/225/9_table4
167.01,9.44,9.94,-0.0,Holczer+2016_J/ApJS/225/9_table4
168.01,12.28,18.22,-0.3,Holczer+2016_J/ApJS/225/9_table4
168.02,22.24,21.86,-0.0,Holczer+2016_J/ApJS/225/9_table4
168.03,62.23,48.19,-0.0,Holczer+2016_J/ApJS/225/9_table4
171.01,8.72,9.10,-0.0,Holczer+2016_J/ApJS/225/9_table4
171.02,21.57,22.45,-0.0,Holczer+2016_J/ApJS/225/9_table4
172.01,9.01,7.46,-0.0,Holczer+2016_J/ApJS/225/9_table4
173.01,11.16,10.15,-0.0,Holczer+2016_J/ApJS/225/9_table4
174.01,3.93,7.39,-1.4,Holczer+2016_J/ApJS/225/9_table4
176.01,9.67,10.82,-0.0,Holczer+2016_J/ApJS/225/9_table4
177.01,14.40,14.52,-0.0,Holczer+2016_J/ApJS/225/9_table4
179.01,6.60,6.04,-0.0,Holczer+2016_J/ApJS/225/9_table4
180.01,4.49,3.73,-0.0,Holczer+2016_J/ApJS/225/9_table4
183.01,0.34,0.36,0.0,Holczer+2016_J/ApJS/225/9_table4
186.01,0.60,0.66,-0.0,Holczer+2016_J/ApJS/225/9_table4
188.01,0.48,0.52,-0.0,Holczer+2016_J/ApJS/225/9_table4
189.01,0.46,0.70,-0.4,Holczer+2016_J/ApJS/225/9_table4
191.01,0.82,0.84,-0.0,Holczer+2016_J/ApJS/225/9_table4
191.02,14.12,14.97,-0.0,Holczer+2016_J/ApJS/225/9_table4
191.04,21.56,17.01,-0.0,Holczer+2016_J/ApJS/225/9_table4
192.01,0.58,0.52,-0.0,Holczer+2016_J/ApJS/225/9_table4
193.01,0.44,0.41,-0.0,Holczer+2016_J/ApJS/225/9_table4
195.01,0.61,0.62,0.0,Holczer+2016_J/ApJS/225/9_table4
196.01,0.59,0.60,0.0,Holczer+2016_J/ApJS/225/9_table4
197.01,0.63,0.72,-0.0,Holczer+2016_J/ApJS/225/9_table4
199.01,0.79,0.74,0.0,Holczer+2016_J/ApJS/225/9_table4
200.01,0.74,0.87,-0.0,Holczer+2016_J/ApJS/225/9_table4
202.01,0.57,0.63,0.0,Holczer+2016_J/ApJS/225/9_table4
203.01,0.29,0.53,-16.0,Holczer+2016_J/ApJS/225/9_table4
204.01,1.47,1.57,0.0,Holczer+2016_J/ApJS/225/9_table4
208.01,1.41,1.59,-0.0,Holczer+2016_J/ApJS/225/9_table4
209.01,1.51,2.46,-0.7,Holczer+2016_J/ApJS/225/9_table4
209.02,3.00,7.73,-13.2,Holczer+2016_J/ApJS/225/9_table4
212.01,1.41,1.32,-0.0,Holczer+2016_J/ApJS/225/9_table4
214.01,1.11,1.19,-0.0,Holczer+2016_J/ApJS/225/9_table4
216.01,1.92,2.19,-0.0,Holczer+2016_J/ApJS/225/9_table4
217.01,0.45,0.74,-2.2,Holczer+2016_J/ApJS/225/9_table4
219.01,2.16,2.56,-0.0,Holczer+2016_J/ApJS/225/9_table4
220.01,2.70,2.93,0.0,Holczer+2016_J/ApJS/225/9_table4
221.01,2.02,2.32,-0.0,Holczer+2016_J/ApJS/225/9_table4
222.01,6.73,6.16,-0.0,Holczer+2016_J/ApJS/225/9_table4
222.02,12.71,12.24,-0.0,Holczer+2016_J/ApJS/225/9_table4
223.01,6.34,6.20,0.0,Holczer+2016_J/ApJS/225/9_table4
223.02,9.25,14.47,-0.5,Holczer+2016_J/ApJS/225/9_table4
226.01,11.49,11.74,-0.0,Holczer+2016_J/ApJS/225/9_table4
227.01,3.69,425.29,-16.,Holczer+2016_J/ApJS/225/9_table4
232.01,2.71,2.78,-0.0,Holczer+2016_J/ApJS/225/9_table4
232.02,16.92,13.56,0.0,Holczer+2016_J/ApJS/225/9_table4
232.03,21.87,30.49,-0.2,Holczer+2016_J/ApJS/225/9_table4
232.04,21.60,33.67,-0.5,Holczer+2016_J/ApJS/225/9_table4
232.05,20.51,6.44,-0.0,Holczer+2016_J/ApJS/225/9_table4
234.01,9.25,10.01,-0.0,Holczer+2016_J/ApJS/225/9_table4
235.01,9.22,10.00,-0.0,Holczer+2016_J/ApJS/225/9_table4
237.01,8.03,10.00,-0.0,Holczer+2016_J/ApJS/225/9_table4
238.01,10.95,10.39,-0.0,Holczer+2016_J/ApJS/225/9_table4
238.02,44.51,48.69,-0.0,Holczer+2016_J/ApJS/225/9_table4
239.01,5.81,6.71,-0.0,Holczer+2016_J/ApJS/225/9_table4
240.01,8.27,7.84,0.0,Holczer+2016_J/ApJS/225/9_table4
241.01,7.35,10.35,-0.1,Holczer+2016_J/ApJS/225/9_table4
241.02,26.54,28.13,-0.0,Holczer+2016_J/ApJS/225/9_table4
242.01,2.71,2.69,-0.0,Holczer+2016_J/ApJS/225/9_table4
244.01,0.96,1.72,-2.7,Holczer+2016_J/ApJS/225/9_table4
244.02,2.94,5.00,-2.7,Holczer+2016_J/ApJS/225/9_table4
245.01,1.19,2.55,-3.8,Holczer+2016_J/ApJS/225/9_table4
245.02,10.71,8.18,-0.0,Holczer+2016_J/ApJS/225/9_table4
246.01,2.89,3.24,-0.0,Holczer+2016_J/ApJS/225/9_table4
246.02,21.89,20.45,-0.0,Holczer+2016_J/ApJS/225/9_table4
247.01,7.78,6.14,-0.0,Holczer+2016_J/ApJS/225/9_table4
248.01,6.71,13.19,-6.4,Holczer+2016_J/ApJS/225/9_table4
248.02,10.49,20.89,-4.8,Holczer+2016_J/ApJS/225/9_table4
248.03,15.71,14.32,0.0,Holczer+2016_J/ApJS/225/9_table4
248.04,14.17,14.85,-0.0,Holczer+2016_J/ApJS/225/9_table4
249.01,3.51,3.27,-0.0,Holczer+2016_J/ApJS/225/9_table4
250.01,4.32,10.99,-16.,Holczer+2016_J/ApJS/225/9_table4
250.02,5.27,12.32,-10.0,Holczer+2016_J/ApJS/225/9_table4
250.04,8.28,7.63,-0.0,Holczer+2016_J/ApJS/225/9_table4
251.01,3.91,4.19,-0.0,Holczer+2016_J/ApJS/225/9_table4
252.01,6.56,6.74,-0.0,Holczer+2016_J/ApJS/225/9_table4
253.01,7.68,6.82,-0.0,Holczer+2016_J/ApJS/225/9_table4
253.02,25.86,46.04,-1.1,Holczer+2016_J/ApJS/225/9_table4
254.01,0.48,0.53,0.0,Holczer+2016_J/ApJS/225/9_table4
255.01,4.98,6.04,-0.0,Holczer+2016_J/ApJS/225/9_table4
257.01,2.52,2.33,-0.0,Holczer+2016_J/ApJS/225/9_table4
260.01,11.29,9.29,-0.0,Holczer+2016_J/ApJS/225/9_table4
260.02,4.19,8.23,-1.4,Holczer+2016_J/ApJS/225/9_table4
260.03,10.74,13.40,-0.0,Holczer+2016_J/ApJS/225/9_table4
262.01,15.35,31.96,-8.7,Holczer+2016_J/ApJS/225/9_table4
262.02,10.62,16.07,-0.4,Holczer+2016_J/ApJS/225/9_table4
263.01,14.54,11.77,-0.0,Holczer+2016_J/ApJS/225/9_table4
265.01,22.29,20.67,0.0,Holczer+2016_J/ApJS/225/9_table4
268.01,3.04,5.14,-0.7,Holczer+2016_J/ApJS/225/9_table4
269.01,13.45,13.80,-0.0,Holczer+2016_J/ApJS/225/9_table4
270.01,18.83,13.82,-0.0,Holczer+2016_J/ApJS/225/9_table4
270.02,12.47,19.32,-0.5,Holczer+2016_J/ApJS/225/9_table4
271.01,5.99,6.62,-0.0,Holczer+2016_J/ApJS/225/9_table4
271.02,5.99,10.38,-1.3,Holczer+2016_J/ApJS/225/9_table4
271.03,15.86,15.68,-0.0,Holczer+2016_J/ApJS/225/9_table4
273.01,4.56,4.21,-0.0,Holczer+2016_J/ApJS/225/9_table4
274.01,30.46,83.30,-16.,Holczer+2016_J/ApJS/225/9_table4
274.02,39.07,110.84,-14.8,Holczer+2016_J/ApJS/225/9_table4
275.01,13.05,14.30,-0.0,Holczer+2016_J/ApJS/225/9_table4
275.02,11.75,20.99,-0.8,Holczer+2016_J/ApJS/225/9_table4
276.01,3.57,3.77,-0.0,Holczer+2016_J/ApJS/225/9_table4
277.01,4.54,120.15,-16.,Holczer+2016_J/ApJS/225/9_table4
277.02,31.16,174.81,-16.,Holczer+2016_J/ApJS/225/9_table4
279.01,1.66,2.91,-1.4,Holczer+2016_J/ApJS/225/9_table4
279.02,11.30,16.85,-0.3,Holczer+2016_J/ApJS/225/9_table4
280.01,3.17,3.77,-0.0,Holczer+2016_J/ApJS/225/9_table4
281.01,9.23,9.43,-0.0,Holczer+2016_J/ApJS/225/9_table4
282.01,2.81,3.96,-0.2,Holczer+2016_J/ApJS/225/9_table4
282.02,21.35,16.30,-0.0,Holczer+2016_J/ApJS/225/9_table4
282.03,15.96,18.01,-0.1,Holczer+2016_J/ApJS/225/9_table4
283.01,3.61,3.43,-0.0,Holczer+2016_J/ApJS/225/9_table4
283.02,30.32,41.29,-0.2,Holczer+2016_J/ApJS/225/9_table4
284.01,11.71,14.69,-0.0,Holczer+2016_J/ApJS/225/9_table4
284.02,15.39,12.64,-0.0,Holczer+2016_J/ApJS/225/9_table4
284.03,19.12,16.83,-0.0,Holczer+2016_J/ApJS/225/9_table4
285.01,5.31,7.34,-0.1,Holczer+2016_J/ApJS/225/9_table4
285.02,14.12,11.62,-0.0,Holczer+2016_J/ApJS/225/9_table4
285.03,20.92,25.61,-0.1,Holczer+2016_J/ApJS/225/9_table4
288.01,9.78,8.37,-0.0,Holczer+2016_J/ApJS/225/9_table4
289.01,7.35,7.13,-0.0,Holczer+2016_J/ApJS/225/9_table4
291.01,10.58,6.08,-0.0,Holczer+2016_J/ApJS/225/9_table4
291.02,23.76,23.03,-0.0,Holczer+2016_J/ApJS/225/9_table4
292.01,12.28,12.83,-0.0,Holczer+2016_J/ApJS/225/9_table4
294.01,8.15,8.27,-0.0,Holczer+2016_J/ApJS/225/9_table4
295.01,8.35,8.55,-0.0,Holczer+2016_J/ApJS/225/9_table4
295.02,25.42,15.85,-0.0,Holczer+2016_J/ApJS/225/9_table4
296.01,8.86,7.52,-0.0,Holczer+2016_J/ApJS/225/9_table4
297.01,17.41,17.21,-0.0,Holczer+2016_J/ApJS/225/9_table4
298.01,11.95,8.71,-0.0,Holczer+2016_J/ApJS/225/9_table4
298.02,18.77,14.46,-0.0,Holczer+2016_J/ApJS/225/9_table4
299.01,12.47,10.23,0.0,Holczer+2016_J/ApJS/225/9_table4
301.01,13.26,12.62,-0.0,Holczer+2016_J/ApJS/225/9_table4
301.02,36.15,49.19,-0.1,Holczer+2016_J/ApJS/225/9_table4
303.01,3.12,5.30,-0.8,Holczer+2016_J/ApJS/225/9_table4
304.01,3.59,3.53,-0.0,Holczer+2016_J/ApJS/225/9_table4
305.01,7.33,6.16,0.0,Holczer+2016_J/ApJS/225/9_table4
306.01,4.22,3.70,-0.0,Holczer+2016_J/ApJS/225/9_table4
307.01,13.41,15.26,-0.0,Holczer+2016_J/ApJS/225/9_table4
307.02,26.12,28.12,-0.0,Holczer+2016_J/ApJS/225/9_table4
308.01,3.76,33.12,-16.,Holczer+2016_J/ApJS/225/9_table4
312.01,10.63,17.11,-1.0,Holczer+2016_J/ApJS/225/9_table4
312.02,11.58,11.73,-0.0,Holczer+2016_J/ApJS/225/9_table4
313.01,5.79,5.98,-0.0,Holczer+2016_J/ApJS/225/9_table4
313.02,9.50,8.32,-0.0,Holczer+2016_J/ApJS/225/9_table4
314.01,3.43,5.53,-1.0,Holczer+2016_J/ApJS/225/9_table4
314.02,4.26,18.23,-16.,Holczer+2016_J/ApJS/225/9_table4
315.01,3.12,92.14,-16.,Holczer+2016_J/ApJS/225/9_table4
316.01,6.41,6.61,-0.0,Holczer+2016_J/ApJS/225/9_table4
316.02,6.56,37.40,-16.,Holczer+2016_J/ApJS/225/9_table4
316.03,12.28,10.44,-0.0,Holczer+2016_J/ApJS/225/9_table4
317.01,8.17,8.88,-0.0,Holczer+2016_J/ApJS/225/9_table4
318.01,2.38,9.65,-16.,Holczer+2016_J/ApJS/225/9_table4
319.01,2.01,9.62,-16.,Holczer+2016_J/ApJS/225/9_table4
321.01,14.04,14.17,0.0,Holczer+2016_J/ApJS/225/9_table4
323.01,4.58,5.24,-0.0,Holczer+2016_J/ApJS/225/9_table4
326.01,13.20,12.50,-0.0,Holczer+2016_J/ApJS/225/9_table4
326.02,29.71,31.94,-0.1,Holczer+2016_J/ApJS/225/9_table4
327.01,18.02,18.61,-0.0,Holczer+2016_J/ApJS/225/9_table4
330.01,20.64,21.96,-0.0,Holczer+2016_J/ApJS/225/9_table4
331.01,15.21,15.48,-0.0,Holczer+2016_J/ApJS/225/9_table4
332.01,15.41,12.75,0.0,Holczer+2016_J/ApJS/225/9_table4
333.01,11.10,12.70,-0.0,Holczer+2016_J/ApJS/225/9_table4
337.01,16.18,11.56,-0.0,Holczer+2016_J/ApJS/225/9_table4
338.01,13.65,12.50,-0.0,Holczer+2016_J/ApJS/225/9_table4
339.01,14.24,16.84,-0.0,Holczer+2016_J/ApJS/225/9_table4
339.02,18.38,16.90,-0.0,Holczer+2016_J/ApJS/225/9_table4
341.01,7.57,14.08,-4.0,Holczer+2016_J/ApJS/225/9_table4
341.02,16.09,34.95,-13.2,Holczer+2016_J/ApJS/225/9_table4
343.01,7.53,7.05,-0.0,Holczer+2016_J/ApJS/225/9_table4
343.02,14.67,14.22,0.0,Holczer+2016_J/ApJS/225/9_table4
344.01,4.21,3.89,-0.0,Holczer+2016_J/ApJS/225/9_table4
345.01,3.04,11.68,-16.,Holczer+2016_J/ApJS/225/9_table4
346.01,5.14,4.49,-0.0,Holczer+2016_J/ApJS/225/9_table4
348.01,3.20,4.48,-0.2,Holczer+2016_J/ApJS/225/9_table4
349.01,7.02,7.15,-0.0,Holczer+2016_J/ApJS/225/9_table4
350.01,11.42,29.79,-16.,Holczer+2016_J/ApJS/225/9_table4
351.03,10.46,15.10,-0.3,Holczer+2016_J/ApJS/225/9_table4
351.04,15.85,18.76,-0.1,Holczer+2016_J/ApJS/225/9_table4
352.01,15.33,15.61,-0.0,Holczer+2016_J/ApJS/225/9_table4
353.01,1.41,2.75,-1.1,Holczer+2016_J/ApJS/225/9_table4
353.02,15.85,22.40,-0.2,Holczer+2016_J/ApJS/225/9_table4
354.01,8.25,9.08,-0.0,Holczer+2016_J/ApJS/225/9_table4
354.02,32.16,46.81,-0.2,Holczer+2016_J/ApJS/225/9_table4
355.01,9.90,9.78,-0.0,Holczer+2016_J/ApJS/225/9_table4
356.01,4.00,4.28,0.0,Holczer+2016_J/ApJS/225/9_table4
361.01,18.53,22.00,-0.0,Holczer+2016_J/ApJS/225/9_table4
365.01,2.45,2.97,-0.1,Holczer+2016_J/ApJS/225/9_table4
366.01,0.65,1.32,-1.8,Holczer+2016_J/ApJS/225/9_table4
367.01,0.64,0.71,-0.0,Holczer+2016_J/ApJS/225/9_table4
368.01,0.29,0.43,-0.4,Holczer+2016_J/ApJS/225/9_table4
369.01,18.69,15.53,-0.0,Holczer+2016_J/ApJS/225/9_table4
369.02,18.76,16.93,-0.0,Holczer+2016_J/ApJS/225/9_table4
370.01,6.60,9.07,-0.2,Holczer+2016_J/ApJS/225/9_table4
370.02,17.63,18.46,-0.0,Holczer+2016_J/ApJS/225/9_table4
372.01,0.44,10.17,-16.,Holczer+2016_J/ApJS/225/9_table4
373.01,4.31,7.80,-0.9,Holczer+2016_J/ApJS/225/9_table4
374.01,3.70,18.52,-13.8,Holczer+2016_J/ApJS/225/9_table4
377.01,1.06,513.08,-16.,Holczer+2016_J/ApJS/225/9_table4
377.02,1.19,934.28,-16.,Holczer+2016_J/ApJS/225/9_table4
384.01,19.36,22.39,-0.0,Holczer+2016_J/ApJS/225/9_table4
385.01,15.95,14.78,-0.0,Holczer+2016_J/ApJS/225/9_table4
386.01,7.13,5.04,-0.0,Holczer+2016_J/ApJS/225/9_table4
386.02,9.64,10.06,-0.0,Holczer+2016_J/ApJS/225/9_table4
387.01,3.84,3.16,-0.0,Holczer+2016_J/ApJS/225/9_table4
388.01,17.83,18.32,-0.0,Holczer+2016_J/ApJS/225/9_table4
392.01,26.72,33.85,-0.1,Holczer+2016_J/ApJS/225/9_table4
393.01,22.29,20.00,-0.0,Holczer+2016_J/ApJS/225/9_table4
398.01,1.36,2.95,-3.2,Holczer+2016_J/ApJS/225/9_table4
398.02,6.48,7.00,-0.0,Holczer+2016_J/ApJS/225/9_table4
398.03,24.09,23.04,0.0,Holczer+2016_J/ApJS/225/9_table4
401.01,2.99,3.15,-0.0,Holczer+2016_J/ApJS/225/9_table4
401.02,5.82,3.28,-0.0,Holczer+2016_J/ApJS/225/9_table4
401.03,28.14,39.76,-0.2,Holczer+2016_J/ApJS/225/9_table4
403.01,4.20,3.43,-0.0,Holczer+2016_J/ApJS/225/9_table4
408.01,6.30,8.68,-0.1,Holczer+2016_J/ApJS/225/9_table4
408.02,10.37,8.87,-0.0,Holczer+2016_J/ApJS/225/9_table4
408.03,15.84,17.48,-0.0,Holczer+2016_J/ApJS/225/9_table4
409.01,8.94,11.29,-0.0,Holczer+2016_J/ApJS/225/9_table4
410.01,1.48,2.59,-3.6,Holczer+2016_J/ApJS/225/9_table4
412.01,1.84,1.95,-0.0,Holczer+2016_J/ApJS/225/9_table4
413.01,7.10,7.36,-0.0,Holczer+2016_J/ApJS/225/9_table4
413.02,16.09,14.85,-0.0,Holczer+2016_J/ApJS/225/9_table4
415.01,1.22,1.05,-0.0,Holczer+2016_J/ApJS/225/9_table4
416.01,3.81,3.57,-0.0,Holczer+2016_J/ApJS/225/9_table4
416.02,5.20,4.19,-0.0,Holczer+2016_J/ApJS/225/9_table4
417.01,1.26,2.05,-0.9,Holczer+2016_J/ApJS/225/9_table4
420.01,2.02,2.35,-0.0,Holczer+2016_J/ApJS/225/9_table4
421.01,0.69,0.78,-0.0,Holczer+2016_J/ApJS/225/9_table4
423.01,0.80,0.97,-0.0,Holczer+2016_J/ApJS/225/9_table4
426.01,8.70,8.52,-0.0,Holczer+2016_J/ApJS/225/9_table4
427.01,6.29,7.90,-0.0,Holczer+2016_J/ApJS/225/9_table4
427.02,11.73,15.91,-0.1,Holczer+2016_J/ApJS/225/9_table4
428.01,2.14,2.06,-0.0,Holczer+2016_J/ApJS/225/9_table4
429.01,2.76,3.00,-0.0,Holczer+2016_J/ApJS/225/9_table4
430.01,4.99,5.72,-0.0,Holczer+2016_J/ApJS/225/9_table4
431.01,7.58,6.25,-0.0,Holczer+2016_J/ApJS/225/9_table4
431.02,9.73,6.66,-0.0,Holczer+2016_J/ApJS/225/9_table4
432.01,5.03,5.35,-0.0,Holczer+2016_J/ApJS/225/9_table4
433.01,3.65,3.84,-0.0,Holczer+2016_J/ApJS/225/9_table4
435.01,6.38,6.91,-0.0,Holczer+2016_J/ApJS/225/9_table4
435.03,14.92,19.00,-0.1,Holczer+2016_J/ApJS/225/9_table4
435.05,10.98,6.09,-0.0,Holczer+2016_J/ApJS/225/9_table4
438.01,7.57,7.68,-0.0,Holczer+2016_J/ApJS/225/9_table4
438.02,7.47,4.60,-0.0,Holczer+2016_J/ApJS/225/9_table4
439.01,3.21,3.47,0.0,Holczer+2016_J/ApJS/225/9_table4
440.01,9.30,7.26,-0.0,Holczer+2016_J/ApJS/225/9_table4
440.02,9.69,8.44,0.0,Holczer+2016_J/ApJS/225/9_table4
442.01,14.09,18.78,-0.0,Holczer+2016_J/ApJS/225/9_table4
443.01,10.84,9.01,-0.0,Holczer+2016_J/ApJS/225/9_table4
444.01,13.33,10.87,-0.0,Holczer+2016_J/ApJS/225/9_table4
446.01,10.56,12.86,-0.0,Holczer+2016_J/ApJS/225/9_table4
446.02,12.46,11.38,-0.0,Holczer+2016_J/ApJS/225/9_table4
448.01,8.57,8.28,-0.0,Holczer+2016_J/ApJS/225/9_table4
448.02,4.95,173.83,-16.,Holczer+2016_J/ApJS/225/9_table4
452.01,17.08,14.63,0.0,Holczer+2016_J/ApJS/225/9_table4
454.01,11.63,8.40,-0.0,Holczer+2016_J/ApJS/225/9_table4
456.01,6.58,17.74,-16.,Holczer+2016_J/ApJS/225/9_table4
456.02,33.45,26.41,0.0,Holczer+2016_J/ApJS/225/9_table4
457.01,8.34,7.18,0.0,Holczer+2016_J/ApJS/225/9_table4
457.02,7.91,11.72,-0.3,Holczer+2016_J/ApJS/225/9_table4
458.01,3.84,4.14,-0.0,Holczer+2016_J/ApJS/225/9_table4
459.01,6.37,7.62,-0.0,Holczer+2016_J/ApJS/225/9_table4
460.01,5.77,5.90,-0.0,Holczer+2016_J/ApJS/225/9_table4
463.01,3.55,4.73,-0.1,Holczer+2016_J/ApJS/225/9_table4
464.01,1.47,3.43,-3.7,Holczer+2016_J/ApJS/225/9_table4
464.02,8.57,9.34,-0.0,Holczer+2016_J/ApJS/225/9_table4
466.01,3.28,2.88,-0.0,Holczer+2016_J/ApJS/225/9_table4
467.01,2.74,3.63,-0.1,Holczer+2016_J/ApJS/225/9_table4
468.01,4.94,5.30,-0.0,Holczer+2016_J/ApJS/225/9_table4
469.01,2.86,3.61,-0.0,Holczer+2016_J/ApJS/225/9_table4
470.01,3.09,3.07,-0.0,Holczer+2016_J/ApJS/225/9_table4
471.01,10.51,13.76,-0.0,Holczer+2016_J/ApJS/225/9_table4
473.01,9.54,26.58,-16.,Holczer+2016_J/ApJS/225/9_table4
474.01,11.99,9.36,-0.0,Holczer+2016_J/ApJS/225/9_table4
474.02,12.81,11.90,-0.0,Holczer+2016_J/ApJS/225/9_table4
474.03,11.17,138.48,-16.,Holczer+2016_J/ApJS/225/9_table4
475.01,15.09,12.16,-0.0,Holczer+2016_J/ApJS/225/9_table4
475.02,11.06,11.43,-0.0,Holczer+2016_J/ApJS/225/9_table4
476.01,13.69,9.46,-0.0,Holczer+2016_J/ApJS/225/9_table4
477.01,11.24,15.30,-0.1,Holczer+2016_J/ApJS/225/9_table4
478.01,3.55,3.94,-0.0,Holczer+2016_J/ApJS/225/9_table4
479.01,5.79,5.92,-0.0,Holczer+2016_J/ApJS/225/9_table4
480.01,7.53,6.83,0.0,Holczer+2016_J/ApJS/225/9_table4
481.01,7.98,7.56,-0.0,Holczer+2016_J/ApJS/225/9_table4
481.02,17.47,15.36,0.0,Holczer+2016_J/ApJS/225/9_table4
481.03,8.72,13.23,-0.4,Holczer+2016_J/ApJS/225/9_table4
483.01,9.87,8.85,0.0,Holczer+2016_J/ApJS/225/9_table4
484.01,7.69,7.13,-0.0,Holczer+2016_J/ApJS/225/9_table4
486.01,8.60,7.86,-0.0,Holczer+2016_J/ApJS/225/9_table4
487.01,13.32,11.73,-0.0,Holczer+2016_J/ApJS/225/9_table4
488.01,17.35,19.56,-0.0,Holczer+2016_J/ApJS/225/9_table4
490.01,15.03,15.24,-0.0,Holczer+2016_J/ApJS/225/9_table4
490.03,16.35,16.50,-0.0,Holczer+2016_J/ApJS/225/9_table4
490.04,22.22,15.37,-0.0,Holczer+2016_J/ApJS/225/9_table4
492.01,11.84,12.36,-0.0,Holczer+2016_J/ApJS/225/9_table4
494.01,11.91,7.04,-0.0,Holczer+2016_J/ApJS/225/9_table4
496.01,15.03,12.02,0.0,Holczer+2016_J/ApJS/225/9_table4
497.01,14.95,11.88,-0.0,Holczer+2016_J/ApJS/225/9_table4
499.01,15.43,10.76,-0.0,Holczer+2016_J/ApJS/225/9_table4
500.01,7.81,9.62,-0.0,Holczer+2016_J/ApJS/225/9_table4
500.02,6.69,10.43,-0.6,Holczer+2016_J/ApJS/225/9_table4
500.03,22.41,22.11,-0.0,Holczer+2016_J/ApJS/225/9_table4
500.04,20.63,25.69,-0.0,Holczer+2016_J/ApJS/225/9_table4
501.01,26.10,25.14,-0.0,Holczer+2016_J/ApJS/225/9_table4
503.01,8.73,8.74,-0.0,Holczer+2016_J/ApJS/225/9_table4
504.01,14.72,11.87,-0.0,Holczer+2016_J/ApJS/225/9_table4
505.01,10.62,12.38,-0.0,Holczer+2016_J/ApJS/225/9_table4
505.02,26.31,23.47,-0.0,Holczer+2016_J/ApJS/225/9_table4
505.04,24.02,16.78,-0.0,Holczer+2016_J/ApJS/225/9_table4
505.05,7.34,7.90,-0.0,Holczer+2016_J/ApJS/225/9_table4
507.01,6.39,7.28,-0.0,Holczer+2016_J/ApJS/225/9_table4
508.01,8.71,8.52,-0.0,Holczer+2016_J/ApJS/225/9_table4
508.02,9.51,9.68,-0.0,Holczer+2016_J/ApJS/225/9_table4
509.01,11.92,11.32,0.0,Holczer+2016_J/ApJS/225/9_table4
509.02,9.86,8.12,-0.0,Holczer+2016_J/ApJS/225/9_table4
509.03,18.55,141.32,-16.,Holczer+2016_J/ApJS/225/9_table4
510.01,19.74,16.16,0.0,Holczer+2016_J/ApJS/225/9_table4
510.02,16.22,20.15,-0.0,Holczer+2016_J/ApJS/225/9_table4
510.03,26.38,36.08,-0.1,Holczer+2016_J/ApJS/225/9_table4
510.04,20.39,12.23,-0.0,Holczer+2016_J/ApJS/225/9_table4
511.01,8.02,9.19,-0.0,Holczer+2016_J/ApJS/225/9_table4
512.01,17.50,15.37,-0.0,Holczer+2016_J/ApJS/225/9_table4
513.01,10.79,14.10,-0.1,Holczer+2016_J/ApJS/225/9_table4
517.01,6.27,5.71,0.0,Holczer+2016_J/ApJS/225/9_table4
518.01,6.01,7.03,-0.0,Holczer+2016_J/ApJS/225/9_table4
518.02,9.42,7.11,-0.0,Holczer+2016_J/ApJS/225/9_table4
519.01,20.64,19.29,-0.0,Holczer+2016_J/ApJS/225/9_table4
519.02,16.99,23.63,-0.2,Holczer+2016_J/ApJS/225/9_table4
520.01,9.44,19.40,-6.8,Holczer+2016_J/ApJS/225/9_table4
520.02,27.40,33.95,-0.0,Holczer+2016_J/ApJS/225/9_table4
520.03,10.61,21.22,-2.9,Holczer+2016_J/ApJS/225/9_table4
521.01,5.98,5.00,-0.0,Holczer+2016_J/ApJS/225/9_table4
523.01,3.64,9.07,-5.7,Holczer+2016_J/ApJS/225/9_table4
523.02,20.57,33.89,-0.8,Holczer+2016_J/ApJS/225/9_table4
524.01,8.85,16.72,-9.6,Holczer+2016_J/ApJS/225/9_table4
525.01,8.20,41.57,-16.,Holczer+2016_J/ApJS/225/9_table4
526.01,6.32,5.83,0.0,Holczer+2016_J/ApJS/225/9_table4
528.01,10.71,9.74,-0.0,Holczer+2016_J/ApJS/225/9_table4
528.02,9.18,15.15,-0.6,Holczer+2016_J/ApJS/225/9_table4
528.03,9.53,10.04,-0.0,Holczer+2016_J/ApJS/225/9_table4
530.01,18.26,16.51,-0.0,Holczer+2016_J/ApJS/225/9_table4
531.01,1.19,1.16,0.0,Holczer+2016_J/ApJS/225/9_table4
532.01,11.21,11.85,-0.0,Holczer+2016_J/ApJS/225/9_table4
533.01,15.33,10.85,-0.0,Holczer+2016_J/ApJS/225/9_table4
534.01,10.63,11.89,-0.0,Holczer+2016_J/ApJS/225/9_table4
534.02,24.08,18.15,0.0,Holczer+2016_J/ApJS/225/9_table4
535.01,6.79,7.22,-0.0,Holczer+2016_J/ApJS/225/9_table4
536.01,6.68,7.91,-0.1,Holczer+2016_J/ApJS/225/9_table4
537.01,18.41,15.02,0.0,Holczer+2016_J/ApJS/225/9_table4
538.01,11.72,14.83,-0.0,Holczer+2016_J/ApJS/225/9_table4
541.01,12.85,11.03,-0.0,Holczer+2016_J/ApJS/225/9_table4
542.01,13.79,16.24,-0.0,Holczer+2016_J/ApJS/225/9_table4
542.02,36.38,39.68,-0.0,Holczer+2016_J/ApJS/225/9_table4
543.01,12.50,10.09,0.0,Holczer+2016_J/ApJS/225/9_table4
546.01,13.91,10.84,-0.0,Holczer+2016_J/ApJS/225/9_table4
546.02,25.92,20.18,-0.0,Holczer+2016_J/ApJS/225/9_table4
547.01,4.52,7.26,-0.8,Holczer+2016_J/ApJS/225/9_table4
548.01,10.68,9.35,-0.0,Holczer+2016_J/ApJS/225/9_table4
550.01,10.80,10.57,-0.0,Holczer+2016_J/ApJS/225/9_table4
551.01,16.43,14.73,-0.0,Holczer+2016_J/ApJS/225/9_table4
551.02,19.31,16.66,-0.0,Holczer+2016_J/ApJS/225/9_table4
555.02,13.37,13.47,-0.0,Holczer+2016_J/ApJS/225/9_table4
557.01,11.14,12.63,-0.0,Holczer+2016_J/ApJS/225/9_table4
558.01,9.38,9.81,-0.0,Holczer+2016_J/ApJS/225/9_table4
560.01,10.00,10.53,-0.0,Holczer+2016_J/ApJS/225/9_table4
561.01,12.44,13.27,-0.0,Holczer+2016_J/ApJS/225/9_table4
563.01,23.66,34.22,-0.2,Holczer+2016_J/ApJS/225/9_table4
564.01,15.18,645.91,-16.,Holczer+2016_J/ApJS/225/9_table4
564.02,2.88,35.90,-16.,Holczer+2016_J/ApJS/225/9_table4
566.01,13.26,7.85,-0.0,Holczer+2016_J/ApJS/225/9_table4
567.01,8.96,8.99,-0.0,Holczer+2016_J/ApJS/225/9_table4
567.02,14.79,12.39,-0.0,Holczer+2016_J/ApJS/225/9_table4
567.03,10.96,11.61,-0.0,Holczer+2016_J/ApJS/225/9_table4
568.01,19.15,15.67,0.0,Holczer+2016_J/ApJS/225/9_table4
569.01,12.40,14.84,-0.0,Holczer+2016_J/ApJS/225/9_table4
571.01,12.50,10.62,-0.0,Holczer+2016_J/ApJS/225/9_table4
571.02,11.01,11.88,-0.0,Holczer+2016_J/ApJS/225/9_table4
571.03,17.28,14.04,0.0,Holczer+2016_J/ApJS/225/9_table4
571.04,13.17,8.92,-0.0,Holczer+2016_J/ApJS/225/9_table4
572.01,17.64,18.14,-0.0,Holczer+2016_J/ApJS/225/9_table4
573.01,14.50,11.42,0.0,Holczer+2016_J/ApJS/225/9_table4
574.01,8.05,8.02,-0.0,Holczer+2016_J/ApJS/225/9_table4
575.01,13.25,11.50,-0.0,Holczer+2016_J/ApJS/225/9_table4
577.01,17.02,11.51,-0.0,Holczer+2016_J/ApJS/225/9_table4
578.01,6.80,6.39,-0.0,Holczer+2016_J/ApJS/225/9_table4
579.01,19.25,16.19,0.0,Holczer+2016_J/ApJS/225/9_table4
579.02,19.13,14.39,0.0,Holczer+2016_J/ApJS/225/9_table4
580.01,11.28,10.80,-0.0,Holczer+2016_J/ApJS/225/9_table4
581.01,6.20,7.09,-0.0,Holczer+2016_J/ApJS/225/9_table4
581.02,15.04,27.56,-0.8,Holczer+2016_J/ApJS/225/9_table4
582.01,10.14,9.80,-0.0,Holczer+2016_J/ApJS/225/9_table4
582.02,16.35,18.67,-0.0,Holczer+2016_J/ApJS/225/9_table4
582.03,29.20,27.68,-0.0,Holczer+2016_J/ApJS/225/9_table4
583.01,30.48,27.97,0.0,Holczer+2016_J/ApJS/225/9_table4
584.01,7.95,9.00,-0.0,Holczer+2016_J/ApJS/225/9_table4
584.02,11.73,10.22,-0.0,Holczer+2016_J/ApJS/225/9_table4
585.01,11.53,12.99,-0.0,Holczer+2016_J/ApJS/225/9_table4
586.01,19.64,14.33,-0.0,Holczer+2016_J/ApJS/225/9_table4
587.01,9.13,13.21,-0.2,Holczer+2016_J/ApJS/225/9_table4
588.01,11.61,14.33,-0.0,Holczer+2016_J/ApJS/225/9_table4
590.01,17.08,19.99,-0.0,Holczer+2016_J/ApJS/225/9_table4
590.02,11.38,12.71,-0.0,Holczer+2016_J/ApJS/225/9_table4
592.01,15.18,28.73,-1.9,Holczer+2016_J/ApJS/225/9_table4
593.01,13.49,13.63,-0.0,Holczer+2016_J/ApJS/225/9_table4
593.02,8.99,24.84,-3.9,Holczer+2016_J/ApJS/225/9_table4
593.03,34.65,22.15,-0.0,Holczer+2016_J/ApJS/225/9_table4
596.01,11.32,9.83,0.0,Holczer+2016_J/ApJS/225/9_table4
597.01,20.21,20.13,-0.0,Holczer+2016_J/ApJS/225/9_table4
597.03,20.35,7.29,-0.0,Holczer+2016_J/ApJS/225/9_table4
598.01,11.03,13.12,-0.0,Holczer+2016_J/ApJS/225/9_table4
598.02,25.98,15.65,-0.0,Holczer+2016_J/ApJS/225/9_table4
599.01,15.71,19.49,-0.0,Holczer+2016_J/ApJS/225/9_table4
600.01,19.42,23.18,-0.0,Holczer+2016_J/ApJS/225/9_table4
601.01,9.43,8.38,0.0,Holczer+2016_J/ApJS/225/9_table4
601.02,5.31,5.40,-0.0,Holczer+2016_J/ApJS/225/9_table4
602.01,21.20,17.70,-0.0,Holczer+2016_J/ApJS/225/9_table4
605.01,9.46,8.91,0.0,Holczer+2016_J/ApJS/225/9_table4
610.01,7.78,11.43,-0.3,Holczer+2016_J/ApJS/225/9_table4
611.01,1.12,1.27,-0.0,Holczer+2016_J/ApJS/225/9_table4
612.01,8.28,12.67,-0.4,Holczer+2016_J/ApJS/225/9_table4
612.02,7.49,7.51,-0.0,Holczer+2016_J/ApJS/225/9_table4
614.01,1.74,2.23,-0.0,Holczer+2016_J/ApJS/225/9_table4
617.01,1.26,1.30,-0.0,Holczer+2016_J/ApJS/225/9_table4
618.01,9.57,10.22,-0.0,Holczer+2016_J/ApJS/225/9_table4
620.01,1.50,5.65,-16.,Holczer+2016_J/ApJS/225/9_table4
620.02,0.95,12.08,-16.,Holczer+2016_J/ApJS/225/9_table4
620.03,5.94,13.39,-2.3,Holczer+2016_J/ApJS/225/9_table4
622.01,4.39,6.09,-0.3,Holczer+2016_J/ApJS/225/9_table4
623.01,17.72,13.49,-0.0,Holczer+2016_J/ApJS/225/9_table4
623.02,20.50,15.16,-0.0,Holczer+2016_J/ApJS/225/9_table4
623.03,22.53,19.41,-0.0,Holczer+2016_J/ApJS/225/9_table4
623.04,34.90,51.14,-0.3,Holczer+2016_J/ApJS/225/9_table4
624.01,6.41,4.99,-0.0,Holczer+2016_J/ApJS/225/9_table4
624.02,7.34,8.27,-0.0,Holczer+2016_J/ApJS/225/9_table4
624.03,19.68,16.86,0.0,Holczer+2016_J/ApJS/225/9_table4
625.01,4.94,4.51,-0.0,Holczer+2016_J/ApJS/225/9_table4
626.01,12.99,13.41,-0.0,Holczer+2016_J/ApJS/225/9_table4
627.01,10.17,10.47,-0.0,Holczer+2016_J/ApJS/225/9_table4
628.01,9.56,12.52,-0.0,Holczer+2016_J/ApJS/225/9_table4
629.01,16.09,19.78,-0.0,Holczer+2016_J/ApJS/225/9_table4
632.01,14.40,13.31,-0.0,Holczer+2016_J/ApJS/225/9_table4
635.01,5.58,9.52,-1.4,Holczer+2016_J/ApJS/225/9_table4
638.01,4.62,84.73,-16.,Holczer+2016_J/ApJS/225/9_table4
638.02,4.36,4.54,-0.0,Holczer+2016_J/ApJS/225/9_table4
639.01,11.68,11.43,-0.0,Holczer+2016_J/ApJS/225/9_table4
640.01,5.60,7.53,-0.1,Holczer+2016_J/ApJS/225/9_table4
641.01,5.92,6.58,-0.0,Holczer+2016_J/ApJS/225/9_table4
645.01,24.77,23.26,-0.0,Holczer+2016_J/ApJS/225/9_table4
645.02,20.11,20.96,-0.0,Holczer+2016_J/ApJS/225/9_table4
647.01,19.67,23.79,-0.0,Holczer+2016_J/ApJS/225/9_table4
649.01,13.40,14.23,-0.0,Holczer+2016_J/ApJS/225/9_table4
650.01,4.37,5.54,-0.0,Holczer+2016_J/ApJS/225/9_table4
652.01,1.44,1.69,-0.0,Holczer+2016_J/ApJS/225/9_table4
654.01,19.14,25.64,-0.0,Holczer+2016_J/ApJS/225/9_table4
655.01,8.94,8.41,-0.0,Holczer+2016_J/ApJS/225/9_table4
655.02,12.25,13.46,-0.1,Holczer+2016_J/ApJS/225/9_table4
657.01,11.68,11.18,-0.0,Holczer+2016_J/ApJS/225/9_table4
657.02,7.90,9.10,-0.0,Holczer+2016_J/ApJS/225/9_table4
658.01,10.11,8.15,0.0,Holczer+2016_J/ApJS/225/9_table4
658.02,11.51,9.57,0.0,Holczer+2016_J/ApJS/225/9_table4
658.03,35.84,52.25,-0.3,Holczer+2016_J/ApJS/225/9_table4
659.01,11.67,10.25,-0.0,Holczer+2016_J/ApJS/225/9_table4
660.01,20.02,26.02,-0.0,Holczer+2016_J/ApJS/225/9_table4
661.01,16.67,13.59,-0.0,Holczer+2016_J/ApJS/225/9_table4
661.02,50.47,56.25,-0.0,Holczer+2016_J/ApJS/225/9_table4
662.01,15.79,16.23,-0.0,Holczer+2016_J/ApJS/225/9_table4
663.01,7.64,7.72,0.0,Holczer+2016_J/ApJS/225/9_table4
663.02,6.27,10.76,-1.1,Holczer+2016_J/ApJS/225/9_table4
664.01,19.02,15.26,-0.0,Holczer+2016_J/ApJS/225/9_table4
664.03,47.48,62.81,-0.1,Holczer+2016_J/ApJS/225/9_table4
665.01,8.87,9.55,-0.0,Holczer+2016_J/ApJS/225/9_table4
666.01,6.82,8.76,-0.0,Holczer+2016_J/ApJS/225/9_table4
670.01,17.46,17.55,-0.0,Holczer+2016_J/ApJS/225/9_table4
671.01,26.00,29.29,-0.0,Holczer+2016_J/ApJS/225/9_table4
671.02,36.84,43.57,-0.0,Holczer+2016_J/ApJS/225/9_table4
671.03,32.73,31.04,-0.0,Holczer+2016_J/ApJS/225/9_table4
672.01,9.27,8.07,-0.0,Holczer+2016_J/ApJS/225/9_table4
672.02,5.63,13.25,-5.1,Holczer+2016_J/ApJS/225/9_table4
673.01,13.05,10.68,0.0,Holczer+2016_J/ApJS/225/9_table4
674.01,3.90,3.89,-0.0,Holczer+2016_J/ApJS/225/9_table4
676.01,1.61,2.09,-0.0,Holczer+2016_J/ApJS/225/9_table4
676.02,2.66,2.93,0.0,Holczer+2016_J/ApJS/225/9_table4
678.01,15.63,13.57,-0.0,Holczer+2016_J/ApJS/225/9_table4
678.02,16.76,12.76,0.0,Holczer+2016_J/ApJS/225/9_table4
679.01,12.04,17.29,-0.2,Holczer+2016_J/ApJS/225/9_table4
680.01,1.26,1.07,-0.0,Holczer+2016_J/ApJS/225/9_table4
684.01,7.21,7.38,-0.0,Holczer+2016_J/ApJS/225/9_table4
685.01,15.98,16.32,0.0,Holczer+2016_J/ApJS/225/9_table4
686.01,0.28,0.23,-0.0,Holczer+2016_J/ApJS/225/9_table4
688.01,17.30,18.60,-0.0,Holczer+2016_J/ApJS/225/9_table4
689.01,9.76,13.95,-0.2,Holczer+2016_J/ApJS/225/9_table4
691.01,8.48,4.85,-0.0,Holczer+2016_J/ApJS/225/9_table4
691.02,47.28,57.08,-0.0,Holczer+2016_J/ApJS/225/9_table4
693.01,30.82,30.83,-0.0,Holczer+2016_J/ApJS/225/9_table4
693.02,13.92,17.48,-0.0,Holczer+2016_J/ApJS/225/9_table4
694.01,5.95,8.24,-0.1,Holczer+2016_J/ApJS/225/9_table4
695.01,6.32,7.78,-0.0,Holczer+2016_J/ApJS/225/9_table4
697.01,9.39,9.08,-0.0,Holczer+2016_J/ApJS/225/9_table4
698.01,0.81,0.81,-0.0,Holczer+2016_J/ApJS/225/9_table4
700.01,6.32,7.75,-0.0,Holczer+2016_J/ApJS/225/9_table4
700.02,18.06,16.55,-0.0,Holczer+2016_J/ApJS/225/9_table4
700.03,25.11,22.83,-0.0,Holczer+2016_J/ApJS/225/9_table4
700.04,21.21,7.65,-0.0,Holczer+2016_J/ApJS/225/9_table4
701.01,4.88,5.32,-0.0,Holczer+2016_J/ApJS/225/9_table4
701.02,10.21,9.45,-0.0,Holczer+2016_J/ApJS/225/9_table4
701.03,8.42,6.63,-0.0,Holczer+2016_J/ApJS/225/9_table4
704.01,6.91,5.26,-0.0,Holczer+2016_J/ApJS/225/9_table4
707.01,8.36,10.45,-0.0,Holczer+2016_J/ApJS/225/9_table4
707.02,14.90,18.65,-0.1,Holczer+2016_J/ApJS/225/9_table4
707.03,17.47,22.58,-0.1,Holczer+2016_J/ApJS/225/9_table4
707.04,24.00,18.57,-0.0,Holczer+2016_J/ApJS/225/9_table4
708.01,10.48,11.22,-0.0,Holczer+2016_J/ApJS/225/9_table4
708.02,18.73,18.83,-0.0,Holczer+2016_J/ApJS/225/9_table4
709.01,9.08,17.87,-3.6,Holczer+2016_J/ApJS/225/9_table4
710.01,22.98,17.38,0.0,Holczer+2016_J/ApJS/225/9_table4
710.02,28.23,36.08,-0.0,Holczer+2016_J/ApJS/225/9_table4
711.01,6.84,6.62,-0.0,Holczer+2016_J/ApJS/225/9_table4
711.02,25.21,24.09,-0.0,Holczer+2016_J/ApJS/225/9_table4
711.03,9.29,11.52,-0.1,Holczer+2016_J/ApJS/225/9_table4
714.01,4.17,4.81,-0.0,Holczer+2016_J/ApJS/225/9_table4
716.01,2.26,1.65,-0.0,Holczer+2016_J/ApJS/225/9_table4
717.01,15.85,13.71,-0.0,Holczer+2016_J/ApJS/225/9_table4
718.01,12.80,11.88,0.0,Holczer+2016_J/ApJS/225/9_table4
718.02,10.55,9.72,-0.0,Holczer+2016_J/ApJS/225/9_table4
718.03,20.62,12.30,-0.0,Holczer+2016_J/ApJS/225/9_table4
719.01,4.57,3.39,0.0,Holczer+2016_J/ApJS/225/9_table4
719.02,11.73,13.03,-0.0,Holczer+2016_J/ApJS/225/9_table4
719.03,12.39,13.80,-0.0,Holczer+2016_J/ApJS/225/9_table4
719.04,18.27,15.96,0.0,Holczer+2016_J/ApJS/225/9_table4
720.01,4.04,4.23,-0.0,Holczer+2016_J/ApJS/225/9_table4
720.02,5.03,4.86,-0.0,Holczer+2016_J/ApJS/225/9_table4
720.03,6.09,9.00,-0.3,Holczer+2016_J/ApJS/225/9_table4
720.04,15.60,12.69,0.0,Holczer+2016_J/ApJS/225/9_table4
721.01,20.10,24.65,-0.0,Holczer+2016_J/ApJS/225/9_table4
722.01,10.36,9.90,-0.0,Holczer+2016_J/ApJS/225/9_table4
723.01,7.38,6.81,0.0,Holczer+2016_J/ApJS/225/9_table4
723.02,6.06,8.09,-0.1,Holczer+2016_J/ApJS/225/9_table4
723.03,4.88,4.60,-0.0,Holczer+2016_J/ApJS/225/9_table4
728.01,1.58,1.49,-0.0,Holczer+2016_J/ApJS/225/9_table4
730.01,27.31,57.02,-3.5,Holczer+2016_J/ApJS/225/9_table4
730.02,61.86,80.19,-0.1,Holczer+2016_J/ApJS/225/9_table4
730.03,33.06,93.11,-13.0,Holczer+2016_J/ApJS/225/9_table4
732.01,10.18,9.44,0.0,Holczer+2016_J/ApJS/225/9_table4
733.01,10.26,8.13,0.0,Holczer+2016_J/ApJS/225/9_table4
733.02,11.63,8.33,-0.0,Holczer+2016_J/ApJS/225/9_table4
733.04,15.97,20.01,-0.0,Holczer+2016_J/ApJS/225/9_table4
734.01,13.56,19.00,-0.2,Holczer+2016_J/ApJS/225/9_table4
734.02,16.83,34.46,-1.7,Holczer+2016_J/ApJS/225/9_table4
735.01,11.13,14.19,-0.1,Holczer+2016_J/ApJS/225/9_table4
736.01,11.98,15.14,-0.0,Holczer+2016_J/ApJS/225/9_table4
738.01,15.86,40.01,-16.,Holczer+2016_J/ApJS/225/9_table4
738.02,16.06,66.90,-16.,Holczer+2016_J/ApJS/225/9_table4
739.01,18.35,14.45,0.0,Holczer+2016_J/ApJS/225/9_table4
740.01,15.52,9.22,-0.0,Holczer+2016_J/ApJS/225/9_table4
746.01,9.45,15.06,-1.0,Holczer+2016_J/ApJS/225/9_table4
747.01,7.55,7.79,-0.0,Holczer+2016_J/ApJS/225/9_table4
749.01,14.95,12.97,0.0,Holczer+2016_J/ApJS/225/9_table4
750.01,12.66,12.84,-0.0,Holczer+2016_J/ApJS/225/9_table4
751.01,21.48,26.09,-0.0,Holczer+2016_J/ApJS/225/9_table4
752.01,20.26,19.19,-0.0,Holczer+2016_J/ApJS/225/9_table4
752.02,12.97,9.23,-0.0,Holczer+2016_J/ApJS/225/9_table4
753.01,1.41,1.70,-0.0,Holczer+2016_J/ApJS/225/9_table4
755.01,20.22,16.47,0.0,Holczer+2016_J/ApJS/225/9_table4
756.01,12.92,10.88,-0.0,Holczer+2016_J/ApJS/225/9_table4
756.02,25.74,25.43,-0.0,Holczer+2016_J/ApJS/225/9_table4
757.01,3.09,4.24,-0.1,Holczer+2016_J/ApJS/225/9_table4
757.02,9.22,34.26,-16.,Holczer+2016_J/ApJS/225/9_table4
757.03,15.61,15.35,-0.0,Holczer+2016_J/ApJS/225/9_table4
758.01,15.16,12.19,-0.0,Holczer+2016_J/ApJS/225/9_table4
759.01,5.79,67.80,-16.,Holczer+2016_J/ApJS/225/9_table4
759.02,26.95,35.06,-0.2,Holczer+2016_J/ApJS/225/9_table4
760.01,1.03,1.23,-0.0,Holczer+2016_J/ApJS/225/9_table4
762.01,33.05,31.42,-0.0,Holczer+2016_J/ApJS/225/9_table4
763.01,1.26,1.66,-0.1,Holczer+2016_J/ApJS/225/9_table4
764.01,6.47,7.08,-0.0,Holczer+2016_J/ApJS/225/9_table4
765.01,12.21,10.64,-0.0,Holczer+2016_J/ApJS/225/9_table4
766.01,8.17,8.67,-0.0,Holczer+2016_J/ApJS/225/9_table4
767.01,0.64,0.70,-0.0,Holczer+2016_J/ApJS/225/9_table4
769.01,15.85,13.54,0.0,Holczer+2016_J/ApJS/225/9_table4
772.01,5.41,3.65,-0.0,Holczer+2016_J/ApJS/225/9_table4
773.01,13.08,13.32,-0.0,Holczer+2016_J/ApJS/225/9_table4
775.01,12.02,11.11,-0.0,Holczer+2016_J/ApJS/225/9_table4
775.02,10.37,16.24,-0.7,Holczer+2016_J/ApJS/225/9_table4
775.03,11.53,9.95,-0.0,Holczer+2016_J/ApJS/225/9_table4
776.01,2.60,3.12,-0.0,Holczer+2016_J/ApJS/225/9_table4
777.01,3.13,7.53,-6.2,Holczer+2016_J/ApJS/225/9_table4
778.01,17.23,12.01,0.0,Holczer+2016_J/ApJS/225/9_table4
780.01,12.67,12.12,0.0,Holczer+2016_J/ApJS/225/9_table4
781.01,7.87,7.66,-0.0,Holczer+2016_J/ApJS/225/9_table4
782.01,4.66,4.22,0.0,Holczer+2016_J/ApJS/225/9_table4
783.01,4.75,6.30,-0.0,Holczer+2016_J/ApJS/225/9_table4
784.01,11.70,20.88,-1.7,Holczer+2016_J/ApJS/225/9_table4
784.02,15.57,12.92,-0.0,Holczer+2016_J/ApJS/225/9_table4
785.01,18.76,18.91,-0.0,Holczer+2016_J/ApJS/225/9_table4
787.01,14.35,13.68,0.0,Holczer+2016_J/ApJS/225/9_table4
787.02,13.01,16.85,-0.0,Holczer+2016_J/ApJS/225/9_table4
788.01,9.55,10.46,-0.0,Holczer+2016_J/ApJS/225/9_table4
790.01,13.41,9.43,0.0,Holczer+2016_J/ApJS/225/9_table4
790.02,17.14,18.57,-0.0,Holczer+2016_J/ApJS/225/9_table4
791.01,2.79,3.27,-0.0,Holczer+2016_J/ApJS/225/9_table4
795.01,12.75,12.32,-0.0,Holczer+2016_J/ApJS/225/9_table4
797.01,3.78,3.67,-0.0,Holczer+2016_J/ApJS/225/9_table4
800.01,20.78,16.67,0.0,Holczer+2016_J/ApJS/225/9_table4
800.02,20.66,11.97,0.0,Holczer+2016_J/ApJS/225/9_table4
801.01,1.38,1.44,0.0,Holczer+2016_J/ApJS/225/9_table4
802.01,0.75,1.00,-0.1,Holczer+2016_J/ApJS/225/9_table4
804.01,13.29,13.74,-0.0,Holczer+2016_J/ApJS/225/9_table4
805.01,1.31,1.25,-0.0,Holczer+2016_J/ApJS/225/9_table4
806.01,2.19,80.56,-16.,Holczer+2016_J/ApJS/225/9_table4
806.02,0.94,19.61,-16.,Holczer+2016_J/ApJS/225/9_table4
806.03,11.16,1152.26,-16.,Holczer+2016_J/ApJS/225/9_table4
809.01,1.02,1.00,0.0,Holczer+2016_J/ApJS/225/9_table4
810.01,11.40,10.10,0.0,Holczer+2016_J/ApJS/225/9_table4
811.01,6.81,5.41,-0.0,Holczer+2016_J/ApJS/225/9_table4
812.01,12.72,10.90,0.0,Holczer+2016_J/ApJS/225/9_table4
812.02,17.33,10.60,-0.0,Holczer+2016_J/ApJS/225/9_table4
812.03,16.90,25.92,-0.4,Holczer+2016_J/ApJS/225/9_table4
813.01,2.01,2.12,-0.0,Holczer+2016_J/ApJS/225/9_table4
814.01,20.94,14.32,-0.0,Holczer+2016_J/ApJS/225/9_table4
815.01,3.78,5.71,-0.4,Holczer+2016_J/ApJS/225/9_table4
816.01,6.69,7.60,-0.0,Holczer+2016_J/ApJS/225/9_table4
817.01,16.39,12.63,-0.0,Holczer+2016_J/ApJS/225/9_table4
818.01,10.48,9.82,-0.0,Holczer+2016_J/ApJS/225/9_table4
821.01,15.08,10.95,-0.0,Holczer+2016_J/ApJS/225/9_table4
824.01,2.22,6.68,-16.,Holczer+2016_J/ApJS/225/9_table4
825.01,17.11,16.47,-0.0,Holczer+2016_J/ApJS/225/9_table4
826.01,10.56,12.12,-0.0,Holczer+2016_J/ApJS/225/9_table4
829.01,16.35,16.02,-0.0,Holczer+2016_J/ApJS/225/9_table4
829.02,31.89,33.76,-0.0,Holczer+2016_J/ApJS/225/9_table4
829.03,12.98,25.27,-2.1,Holczer+2016_J/ApJS/225/9_table4
830.01,0.43,0.45,0.0,Holczer+2016_J/ApJS/225/9_table4
833.01,5.47,5.83,-0.0,Holczer+2016_J/ApJS/225/9_table4
834.01,3.47,5.37,-0.5,Holczer+2016_J/ApJS/225/9_table4
834.02,30.47,28.71,-0.0,Holczer+2016_J/ApJS/225/9_table4
834.03,41.62,42.63,-0.0,Holczer+2016_J/ApJS/225/9_table4
834.05,36.24,15.52,-0.0,Holczer+2016_J/ApJS/225/9_table4
835.01,10.14,8.93,-0.0,Holczer+2016_J/ApJS/225/9_table4
835.02,14.37,10.92,-0.0,Holczer+2016_J/ApJS/225/9_table4
837.01,17.44,17.47,-0.0,Holczer+2016_J/ApJS/225/9_table4
841.01,5.75,13.04,-10.3,Holczer+2016_J/ApJS/225/9_table4
841.02,3.62,12.45,-16.,Holczer+2016_J/ApJS/225/9_table4
841.03,20.85,25.47,-0.0,Holczer+2016_J/ApJS/225/9_table4
842.01,13.99,10.78,-0.0,Holczer+2016_J/ApJS/225/9_table4
842.02,8.91,8.32,-0.0,Holczer+2016_J/ApJS/225/9_table4
843.01,3.77,4.08,-0.0,Holczer+2016_J/ApJS/225/9_table4
844.01,8.16,8.29,-0.0,Holczer+2016_J/ApJS/225/9_table4
845.01,11.98,10.71,-0.0,Holczer+2016_J/ApJS/225/9_table4
846.01,0.71,0.71,-0.0,Holczer+2016_J/ApJS/225/9_table4
847.01,4.02,2.08,-0.0,Holczer+2016_J/ApJS/225/9_table4
849.01,14.59,12.44,-0.0,Holczer+2016_J/ApJS/225/9_table4
850.01,0.98,1.44,-0.2,Holczer+2016_J/ApJS/225/9_table4
851.01,3.40,3.31,0.0,Holczer+2016_J/ApJS/225/9_table4
852.01,27.05,26.57,-0.0,Holczer+2016_J/ApJS/225/9_table4
853.01,13.00,11.04,-0.0,Holczer+2016_J/ApJS/225/9_table4
853.02,20.81,18.13,-0.0,Holczer+2016_J/ApJS/225/9_table4
854.01,10.99,8.19,-0.0,Holczer+2016_J/ApJS/225/9_table4
855.01,0.49,0.39,-0.0,Holczer+2016_J/ApJS/225/9_table4
856.01,1.31,1.08,-0.0,Holczer+2016_J/ApJS/225/9_table4
857.01,10.67,9.87,-0.0,Holczer+2016_J/ApJS/225/9_table4
857.02,21.78,13.36,-0.0,Holczer+2016_J/ApJS/225/9_table4
858.01,2.03,1.95,-0.0,Holczer+2016_J/ApJS/225/9_table4
863.01,15.08,12.64,0.0,Holczer+2016_J/ApJS/225/9_table4
864.01,11.21,9.99,0.0,Holczer+2016_J/ApJS/225/9_table4
864.02,19.60,21.89,-0.0,Holczer+2016_J/ApJS/225/9_table4
864.03,22.55,21.88,-0.0,Holczer+2016_J/ApJS/225/9_table4
867.01,9.04,9.62,-0.0,Holczer+2016_J/ApJS/225/9_table4
869.01,13.43,10.62,0.0,Holczer+2016_J/ApJS/225/9_table4
869.02,13.33,47.47,-16.,Holczer+2016_J/ApJS/225/9_table4
869.03,18.20,15.95,-0.0,Holczer+2016_J/ApJS/225/9_table4
870.01,9.16,10.77,-0.0,Holczer+2016_J/ApJS/225/9_table4
870.02,11.79,16.80,-0.1,Holczer+2016_J/ApJS/225/9_table4
871.01,0.28,0.40,-0.2,Holczer+2016_J/ApJS/225/9_table4
872.01,1.82,40.23,-16.,Holczer+2016_J/ApJS/225/9_table4
873.01,22.75,21.14,-0.0,Holczer+2016_J/ApJS/225/9_table4
874.01,11.32,10.67,0.0,Holczer+2016_J/ApJS/225/9_table4
874.02,33.72,41.33,-0.0,Holczer+2016_J/ApJS/225/9_table4
875.01,6.45,5.33,0.0,Holczer+2016_J/ApJS/225/9_table4
877.01,6.62,6.88,-0.0,Holczer+2016_J/ApJS/225/9_table4
877.02,8.59,12.55,-0.3,Holczer+2016_J/ApJS/225/9_table4
877.03,27.98,21.86,-0.0,Holczer+2016_J/ApJS/225/9_table4
878.01,13.08,14.57,-0.0,Holczer+2016_J/ApJS/225/9_table4
880.01,7.12,20.15,-16.0,Holczer+2016_J/ApJS/225/9_table4
880.02,3.02,62.69,-16.,Holczer+2016_J/ApJS/225/9_table4
880.03,15.01,14.32,-0.0,Holczer+2016_J/ApJS/225/9_table4
881.01,9.67,9.78,-0.0,Holczer+2016_J/ApJS/225/9_table4
883.01,0.40,0.67,-4.4,Holczer+2016_J/ApJS/225/9_table4
884.01,3.32,3.85,-0.0,Holczer+2016_J/ApJS/225/9_table4
884.02,3.57,133.42,-16.,Holczer+2016_J/ApJS/225/9_table4
884.03,24.39,26.21,-0.0,Holczer+2016_J/ApJS/225/9_table4
886.01,12.53,53.04,-16.,Holczer+2016_J/ApJS/225/9_table4
886.02,19.90,100.60,-16.,Holczer+2016_J/ApJS/225/9_table4
886.03,33.87,24.18,-0.0,Holczer+2016_J/ApJS/225/9_table4
887.01,14.07,12.01,-0.0,Holczer+2016_J/ApJS/225/9_table4
889.01,0.99,1.30,-0.0,Holczer+2016_J/ApJS/225/9_table4
890.01,2.00,2.07,-0.0,Holczer+2016_J/ApJS/225/9_table4
891.01,13.99,12.83,-0.0,Holczer+2016_J/ApJS/225/9_table4
892.01,9.80,10.57,-0.0,Holczer+2016_J/ApJS/225/9_table4
893.01,26.76,31.53,-0.0,Holczer+2016_J/ApJS/225/9_table4
895.01,0.96,1.38,-0.1,Holczer+2016_J/ApJS/225/9_table4
896.01,5.39,6.12,-0.0,Holczer+2016_J/ApJS/225/9_table4
896.02,8.58,9.10,-0.0,Holczer+2016_J/ApJS/225/9_table4
897.01,0.90,0.98,0.0,Holczer+2016_J/ApJS/225/9_table4
898.01,9.70,10.60,-0.0,Holczer+2016_J/ApJS/225/9_table4
898.02,17.37,15.92,-0.0,Holczer+2016_J/ApJS/225/9_table4
898.03,15.00,18.37,-0.0,Holczer+2016_J/ApJS/225/9_table4
899.01,15.04,14.47,-0.0,Holczer+2016_J/ApJS/225/9_table4
899.02,21.78,13.97,0.0,Holczer+2016_J/ApJS/225/9_table4
899.03,14.22,15.36,-0.0,Holczer+2016_J/ApJS/225/9_table4
900.01,11.32,8.62,-0.0,Holczer+2016_J/ApJS/225/9_table4
901.01,2.02,1.77,-0.0,Holczer+2016_J/ApJS/225/9_table4
902.01,2.30,65.19,-16.,Holczer+2016_J/ApJS/225/9_table4
904.02,11.54,182.44,-16.,Holczer+2016_J/ApJS/225/9_table4
904.03,17.13,183.06,-16.,Holczer+2016_J/ApJS/225/9_table4
906.01,16.09,11.56,0.0,Holczer+2016_J/ApJS/225/9_table4
906.02,18.55,18.42,-0.0,Holczer+2016_J/ApJS/225/9_table4
907.01,11.68,11.79,-0.0,Holczer+2016_J/ApJS/225/9_table4
907.02,12.08,9.77,-0.0,Holczer+2016_J/ApJS/225/9_table4
907.04,13.22,9.91,-0.0,Holczer+2016_J/ApJS/225/9_table4
908.01,1.47,1.61,-0.0,Holczer+2016_J/ApJS/225/9_table4
910.01,11.02,9.71,0.0,Holczer+2016_J/ApJS/225/9_table4
911.01,22.94,22.18,-0.0,Holczer+2016_J/ApJS/225/9_table4
911.02,33.57,14.11,-0.0,Holczer+2016_J/ApJS/225/9_table4
912.01,5.74,5.93,-0.0,Holczer+2016_J/ApJS/225/9_table4
912.02,28.54,25.53,-0.0,Holczer+2016_J/ApJS/225/9_table4
914.01,22.72,25.82,-0.0,Holczer+2016_J/ApJS/225/9_table4
916.01,6.09,5.67,0.0,Holczer+2016_J/ApJS/225/9_table4
918.01,0.75,6.54,-16.,Holczer+2016_J/ApJS/225/9_table4
920.01,9.56,8.80,-0.0,Holczer+2016_J/ApJS/225/9_table4
921.01,13.56,12.47,-0.0,Holczer+2016_J/ApJS/225/9_table4
921.02,8.73,10.30,-0.0,Holczer+2016_J/ApJS/225/9_table4
922.01,16.43,19.21,-0.0,Holczer+2016_J/ApJS/225/9_table4
923.01,11.51,8.92,0.0,Holczer+2016_J/ApJS/225/9_table4
924.01,13.48,8.24,-0.0,Holczer+2016_J/ApJS/225/9_table4
926.01,8.89,8.59,0.0,Holczer+2016_J/ApJS/225/9_table4
928.01,13.76,32.75,-16.,Holczer+2016_J/ApJS/225/9_table4
929.01,1.90,2.44,-0.0,Holczer+2016_J/ApJS/225/9_table4
931.01,0.71,0.77,-0.0,Holczer+2016_J/ApJS/225/9_table4
934.01,10.37,8.46,0.0,Holczer+2016_J/ApJS/225/9_table4
934.02,33.20,29.66,-0.0,Holczer+2016_J/ApJS/225/9_table4
934.03,21.02,31.69,-0.4,Holczer+2016_J/ApJS/225/9_table4
935.01,5.60,17.34,-16.,Holczer+2016_J/ApJS/225/9_table4
935.02,6.83,17.00,-5.7,Holczer+2016_J/ApJS/225/9_table4
935.03,13.70,15.00,-0.1,Holczer+2016_J/ApJS/225/9_table4
936.01,4.96,5.12,-0.0,Holczer+2016_J/ApJS/225/9_table4
936.02,13.86,10.93,0.0,Holczer+2016_J/ApJS/225/9_table4
937.01,12.83,15.37,-0.0,Holczer+2016_J/ApJS/225/9_table4
938.01,13.05,14.19,-0.0,Holczer+2016_J/ApJS/225/9_table4
939.04,27.30,29.46,-0.0,Holczer+2016_J/ApJS/225/9_table4
940.01,3.30,3.87,-0.0,Holczer+2016_J/ApJS/225/9_table4
941.01,5.89,6.35,-0.0,Holczer+2016_J/ApJS/225/9_table4
941.02,18.82,12.69,0.0,Holczer+2016_J/ApJS/225/9_table4
941.03,5.64,5.27,-0.0,Holczer+2016_J/ApJS/225/9_table4
942.01,8.97,6.50,-0.0,Holczer+2016_J/ApJS/225/9_table4
943.01,17.67,14.32,0.0,Holczer+2016_J/ApJS/225/9_table4
945.01,26.87,17.39,-0.0,Holczer+2016_J/ApJS/225/9_table4
945.02,18.88,12.90,-0.0,Holczer+2016_J/ApJS/225/9_table4
947.01,8.06,8.16,-0.0,Holczer+2016_J/ApJS/225/9_table4
948.01,17.74,11.75,-0.0,Holczer+2016_J/ApJS/225/9_table4
949.01,10.89,9.48,-0.0,Holczer+2016_J/ApJS/225/9_table4
951.01,4.58,5.17,-0.0,Holczer+2016_J/ApJS/225/9_table4
951.02,12.03,10.45,-0.0,Holczer+2016_J/ApJS/225/9_table4
952.01,10.93,12.43,-0.0,Holczer+2016_J/ApJS/225/9_table4
952.02,13.57,17.82,-0.0,Holczer+2016_J/ApJS/225/9_table4
952.03,7.99,7.67,-0.0,Holczer+2016_J/ApJS/225/9_table4
953.01,6.56,6.33,0.0,Holczer+2016_J/ApJS/225/9_table4
954.01,12.38,11.29,-0.0,Holczer+2016_J/ApJS/225/9_table4
954.02,13.40,19.78,-0.3,Holczer+2016_J/ApJS/225/9_table4
955.01,17.84,14.68,0.0,Holczer+2016_J/ApJS/225/9_table4
956.01,5.25,5.56,-0.0,Holczer+2016_J/ApJS/225/9_table4
972.01,20.46,21.86,-0.0,Holczer+2016_J/ApJS/225/9_table4
974.01,8.07,5.16,-0.0,Holczer+2016_J/ApJS/225/9_table4
975.01,17.72,14.64,0.0,Holczer+2016_J/ApJS/225/9_table4
984.01,1.99,103.99,-16.,Holczer+2016_J/ApJS/225/9_table4
986.01,13.06,13.11,-0.0,Holczer+2016_J/ApJS/225/9_table4
986.02,30.61,80.51,-3.8,Holczer+2016_J/ApJS/225/9_table4
987.01,10.33,8.00,0.0,Holczer+2016_J/ApJS/225/9_table4
988.01,7.45,7.30,-0.0,Holczer+2016_J/ApJS/225/9_table4
988.02,8.60,7.41,-0.0,Holczer+2016_J/ApJS/225/9_table4
991.01,14.27,13.91,-0.0,Holczer+2016_J/ApJS/225/9_table4
992.01,39.86,45.39,-0.0,Holczer+2016_J/ApJS/225/9_table4
993.01,24.43,24.79,-0.0,Holczer+2016_J/ApJS/225/9_table4
993.02,51.29,30.78,-0.0,Holczer+2016_J/ApJS/225/9_table4
998.01,0.34,0.41,-0.1,Holczer+2016_J/ApJS/225/9_table4
999.01,17.48,15.87,-0.0,Holczer+2016_J/ApJS/225/9_table4
999.02,22.82,24.09,-0.0,Holczer+2016_J/ApJS/225/9_table4
1001.01,25.31,25.35,-0.0,Holczer+2016_J/ApJS/225/9_table4
1001.02,27.95,20.47,-0.0,Holczer+2016_J/ApJS/225/9_table4
1005.01,4.56,3.30,-0.0,Holczer+2016_J/ApJS/225/9_table4
1014.01,15.70,10.64,-0.0,Holczer+2016_J/ApJS/225/9_table4
1015.01,12.82,12.65,-0.0,Holczer+2016_J/ApJS/225/9_table4
1017.01,12.29,10.10,-0.0,Holczer+2016_J/ApJS/225/9_table4
1022.01,23.39,22.00,-0.0,Holczer+2016_J/ApJS/225/9_table4
1024.01,13.09,11.46,-0.0,Holczer+2016_J/ApJS/225/9_table4
1029.01,17.79,20.21,-0.0,Holczer+2016_J/ApJS/225/9_table4
1050.01,16.65,14.65,0.0,Holczer+2016_J/ApJS/225/9_table4
1050.02,23.87,18.38,0.0,Holczer+2016_J/ApJS/225/9_table4
1051.01,32.72,26.44,-0.0,Holczer+2016_J/ApJS/225/9_table4
1052.01,23.46,18.36,-0.0,Holczer+2016_J/ApJS/225/9_table4
1052.03,21.20,32.70,-0.4,Holczer+2016_J/ApJS/225/9_table4
1052.04,19.80,14.91,-0.0,Holczer+2016_J/ApJS/225/9_table4
1060.01,28.55,41.10,-0.2,Holczer+2016_J/ApJS/225/9_table4
1060.03,35.13,37.63,-0.0,Holczer+2016_J/ApJS/225/9_table4
1061.01,27.35,51.41,-1.7,Holczer+2016_J/ApJS/225/9_table4
1066.01,1.27,1.36,-0.0,Holczer+2016_J/ApJS/225/9_table4
1067.01,0.22,0.16,-0.0,Holczer+2016_J/ApJS/225/9_table4
1069.01,8.87,10.56,-0.0,Holczer+2016_J/ApJS/225/9_table4
1070.01,25.01,28.23,-0.0,Holczer+2016_J/ApJS/225/9_table4
1070.02,12.73,38.91,-5.2,Holczer+2016_J/ApJS/225/9_table4
1072.01,18.68,18.84,-0.0,Holczer+2016_J/ApJS/225/9_table4
1074.01,1.04,1.32,-0.0,Holczer+2016_J/ApJS/225/9_table4
1078.01,15.59,13.84,0.0,Holczer+2016_J/ApJS/225/9_table4
1078.02,10.58,8.76,-0.0,Holczer+2016_J/ApJS/225/9_table4
1078.03,10.12,9.02,-0.0,Holczer+2016_J/ApJS/225/9_table4
1081.01,19.07,68.30,-16.,Holczer+2016_J/ApJS/225/9_table4
1086.01,16.75,13.61,-0.0,Holczer+2016_J/ApJS/225/9_table4
1089.01,1.81,2.52,-0.2,Holczer+2016_J/ApJS/225/9_table4
1089.02,5.01,4.64,-0.0,Holczer+2016_J/ApJS/225/9_table4
1094.01,26.04,25.59,-0.0,Holczer+2016_J/ApJS/225/9_table4
1095.01,2.43,2.53,-0.0,Holczer+2016_J/ApJS/225/9_table4
1099.01,3.07,2.61,-0.0,Holczer+2016_J/ApJS/225/9_table4
1101.02,20.35,21.54,-0.0,Holczer+2016_J/ApJS/225/9_table4
1102.01,30.89,65.31,-6.5,Holczer+2016_J/ApJS/225/9_table4
1102.02,24.60,37.41,-0.5,Holczer+2016_J/ApJS/225/9_table4
1102.03,22.74,25.25,-0.0,Holczer+2016_J/ApJS/225/9_table4
1103.01,6.81,65.41,-16.,Holczer+2016_J/ApJS/225/9_table4
1106.01,24.25,25.89,-0.0,Holczer+2016_J/ApJS/225/9_table4
1108.01,12.99,11.79,-0.0,Holczer+2016_J/ApJS/225/9_table4
1112.01,22.54,15.42,-0.0,Holczer+2016_J/ApJS/225/9_table4
1113.01,13.23,11.87,-0.0,Holczer+2016_J/ApJS/225/9_table4
1113.02,12.41,16.35,-0.2,Holczer+2016_J/ApJS/225/9_table4
1115.01,23.71,23.25,-0.0,Holczer+2016_J/ApJS/225/9_table4
1116.01,22.16,19.86,-0.0,Holczer+2016_J/ApJS/225/9_table4
1117.01,26.65,30.11,-0.0,Holczer+2016_J/ApJS/225/9_table4
1127.01,25.46,29.29,-0.0,Holczer+2016_J/ApJS/225/9_table4
1128.01,19.96,16.01,0.0,Holczer+2016_J/ApJS/225/9_table4
1145.01,13.26,312.34,-16.,Holczer+2016_J/ApJS/225/9_table4
1148.01,30.74,38.63,-0.0,Holczer+2016_J/ApJS/225/9_table4
1148.02,50.59,55.46,-0.0,Holczer+2016_J/ApJS/225/9_table4
1151.01,18.26,15.43,-0.0,Holczer+2016_J/ApJS/225/9_table4
1151.02,44.04,34.11,-0.0,Holczer+2016_J/ApJS/225/9_table4
1159.01,6.09,6.51,-0.0,Holczer+2016_J/ApJS/225/9_table4
1160.01,16.36,18.11,-0.0,Holczer+2016_J/ApJS/225/9_table4
1161.01,26.97,23.08,-0.0,Holczer+2016_J/ApJS/225/9_table4
1161.02,25.53,23.07,-0.0,Holczer+2016_J/ApJS/225/9_table4
1162.01,3.81,18.55,-12.9,Holczer+2016_J/ApJS/225/9_table4
1163.02,25.98,30.25,-0.0,Holczer+2016_J/ApJS/225/9_table4
1165.01,9.96,9.54,-0.0,Holczer+2016_J/ApJS/225/9_table4
1169.01,19.80,15.96,0.0,Holczer+2016_J/ApJS/225/9_table4
1170.01,12.81,11.05,-0.0,Holczer+2016_J/ApJS/225/9_table4
1175.01,35.76,40.24,-0.0,Holczer+2016_J/ApJS/225/9_table4
1175.02,47.27,100.92,-3.9,Holczer+2016_J/ApJS/225/9_table4
1176.01,0.63,0.72,-0.0,Holczer+2016_J/ApJS/225/9_table4
1191.01,17.54,21.10,-0.0,Holczer+2016_J/ApJS/225/9_table4
1193.01,2.40,1.68,-0.0,Holczer+2016_J/ApJS/225/9_table4
1194.01,18.99,14.21,-0.0,Holczer+2016_J/ApJS/225/9_table4
1194.02,36.87,31.14,-0.0,Holczer+2016_J/ApJS/225/9_table4
1196.03,30.13,67.46,-3.6,Holczer+2016_J/ApJS/225/9_table4
1198.01,29.12,34.59,-0.0,Holczer+2016_J/ApJS/225/9_table4
1198.03,29.59,66.19,-3.7,Holczer+2016_J/ApJS/225/9_table4
1199.01,15.88,13.73,-0.0,Holczer+2016_J/ApJS/225/9_table4
1203.01,19.31,34.18,-1.1,Holczer+2016_J/ApJS/225/9_table4
1203.02,31.93,29.37,-0.0,Holczer+2016_J/ApJS/225/9_table4
1203.03,26.92,54.99,-1.7,Holczer+2016_J/ApJS/225/9_table4
1204.01,44.11,82.19,-3.6,Holczer+2016_J/ApJS/225/9_table4
1205.01,23.16,15.87,-0.0,Holczer+2016_J/ApJS/225/9_table4
1207.01,17.24,14.52,-0.0,Holczer+2016_J/ApJS/225/9_table4
1210.01,28.25,37.28,-0.1,Holczer+2016_J/ApJS/225/9_table4
1215.01,23.83,26.86,-0.0,Holczer+2016_J/ApJS/225/9_table4
1215.02,23.42,27.07,-0.0,Holczer+2016_J/ApJS/225/9_table4
1216.01,23.07,21.21,-0.0,Holczer+2016_J/ApJS/225/9_table4
1218.01,16.41,14.96,-0.0,Holczer+2016_J/ApJS/225/9_table4
1221.01,30.95,29.81,-0.0,Holczer+2016_J/ApJS/225/9_table4
1221.02,61.54,137.14,-3.1,Holczer+2016_J/ApJS/225/9_table4
1226.01,0.26,0.46,-0.8,Holczer+2016_J/ApJS/225/9_table4
1230.01,1.66,2.43,-0.3,Holczer+2016_J/ApJS/225/9_table4
1236.01,9.06,73.64,-16.,Holczer+2016_J/ApJS/225/9_table4
1236.02,18.08,33.32,-2.8,Holczer+2016_J/ApJS/225/9_table4
1236.03,9.97,183.24,-16.,Holczer+2016_J/ApJS/225/9_table4
1238.01,16.32,13.68,-0.0,Holczer+2016_J/ApJS/225/9_table4
1240.01,26.72,21.81,0.0,Holczer+2016_J/ApJS/225/9_table4
1240.02,15.46,11.86,0.0,Holczer+2016_J/ApJS/225/9_table4
1241.01,25.49,48.76,-2.4,Holczer+2016_J/ApJS/225/9_table4
1241.02,69.95,154.44,-9.3,Holczer+2016_J/ApJS/225/9_table4
1242.01,1.99,3.19,-0.5,Holczer+2016_J/ApJS/225/9_table4
1245.01,20.90,17.71,-0.0,Holczer+2016_J/ApJS/225/9_table4
1246.01,20.44,16.81,-0.0,Holczer+2016_J/ApJS/225/9_table4
1257.01,1.18,1.15,-0.0,Holczer+2016_J/ApJS/225/9_table4
1258.01,7.33,19.19,-9.2,Holczer+2016_J/ApJS/225/9_table4
1258.02,29.51,35.37,-0.0,Holczer+2016_J/ApJS/225/9_table4
1258.03,9.75,11.85,-0.2,Holczer+2016_J/ApJS/225/9_table4
1261.01,2.89,3.17,-0.1,Holczer+2016_J/ApJS/225/9_table4
1261.02,29.49,26.48,-0.0,Holczer+2016_J/ApJS/225/9_table4
1264.01,15.56,19.78,-0.0,Holczer+2016_J/ApJS/225/9_table4
1266.01,12.68,10.59,-0.0,Holczer+2016_J/ApJS/225/9_table4
1270.01,9.16,9.18,-0.0,Holczer+2016_J/ApJS/225/9_table4
1270.02,14.77,27.09,-2.9,Holczer+2016_J/ApJS/225/9_table4
1271.01,1.22,95.76,-16.,Holczer+2016_J/ApJS/225/9_table4
1273.01,8.40,10.35,-0.0,Holczer+2016_J/ApJS/225/9_table4
1275.01,5.01,4.57,-0.0,Holczer+2016_J/ApJS/225/9_table4
1276.01,12.73,16.41,-0.0,Holczer+2016_J/ApJS/225/9_table4
1278.01,18.08,22.95,-0.0,Holczer+2016_J/ApJS/225/9_table4
1278.02,13.71,18.01,-0.1,Holczer+2016_J/ApJS/225/9_table4
1279.01,13.99,12.80,-0.0,Holczer+2016_J/ApJS/225/9_table4
1281.01,11.67,15.74,-0.2,Holczer+2016_J/ApJS/225/9_table4
1282.01,12.03,13.39,-0.0,Holczer+2016_J/ApJS/225/9_table4
1283.01,30.16,52.27,-2.3,Holczer+2016_J/ApJS/225/9_table4
1288.01,1.42,1.70,-0.1,Holczer+2016_J/ApJS/225/9_table4
1298.01,13.39,12.23,-0.0,Holczer+2016_J/ApJS/225/9_table4
1298.02,22.56,26.57,-0.1,Holczer+2016_J/ApJS/225/9_table4
1299.01,8.52,11.15,-0.1,Holczer+2016_J/ApJS/225/9_table4
1300.01,13.48,10.36,0.0,Holczer+2016_J/ApJS/225/9_table4
1301.01,21.32,19.35,-0.0,Holczer+2016_J/ApJS/225/9_table4
1301.02,18.85,26.19,-0.2,Holczer+2016_J/ApJS/225/9_table4
1302.01,10.32,21.15,-2.3,Holczer+2016_J/ApJS/225/9_table4
1303.01,27.23,23.46,-0.0,Holczer+2016_J/ApJS/225/9_table4
1306.04,41.08,20.17,-0.0,Holczer+2016_J/ApJS/225/9_table4
1307.01,10.08,11.41,-0.0,Holczer+2016_J/ApJS/225/9_table4
1307.02,15.09,12.69,-0.0,Holczer+2016_J/ApJS/225/9_table4
1308.01,13.58,10.77,-0.0,Holczer+2016_J/ApJS/225/9_table4
1309.01,17.60,16.90,-0.0,Holczer+2016_J/ApJS/225/9_table4
1310.01,16.49,15.10,-0.0,Holczer+2016_J/ApJS/225/9_table4
1311.01,7.46,2.00,-0.0,Holczer+2016_J/ApJS/225/9_table4
1314.01,40.12,76.59,-4.2,Holczer+2016_J/ApJS/225/9_table4
1315.01,20.33,17.94,-0.0,Holczer+2016_J/ApJS/225/9_table4
1316.01,44.96,53.03,-0.0,Holczer+2016_J/ApJS/225/9_table4
1320.01,1.57,2.28,-0.2,Holczer+2016_J/ApJS/225/9_table4
1323.01,2.64,2.62,-0.0,Holczer+2016_J/ApJS/225/9_table4
1325.01,4.53,3.48,-0.0,Holczer+2016_J/ApJS/225/9_table4
1328.01,3.76,2.57,-0.0,Holczer+2016_J/ApJS/225/9_table4
1329.01,14.16,12.95,-0.0,Holczer+2016_J/ApJS/225/9_table4
1331.01,18.55,15.07,-0.0,Holczer+2016_J/ApJS/225/9_table4
1332.01,17.77,15.07,-0.0,Holczer+2016_J/ApJS/225/9_table4
1332.03,19.29,46.30,-3.4,Holczer+2016_J/ApJS/225/9_table4
1335.01,4.11,4.34,-0.1,Holczer+2016_J/ApJS/225/9_table4
1336.01,25.18,26.11,-0.0,Holczer+2016_J/ApJS/225/9_table4
1336.02,27.84,40.71,-0.3,Holczer+2016_J/ApJS/225/9_table4
1336.03,24.10,23.96,-0.0,Holczer+2016_J/ApJS/225/9_table4
1338.02,38.46,46.03,-0.1,Holczer+2016_J/ApJS/225/9_table4
1342.02,19.64,24.52,-0.0,Holczer+2016_J/ApJS/225/9_table4
1353.01,0.64,4.97,-16.,Holczer+2016_J/ApJS/225/9_table4
1353.02,13.88,18.73,-0.1,Holczer+2016_J/ApJS/225/9_table4
1355.01,4.53,7.88,-1.0,Holczer+2016_J/ApJS/225/9_table4
1357.01,15.84,18.07,-0.0,Holczer+2016_J/ApJS/225/9_table4
1358.01,9.01,9.22,-0.0,Holczer+2016_J/ApJS/225/9_table4
1358.02,21.99,17.82,-0.0,Holczer+2016_J/ApJS/225/9_table4
1359.01,8.73,7.61,-0.0,Holczer+2016_J/ApJS/225/9_table4
1359.02,3.43,1.65,-0.0,Holczer+2016_J/ApJS/225/9_table4
1360.01,10.56,14.85,-0.2,Holczer+2016_J/ApJS/225/9_table4
1360.02,14.77,19.21,-0.0,Holczer+2016_J/ApJS/225/9_table4
1361.01,7.46,2.75,-0.0,Holczer+2016_J/ApJS/225/9_table4
1362.01,17.25,13.43,-0.0,Holczer+2016_J/ApJS/225/9_table4
1364.01,22.48,21.06,-0.0,Holczer+2016_J/ApJS/225/9_table4
1364.02,22.14,19.39,-0.0,Holczer+2016_J/ApJS/225/9_table4
1364.03,32.05,28.68,-0.0,Holczer+2016_J/ApJS/225/9_table4
1366.01,13.02,17.52,-0.1,Holczer+2016_J/ApJS/225/9_table4
1366.02,11.97,11.33,-0.0,Holczer+2016_J/ApJS/225/9_table4
1370.01,26.90,26.76,-0.0,Holczer+2016_J/ApJS/225/9_table4
1378.01,20.38,16.85,-0.0,Holczer+2016_J/ApJS/225/9_table4
1379.01,24.78,19.44,0.0,Holczer+2016_J/ApJS/225/9_table4
1387.01,0.21,0.23,-0.0,Holczer+2016_J/ApJS/225/9_table4
1391.01,0.85,0.99,-0.0,Holczer+2016_J/ApJS/225/9_table4
1393.01,10.90,9.62,0.0,Holczer+2016_J/ApJS/225/9_table4
1395.01,14.24,12.59,-0.0,Holczer+2016_J/ApJS/225/9_table4
1396.01,21.15,18.78,-0.0,Holczer+2016_J/ApJS/225/9_table4
1397.01,10.72,7.95,0.0,Holczer+2016_J/ApJS/225/9_table4
1398.01,18.34,17.74,-0.0,Holczer+2016_J/ApJS/225/9_table4
1399.01,20.51,16.28,-0.0,Holczer+2016_J/ApJS/225/9_table4
1402.01,29.64,42.98,-0.2,Holczer+2016_J/ApJS/225/9_table4
1403.01,15.58,15.55,-0.0,Holczer+2016_J/ApJS/225/9_table4
1404.01,25.76,22.14,-0.0,Holczer+2016_J/ApJS/225/9_table4
1405.01,34.02,35.21,-0.0,Holczer+2016_J/ApJS/225/9_table4
1406.01,16.35,12.17,-0.0,Holczer+2016_J/ApJS/225/9_table4
1408.01,17.20,18.54,-0.0,Holczer+2016_J/ApJS/225/9_table4
1409.01,14.42,10.35,-0.0,Holczer+2016_J/ApJS/225/9_table4
1410.01,17.29,20.50,-0.0,Holczer+2016_J/ApJS/225/9_table4
1412.01,17.16,16.62,-0.0,Holczer+2016_J/ApJS/225/9_table4
1413.01,44.43,55.76,-0.0,Holczer+2016_J/ApJS/225/9_table4
1413.02,36.01,47.41,-0.1,Holczer+2016_J/ApJS/225/9_table4
1413.03,30.29,33.21,-0.0,Holczer+2016_J/ApJS/225/9_table4
1420.01,5.00,5.39,-0.0,Holczer+2016_J/ApJS/225/9_table4
1422.01,13.71,11.38,-0.0,Holczer+2016_J/ApJS/225/9_table4
1422.02,10.73,12.64,-0.0,Holczer+2016_J/ApJS/225/9_table4
1422.04,26.23,11.08,-0.0,Holczer+2016_J/ApJS/225/9_table4
1422.05,27.42,28.91,-0.0,Holczer+2016_J/ApJS/225/9_table4
1423.01,4.64,4.46,-0.0,Holczer+2016_J/ApJS/225/9_table4
1424.01,21.71,17.48,0.0,Holczer+2016_J/ApJS/225/9_table4
1425.01,24.61,22.98,0.0,Holczer+2016_J/ApJS/225/9_table4
1426.01,8.22,27.26,-16.,Holczer+2016_J/ApJS/225/9_table4
1426.02,1.60,39.26,-16.,Holczer+2016_J/ApJS/225/9_table4
1426.03,2.38,20.45,-16.,Holczer+2016_J/ApJS/225/9_table4
1428.01,12.84,11.92,0.0,Holczer+2016_J/ApJS/225/9_table4
1430.01,13.76,10.73,-0.0,Holczer+2016_J/ApJS/225/9_table4
1430.02,13.91,17.42,-0.0,Holczer+2016_J/ApJS/225/9_table4
1430.03,9.79,6.73,-0.0,Holczer+2016_J/ApJS/225/9_table4
1432.01,30.71,33.85,-0.0,Holczer+2016_J/ApJS/225/9_table4
1432.04,49.29,73.56,-0.4,Holczer+2016_J/ApJS/225/9_table4
1433.01,23.68,12.36,-0.0,Holczer+2016_J/ApJS/225/9_table4
1435.01,14.50,14.13,-0.0,Holczer+2016_J/ApJS/225/9_table4
1435.02,18.05,16.20,-0.0,Holczer+2016_J/ApJS/225/9_table4
1436.02,20.35,16.07,-0.0,Holczer+2016_J/ApJS/225/9_table4
1438.01,28.51,34.57,-0.0,Holczer+2016_J/ApJS/225/9_table4
1442.01,23.78,17.86,0.0,Holczer+2016_J/ApJS/225/9_table4
1444.01,17.14,7.02,-0.0,Holczer+2016_J/ApJS/225/9_table4
1445.01,27.24,24.78,-0.0,Holczer+2016_J/ApJS/225/9_table4
1456.01,1.74,1.75,-0.0,Holczer+2016_J/ApJS/225/9_table4
1457.01,1.42,1.65,-0.0,Holczer+2016_J/ApJS/225/9_table4
1458.01,5.82,8.19,-0.1,Holczer+2016_J/ApJS/225/9_table4
1465.01,1.21,1.65,-0.1,Holczer+2016_J/ApJS/225/9_table4
1470.01,9.33,10.73,-0.0,Holczer+2016_J/ApJS/225/9_table4
1472.01,2.26,3.34,-0.3,Holczer+2016_J/ApJS/225/9_table4
1473.01,4.39,5.48,-0.0,Holczer+2016_J/ApJS/225/9_table4
1474.01,0.61,31.31,-16.,Holczer+2016_J/ApJS/225/9_table4
1475.02,17.93,23.33,-0.0,Holczer+2016_J/ApJS/225/9_table4
1476.01,10.61,29.83,-7.6,Holczer+2016_J/ApJS/225/9_table4
1478.01,1.20,10.71,-16.,Holczer+2016_J/ApJS/225/9_table4
1480.01,11.35,11.42,-0.0,Holczer+2016_J/ApJS/225/9_table4
1481.01,14.39,11.41,0.0,Holczer+2016_J/ApJS/225/9_table4
1484.01,23.35,16.17,0.0,Holczer+2016_J/ApJS/225/9_table4
1486.01,3.02,1.76,-0.0,Holczer+2016_J/ApJS/225/9_table4
1486.02,14.70,20.79,-0.2,Holczer+2016_J/ApJS/225/9_table4
1488.01,16.26,13.92,0.0,Holczer+2016_J/ApJS/225/9_table4
1489.01,18.41,15.54,-0.0,Holczer+2016_J/ApJS/225/9_table4
1491.01,21.67,17.03,0.0,Holczer+2016_J/ApJS/225/9_table4
1494.01,24.08,27.52,-0.0,Holczer+2016_J/ApJS/225/9_table4
1495.01,16.68,13.53,-0.0,Holczer+2016_J/ApJS/225/9_table4
1496.01,3.56,4.57,-0.1,Holczer+2016_J/ApJS/225/9_table4
1498.01,27.97,33.03,-0.0,Holczer+2016_J/ApJS/225/9_table4
1499.01,10.47,9.14,-0.0,Holczer+2016_J/ApJS/225/9_table4
1503.01,6.27,8.85,-0.3,Holczer+2016_J/ApJS/225/9_table4
1506.01,17.04,15.82,-0.0,Holczer+2016_J/ApJS/225/9_table4
1507.01,20.90,19.99,-0.0,Holczer+2016_J/ApJS/225/9_table4
1508.01,23.47,22.17,-0.0,Holczer+2016_J/ApJS/225/9_table4
1515.01,26.56,15.34,0.0,Holczer+2016_J/ApJS/225/9_table4
1515.02,16.81,10.72,0.0,Holczer+2016_J/ApJS/225/9_table4
1516.01,15.59,16.72,-0.0,Holczer+2016_J/ApJS/225/9_table4
1517.01,9.89,10.31,-0.0,Holczer+2016_J/ApJS/225/9_table4
1518.01,21.98,15.33,-0.0,Holczer+2016_J/ApJS/225/9_table4
1520.01,13.36,13.73,-0.0,Holczer+2016_J/ApJS/225/9_table4
1521.01,14.70,23.17,-0.6,Holczer+2016_J/ApJS/225/9_table4
1522.01,14.69,14.30,-0.0,Holczer+2016_J/ApJS/225/9_table4
1525.01,12.65,9.54,-0.0,Holczer+2016_J/ApJS/225/9_table4
1525.02,26.04,45.99,-1.7,Holczer+2016_J/ApJS/225/9_table4
1529.01,32.50,79.38,-10.9,Holczer+2016_J/ApJS/225/9_table4
1530.01,13.08,15.87,-0.0,Holczer+2016_J/ApJS/225/9_table4
1531.01,22.03,17.77,0.0,Holczer+2016_J/ApJS/225/9_table4
1532.01,13.04,13.81,-0.0,Holczer+2016_J/ApJS/225/9_table4
1533.01,28.78,34.29,-0.0,Holczer+2016_J/ApJS/225/9_table4
1534.01,17.98,26.50,-0.3,Holczer+2016_J/ApJS/225/9_table4
1535.01,9.25,11.90,-0.1,Holczer+2016_J/ApJS/225/9_table4
1537.01,45.90,65.07,-0.2,Holczer+2016_J/ApJS/225/9_table4
1546.01,0.62,1.80,-16.,Holczer+2016_J/ApJS/225/9_table4
1547.01,0.73,0.54,-0.0,Holczer+2016_J/ApJS/225/9_table4
1549.01,1.32,1.70,-0.1,Holczer+2016_J/ApJS/225/9_table4
1552.01,1.20,1.58,-0.2,Holczer+2016_J/ApJS/225/9_table4
1553.01,1.71,2.37,-0.2,Holczer+2016_J/ApJS/225/9_table4
1557.01,4.90,4.97,-0.0,Holczer+2016_J/ApJS/225/9_table4
1557.02,7.02,8.30,-0.0,Holczer+2016_J/ApJS/225/9_table4
1557.03,9.83,5.97,0.0,Holczer+2016_J/ApJS/225/9_table4
1558.01,1.34,1.57,-0.0,Holczer+2016_J/ApJS/225/9_table4
1561.01,7.17,7.63,-0.0,Holczer+2016_J/ApJS/225/9_table4
1563.01,15.39,13.52,-0.0,Holczer+2016_J/ApJS/225/9_table4
1563.02,21.52,26.27,-0.0,Holczer+2016_J/ApJS/225/9_table4
1563.04,24.90,15.01,-0.0,Holczer+2016_J/ApJS/225/9_table4
1564.01,3.14,2.85,-0.0,Holczer+2016_J/ApJS/225/9_table4
1567.01,15.24,13.41,-0.0,Holczer+2016_J/ApJS/225/9_table4
1567.03,18.87,19.63,-0.0,Holczer+2016_J/ApJS/225/9_table4
1567.04,17.00,10.10,-0.0,Holczer+2016_J/ApJS/225/9_table4
1569.01,13.84,16.74,-0.0,Holczer+2016_J/ApJS/225/9_table4
1570.01,14.74,13.25,-0.0,Holczer+2016_J/ApJS/225/9_table4
1572.01,14.89,11.68,-0.0,Holczer+2016_J/ApJS/225/9_table4
1573.01,3.83,53.09,-16.,Holczer+2016_J/ApJS/225/9_table4
1574.01,2.32,8.55,-8.8,Holczer+2016_J/ApJS/225/9_table4
1576.01,7.40,9.12,-0.0,Holczer+2016_J/ApJS/225/9_table4
1576.02,9.63,13.71,-0.2,Holczer+2016_J/ApJS/225/9_table4
1581.01,22.18,102.37,-16.,Holczer+2016_J/ApJS/225/9_table4
1581.02,19.71,31.53,-0.5,Holczer+2016_J/ApJS/225/9_table4
1582.01,3.76,69.20,-16.,Holczer+2016_J/ApJS/225/9_table4
1583.01,29.29,28.90,-0.0,Holczer+2016_J/ApJS/225/9_table4
1585.01,22.91,22.91,-0.0,Holczer+2016_J/ApJS/225/9_table4
1586.01,17.53,13.82,-0.0,Holczer+2016_J/ApJS/225/9_table4
1587.01,5.81,5.67,-0.0,Holczer+2016_J/ApJS/225/9_table4
1588.01,12.86,11.30,0.0,Holczer+2016_J/ApJS/225/9_table4
1589.01,23.62,24.27,-0.0,Holczer+2016_J/ApJS/225/9_table4
1589.02,29.42,39.23,-0.1,Holczer+2016_J/ApJS/225/9_table4
1589.03,26.61,13.94,-0.0,Holczer+2016_J/ApJS/225/9_table4
1589.05,30.67,24.42,-0.0,Holczer+2016_J/ApJS/225/9_table4
1590.01,25.10,24.11,-0.0,Holczer+2016_J/ApJS/225/9_table4
1591.01,15.39,22.36,-0.3,Holczer+2016_J/ApJS/225/9_table4
1593.02,32.66,28.99,-0.0,Holczer+2016_J/ApJS/225/9_table4
1595.01,14.02,10.77,-0.0,Holczer+2016_J/ApJS/225/9_table4
1596.02,12.40,20.41,-0.6,Holczer+2016_J/ApJS/225/9_table4
1597.01,10.16,11.33,-0.0,Holczer+2016_J/ApJS/225/9_table4
1598.01,6.70,9.54,-0.3,Holczer+2016_J/ApJS/225/9_table4
1598.02,17.17,13.18,-0.0,Holczer+2016_J/ApJS/225/9_table4
1599.01,32.81,99.71,-16.,Holczer+2016_J/ApJS/225/9_table4
1601.01,36.03,37.90,-0.0,Holczer+2016_J/ApJS/225/9_table4
1601.02,31.66,52.56,-0.6,Holczer+2016_J/ApJS/225/9_table4
1606.01,17.07,16.36,-0.0,Holczer+2016_J/ApJS/225/9_table4
1608.01,25.45,30.64,-0.0,Holczer+2016_J/ApJS/225/9_table4
1608.02,34.88,41.84,-0.0,Holczer+2016_J/ApJS/225/9_table4
1609.01,11.58,14.43,-0.1,Holczer+2016_J/ApJS/225/9_table4
1613.01,20.19,13.18,-0.0,Holczer+2016_J/ApJS/225/9_table4
1613.02,32.68,73.02,-1.8,Holczer+2016_J/ApJS/225/9_table4
1615.01,20.36,14.72,0.0,Holczer+2016_J/ApJS/225/9_table4
1616.01,14.85,15.30,-0.0,Holczer+2016_J/ApJS/225/9_table4
1619.01,16.56,17.55,-0.0,Holczer+2016_J/ApJS/225/9_table4
1621.01,14.14,11.54,-0.0,Holczer+2016_J/ApJS/225/9_table4
1622.01,11.08,22.94,-2.0,Holczer+2016_J/ApJS/225/9_table4
1626.01,28.50,34.14,-0.0,Holczer+2016_J/ApJS/225/9_table4
1627.01,17.91,16.43,-0.0,Holczer+2016_J/ApJS/225/9_table4
1628.01,7.85,8.74,-0.0,Holczer+2016_J/ApJS/225/9_table4
1633.01,28.36,32.05,-0.0,Holczer+2016_J/ApJS/225/9_table4
1643.01,32.22,35.77,-0.0,Holczer+2016_J/ApJS/225/9_table4
1645.01,0.83,1.00,-0.0,Holczer+2016_J/ApJS/225/9_table4
1647.01,25.47,22.14,-0.0,Holczer+2016_J/ApJS/225/9_table4
1647.02,56.28,77.39,-0.2,Holczer+2016_J/ApJS/225/9_table4
1648.01,18.58,19.91,-0.0,Holczer+2016_J/ApJS/225/9_table4
1650.01,20.66,16.35,-0.0,Holczer+2016_J/ApJS/225/9_table4
1650.02,9.93,10.99,-0.1,Holczer+2016_J/ApJS/225/9_table4
1651.01,21.36,18.95,-0.0,Holczer+2016_J/ApJS/225/9_table4
1656.01,32.46,27.56,-0.0,Holczer+2016_J/ApJS/225/9_table4
1659.01,25.31,35.56,-0.2,Holczer+2016_J/ApJS/225/9_table4
1660.01,35.92,33.42,-0.0,Holczer+2016_J/ApJS/225/9_table4
1669.01,14.33,13.00,-0.0,Holczer+2016_J/ApJS/225/9_table4
1672.01,17.27,22.63,-0.1,Holczer+2016_J/ApJS/225/9_table4
1675.01,14.92,19.74,-0.1,Holczer+2016_J/ApJS/225/9_table4
1677.01,10.58,8.93,-0.0,Holczer+2016_J/ApJS/225/9_table4
1681.01,27.60,31.27,-0.0,Holczer+2016_J/ApJS/225/9_table4
1683.01,28.46,28.05,-0.0,Holczer+2016_J/ApJS/225/9_table4
1684.01,1.86,1.90,-0.0,Holczer+2016_J/ApJS/225/9_table4
1685.01,7.83,12.76,-0.6,Holczer+2016_J/ApJS/225/9_table4
1687.01,26.89,24.20,-0.0,Holczer+2016_J/ApJS/225/9_table4
1691.01,2.66,2.27,-0.0,Holczer+2016_J/ApJS/225/9_table4
1692.01,3.07,3.32,-0.0,Holczer+2016_J/ApJS/225/9_table4
1693.01,9.93,9.08,0.0,Holczer+2016_J/ApJS/225/9_table4
1695.01,26.07,23.12,-0.0,Holczer+2016_J/ApJS/225/9_table4
1700.01,23.88,21.49,-0.0,Holczer+2016_J/ApJS/225/9_table4
1702.01,17.66,13.15,0.0,Holczer+2016_J/ApJS/225/9_table4
1704.01,11.79,10.35,-0.0,Holczer+2016_J/ApJS/225/9_table4
1705.01,28.89,41.57,-0.2,Holczer+2016_J/ApJS/225/9_table4
1706.01,21.89,16.34,0.0,Holczer+2016_J/ApJS/225/9_table4
1707.01,15.78,68.15,-16.,Holczer+2016_J/ApJS/225/9_table4
1708.01,24.27,12.90,-0.0,Holczer+2016_J/ApJS/225/9_table4
1710.01,18.05,13.21,-0.0,Holczer+2016_J/ApJS/225/9_table4
1711.01,15.52,14.75,-0.0,Holczer+2016_J/ApJS/225/9_table4
1713.01,20.20,20.10,-0.0,Holczer+2016_J/ApJS/225/9_table4
1715.01,14.61,14.37,-0.0,Holczer+2016_J/ApJS/225/9_table4
1716.01,24.57,30.79,-0.0,Holczer+2016_J/ApJS/225/9_table4
1718.01,15.60,15.25,-0.0,Holczer+2016_J/ApJS/225/9_table4
1720.01,12.14,39.03,-11.3,Holczer+2016_J/ApJS/225/9_table4
1721.01,21.77,26.44,-0.1,Holczer+2016_J/ApJS/225/9_table4
1722.01,56.49,54.35,-0.0,Holczer+2016_J/ApJS/225/9_table4
1723.01,13.31,8.28,-0.0,Holczer+2016_J/ApJS/225/9_table4
1724.01,20.97,16.16,-0.0,Holczer+2016_J/ApJS/225/9_table4
1726.01,5.37,6.82,-0.1,Holczer+2016_J/ApJS/225/9_table4
1727.01,6.13,9.20,-0.4,Holczer+2016_J/ApJS/225/9_table4
1732.01,19.07,20.48,-0.0,Holczer+2016_J/ApJS/225/9_table4
1733.01,23.88,13.54,-0.0,Holczer+2016_J/ApJS/225/9_table4
1736.01,26.69,22.76,-0.0,Holczer+2016_J/ApJS/225/9_table4
1738.01,22.50,21.68,-0.0,Holczer+2016_J/ApJS/225/9_table4
1747.01,10.35,13.26,-0.0,Holczer+2016_J/ApJS/225/9_table4
1749.01,22.27,22.16,-0.0,Holczer+2016_J/ApJS/225/9_table4
1750.01,44.90,42.60,-0.0,Holczer+2016_J/ApJS/225/9_table4
1751.01,7.80,6.18,-0.0,Holczer+2016_J/ApJS/225/9_table4
1751.02,8.18,55.44,-16.,Holczer+2016_J/ApJS/225/9_table4
1754.01,19.50,16.76,-0.0,Holczer+2016_J/ApJS/225/9_table4
1758.01,13.77,11.77,-0.0,Holczer+2016_J/ApJS/225/9_table4
1761.01,17.75,11.84,-0.0,Holczer+2016_J/ApJS/225/9_table4
1773.01,1.96,1.36,-0.0,Holczer+2016_J/ApJS/225/9_table4
1779.01,2.52,2.83,-0.0,Holczer+2016_J/ApJS/225/9_table4
1779.02,4.10,4.50,-0.0,Holczer+2016_J/ApJS/225/9_table4
1781.01,1.41,2.62,-3.6,Holczer+2016_J/ApJS/225/9_table4
1781.02,4.24,4.33,-0.0,Holczer+2016_J/ApJS/225/9_table4
1781.03,2.56,31.92,-16.,Holczer+2016_J/ApJS/225/9_table4
1783.01,1.62,6.20,-8.8,Holczer+2016_J/ApJS/225/9_table4
1788.01,1.23,0.87,-0.0,Holczer+2016_J/ApJS/225/9_table4
1790.01,2.81,15.37,-16.,Holczer+2016_J/ApJS/225/9_table4
1792.01,1.94,5.88,-7.1,Holczer+2016_J/ApJS/225/9_table4
1792.03,19.34,25.61,-0.0,Holczer+2016_J/ApJS/225/9_table4
1793.01,3.06,2.98,0.0,Holczer+2016_J/ApJS/225/9_table4
1797.01,3.76,3.88,-0.0,Holczer+2016_J/ApJS/225/9_table4
1800.01,0.71,0.56,-0.0,Holczer+2016_J/ApJS/225/9_table4
1801.01,5.97,5.55,-0.0,Holczer+2016_J/ApJS/225/9_table4
1802.01,5.72,8.11,-0.1,Holczer+2016_J/ApJS/225/9_table4
1803.01,6.37,4.74,0.0,Holczer+2016_J/ApJS/225/9_table4
1804.01,2.33,3.18,-0.0,Holczer+2016_J/ApJS/225/9_table4
1805.01,5.47,6.02,-0.0,Holczer+2016_J/ApJS/225/9_table4
1805.02,10.20,7.93,-0.0,Holczer+2016_J/ApJS/225/9_table4
1805.03,15.44,11.99,0.0,Holczer+2016_J/ApJS/225/9_table4
1806.02,30.27,23.75,-0.0,Holczer+2016_J/ApJS/225/9_table4
1808.01,2.57,3.72,-0.3,Holczer+2016_J/ApJS/225/9_table4
1809.01,6.78,6.68,-0.0,Holczer+2016_J/ApJS/225/9_table4
1809.02,12.30,11.24,0.0,Holczer+2016_J/ApJS/225/9_table4
1813.01,7.22,6.76,-0.0,Holczer+2016_J/ApJS/225/9_table4
1814.01,10.31,70.59,-16.,Holczer+2016_J/ApJS/225/9_table4
1815.01,6.54,6.34,0.0,Holczer+2016_J/ApJS/225/9_table4
1816.01,3.74,3.56,-0.0,Holczer+2016_J/ApJS/225/9_table4
1818.01,8.95,6.70,-0.0,Holczer+2016_J/ApJS/225/9_table4
1819.01,7.63,9.67,-0.0,Holczer+2016_J/ApJS/225/9_table4
1820.01,14.23,12.00,0.0,Holczer+2016_J/ApJS/225/9_table4
1821.01,10.05,9.95,-0.0,Holczer+2016_J/ApJS/225/9_table4
1822.01,3.86,12.01,-5.1,Holczer+2016_J/ApJS/225/9_table4
1824.01,18.37,15.89,0.0,Holczer+2016_J/ApJS/225/9_table4
1824.02,19.93,18.14,0.0,Holczer+2016_J/ApJS/225/9_table4
1825.01,8.56,7.79,-0.0,Holczer+2016_J/ApJS/225/9_table4
1826.01,6.47,3.27,-0.0,Holczer+2016_J/ApJS/225/9_table4
1828.01,7.85,6.61,-0.0,Holczer+2016_J/ApJS/225/9_table4
1829.01,5.49,9.92,-2.0,Holczer+2016_J/ApJS/225/9_table4
1830.01,8.99,11.10,-0.0,Holczer+2016_J/ApJS/225/9_table4
1830.02,6.41,5.13,-0.0,Holczer+2016_J/ApJS/225/9_table4
1831.01,7.76,40.36,-16.,Holczer+2016_J/ApJS/225/9_table4
1831.03,22.71,166.22,-16.,Holczer+2016_J/ApJS/225/9_table4
1831.04,21.14,16.25,-0.0,Holczer+2016_J/ApJS/225/9_table4
1832.01,12.26,10.94,0.0,Holczer+2016_J/ApJS/225/9_table4
1832.02,15.03,15.26,-0.0,Holczer+2016_J/ApJS/225/9_table4
1832.03,13.24,13.76,-0.0,Holczer+2016_J/ApJS/225/9_table4
1833.01,11.00,9.43,0.0,Holczer+2016_J/ApJS/225/9_table4
1833.02,6.50,6.75,-0.0,Holczer+2016_J/ApJS/225/9_table4
1833.03,14.79,15.05,-0.0,Holczer+2016_J/ApJS/225/9_table4
1835.01,17.72,12.93,0.0,Holczer+2016_J/ApJS/225/9_table4
1835.02,17.65,14.94,0.0,Holczer+2016_J/ApJS/225/9_table4
1835.03,21.47,15.58,-0.0,Holczer+2016_J/ApJS/225/9_table4
1837.01,7.68,6.21,-0.0,Holczer+2016_J/ApJS/225/9_table4
1838.01,8.65,9.54,-0.0,Holczer+2016_J/ApJS/225/9_table4
1839.01,9.83,11.20,-0.0,Holczer+2016_J/ApJS/225/9_table4
1840.01,12.18,20.73,-2.3,Holczer+2016_J/ApJS/225/9_table4
1841.01,5.97,8.95,-0.4,Holczer+2016_J/ApJS/225/9_table4
1842.01,9.79,9.69,-0.0,Holczer+2016_J/ApJS/225/9_table4
1843.01,12.70,10.61,0.0,Holczer+2016_J/ApJS/225/9_table4
1845.01,18.20,16.32,0.0,Holczer+2016_J/ApJS/225/9_table4
1845.02,10.77,7.29,0.0,Holczer+2016_J/ApJS/225/9_table4
1846.01,7.42,2.38,-0.0,Holczer+2016_J/ApJS/225/9_table4
1847.01,9.74,10.85,-0.0,Holczer+2016_J/ApJS/225/9_table4
1848.01,9.17,22.76,-5.8,Holczer+2016_J/ApJS/225/9_table4
1849.01,10.71,9.65,-0.0,Holczer+2016_J/ApJS/225/9_table4
1850.01,14.11,15.77,-0.0,Holczer+2016_J/ApJS/225/9_table4
1851.01,15.02,12.87,0.0,Holczer+2016_J/ApJS/225/9_table4
1852.01,12.97,13.23,-0.0,Holczer+2016_J/ApJS/225/9_table4
1853.01,9.82,11.93,-0.1,Holczer+2016_J/ApJS/225/9_table4
1854.01,9.09,18.90,-2.6,Holczer+2016_J/ApJS/225/9_table4
1856.01,10.75,66.35,-16.,Holczer+2016_J/ApJS/225/9_table4
1857.01,9.34,9.14,-0.0,Holczer+2016_J/ApJS/225/9_table4
1858.01,8.32,7.27,-0.0,Holczer+2016_J/ApJS/225/9_table4
1860.01,11.65,9.76,-0.0,Holczer+2016_J/ApJS/225/9_table4
1860.02,13.46,11.90,-0.0,Holczer+2016_J/ApJS/225/9_table4
1861.01,9.00,11.97,-0.1,Holczer+2016_J/ApJS/225/9_table4
1862.01,9.10,6.80,-0.0,Holczer+2016_J/ApJS/225/9_table4
1863.01,8.53,6.28,-0.0,Holczer+2016_J/ApJS/225/9_table4
1864.01,29.12,24.08,0.0,Holczer+2016_J/ApJS/225/9_table4
1866.01,8.52,6.81,-0.0,Holczer+2016_J/ApJS/225/9_table4
1867.01,19.94,16.51,0.0,Holczer+2016_J/ApJS/225/9_table4
1867.02,8.64,8.28,-0.0,Holczer+2016_J/ApJS/225/9_table4
1867.03,29.68,23.35,-0.0,Holczer+2016_J/ApJS/225/9_table4
1868.01,7.29,8.09,-0.0,Holczer+2016_J/ApJS/225/9_table4
1870.01,10.84,7.79,0.0,Holczer+2016_J/ApJS/225/9_table4
1871.01,9.07,17.57,-1.3,Holczer+2016_J/ApJS/225/9_table4
1871.02,13.82,21.44,-0.5,Holczer+2016_J/ApJS/225/9_table4
1872.01,8.87,6.48,-0.0,Holczer+2016_J/ApJS/225/9_table4
1873.01,8.78,16.15,-1.0,Holczer+2016_J/ApJS/225/9_table4
1873.02,38.70,56.36,-0.3,Holczer+2016_J/ApJS/225/9_table4
1874.01,13.43,12.44,-0.0,Holczer+2016_J/ApJS/225/9_table4
1875.01,18.31,12.77,-0.0,Holczer+2016_J/ApJS/225/9_table4
1876.01,6.29,19.26,-7.3,Holczer+2016_J/ApJS/225/9_table4
1877.01,10.14,11.58,-0.0,Holczer+2016_J/ApJS/225/9_table4
1878.01,7.14,7.94,-0.0,Holczer+2016_J/ApJS/225/9_table4
1879.01,6.81,5.20,-0.0,Holczer+2016_J/ApJS/225/9_table4
1880.01,10.85,8.82,0.0,Holczer+2016_J/ApJS/225/9_table4
1881.01,10.19,10.63,-0.0,Holczer+2016_J/ApJS/225/9_table4
1882.01,24.57,19.87,0.0,Holczer+2016_J/ApJS/225/9_table4
1883.01,25.81,24.75,0.0,Holczer+2016_J/ApJS/225/9_table4
1884.01,6.59,253.11,-16.,Holczer+2016_J/ApJS/225/9_table4
1885.01,17.80,18.33,-0.0,Holczer+2016_J/ApJS/225/9_table4
1886.01,14.53,11.56,0.0,Holczer+2016_J/ApJS/225/9_table4
1888.01,5.32,7.70,-0.3,Holczer+2016_J/ApJS/225/9_table4
1889.01,17.60,19.91,-0.0,Holczer+2016_J/ApJS/225/9_table4
1890.01,19.18,17.92,0.0,Holczer+2016_J/ApJS/225/9_table4
1891.01,18.58,15.43,-0.0,Holczer+2016_J/ApJS/225/9_table4
1892.01,14.36,12.95,-0.0,Holczer+2016_J/ApJS/225/9_table4
1893.01,23.86,17.89,0.0,Holczer+2016_J/ApJS/225/9_table4
1894.01,24.98,22.70,0.0,Holczer+2016_J/ApJS/225/9_table4
1895.01,14.04,13.26,-0.0,Holczer+2016_J/ApJS/225/9_table4
1895.02,14.14,11.33,-0.0,Holczer+2016_J/ApJS/225/9_table4
1895.03,17.55,26.87,-0.4,Holczer+2016_J/ApJS/225/9_table4
1897.01,9.78,7.43,-0.0,Holczer+2016_J/ApJS/225/9_table4
1898.01,16.58,13.94,-0.0,Holczer+2016_J/ApJS/225/9_table4
1899.01,16.18,17.79,-0.0,Holczer+2016_J/ApJS/225/9_table4
1900.01,18.94,15.10,0.0,Holczer+2016_J/ApJS/225/9_table4
1901.01,10.31,10.22,-0.0,Holczer+2016_J/ApJS/225/9_table4
1902.01,3.10,4.77,-0.4,Holczer+2016_J/ApJS/225/9_table4
1904.01,17.87,16.21,-0.0,Holczer+2016_J/ApJS/225/9_table4
1905.01,19.79,18.02,-0.0,Holczer+2016_J/ApJS/225/9_table4
1905.02,24.79,18.64,-0.0,Holczer+2016_J/ApJS/225/9_table4
1905.03,25.67,21.38,-0.0,Holczer+2016_J/ApJS/225/9_table4
1906.01,7.99,6.80,-0.0,Holczer+2016_J/ApJS/225/9_table4
1907.01,12.48,14.64,-0.0,Holczer+2016_J/ApJS/225/9_table4
1908.01,17.98,20.48,-0.0,Holczer+2016_J/ApJS/225/9_table4
1908.02,22.67,34.43,-0.4,Holczer+2016_J/ApJS/225/9_table4
1909.01,14.19,12.88,-0.0,Holczer+2016_J/ApJS/225/9_table4
1909.02,27.91,24.73,-0.0,Holczer+2016_J/ApJS/225/9_table4
1909.03,16.88,11.25,-0.0,Holczer+2016_J/ApJS/225/9_table4
1910.01,13.08,9.68,-0.0,Holczer+2016_J/ApJS/225/9_table4
1911.01,14.28,12.41,-0.0,Holczer+2016_J/ApJS/225/9_table4
1913.01,17.87,16.78,-0.0,Holczer+2016_J/ApJS/225/9_table4
1914.01,10.07,11.77,-0.0,Holczer+2016_J/ApJS/225/9_table4
1915.01,19.66,21.84,-0.0,Holczer+2016_J/ApJS/225/9_table4
1916.01,17.04,25.95,-0.4,Holczer+2016_J/ApJS/225/9_table4
1916.02,16.30,15.78,-0.0,Holczer+2016_J/ApJS/225/9_table4
1917.01,9.14,9.30,-0.0,Holczer+2016_J/ApJS/225/9_table4
1920.01,10.94,10.62,-0.0,Holczer+2016_J/ApJS/225/9_table4
1921.01,9.83,13.19,-0.1,Holczer+2016_J/ApJS/225/9_table4
1922.03,11.73,8.48,-0.0,Holczer+2016_J/ApJS/225/9_table4
1923.01,17.02,14.37,-0.0,Holczer+2016_J/ApJS/225/9_table4
1925.01,5.04,9.95,-1.5,Holczer+2016_J/ApJS/225/9_table4
1928.01,8.81,6.70,-0.0,Holczer+2016_J/ApJS/225/9_table4
1929.01,26.18,27.11,-0.0,Holczer+2016_J/ApJS/225/9_table4
1929.02,37.42,55.26,-0.3,Holczer+2016_J/ApJS/225/9_table4
1930.01,16.99,10.23,-0.0,Holczer+2016_J/ApJS/225/9_table4
1930.02,20.14,22.68,-0.0,Holczer+2016_J/ApJS/225/9_table4
1930.03,16.22,14.78,-0.0,Holczer+2016_J/ApJS/225/9_table4
1930.04,42.67,32.87,-0.0,Holczer+2016_J/ApJS/225/9_table4
1931.01,26.64,29.16,-0.0,Holczer+2016_J/ApJS/225/9_table4
1931.02,43.18,29.15,-0.0,Holczer+2016_J/ApJS/225/9_table4
1931.03,48.01,42.77,-0.0,Holczer+2016_J/ApJS/225/9_table4
1932.01,45.68,39.66,-0.0,Holczer+2016_J/ApJS/225/9_table4
1933.01,14.74,10.22,-0.0,Holczer+2016_J/ApJS/225/9_table4
1934.01,10.06,16.50,-0.8,Holczer+2016_J/ApJS/225/9_table4
1935.01,7.15,5.94,-0.0,Holczer+2016_J/ApJS/225/9_table4
1937.01,9.51,8.36,0.0,Holczer+2016_J/ApJS/225/9_table4
1938.01,6.23,5.75,-0.0,Holczer+2016_J/ApJS/225/9_table4
1939.01,12.52,11.07,-0.0,Holczer+2016_J/ApJS/225/9_table4
1940.01,11.96,10.17,-0.0,Holczer+2016_J/ApJS/225/9_table4
1942.01,17.18,21.85,-0.0,Holczer+2016_J/ApJS/225/9_table4
1944.01,15.48,17.52,-0.0,Holczer+2016_J/ApJS/225/9_table4
1945.01,9.22,11.03,-0.1,Holczer+2016_J/ApJS/225/9_table4
1946.01,12.83,13.37,-0.0,Holczer+2016_J/ApJS/225/9_table4
1950.01,13.89,12.23,-0.0,Holczer+2016_J/ApJS/225/9_table4
1951.01,16.56,12.29,-0.0,Holczer+2016_J/ApJS/225/9_table4
1952.01,28.25,23.13,-0.0,Holczer+2016_J/ApJS/225/9_table4
1952.02,32.09,27.74,-0.0,Holczer+2016_J/ApJS/225/9_table4
1952.04,23.60,32.07,-0.2,Holczer+2016_J/ApJS/225/9_table4
1955.01,14.58,17.75,-0.0,Holczer+2016_J/ApJS/225/9_table4
1955.02,20.75,31.40,-0.4,Holczer+2016_J/ApJS/225/9_table4
1955.04,19.28,20.25,-0.0,Holczer+2016_J/ApJS/225/9_table4
1958.01,13.02,14.04,-0.0,Holczer+2016_J/ApJS/225/9_table4
1959.01,7.68,4.84,-0.0,Holczer+2016_J/ApJS/225/9_table4
1960.01,27.79,23.43,-0.0,Holczer+2016_J/ApJS/225/9_table4
1960.02,28.58,18.69,-0.0,Holczer+2016_J/ApJS/225/9_table4
1961.01,23.90,19.97,0.0,Holczer+2016_J/ApJS/225/9_table4
1962.01,9.73,6.47,-0.0,Holczer+2016_J/ApJS/225/9_table4
1963.01,13.29,10.61,-0.0,Holczer+2016_J/ApJS/225/9_table4
1964.01,23.02,20.47,0.0,Holczer+2016_J/ApJS/225/9_table4
1967.01,22.56,18.91,0.0,Holczer+2016_J/ApJS/225/9_table4
1968.01,16.13,18.01,-0.0,Holczer+2016_J/ApJS/225/9_table4
1969.01,19.33,23.92,-0.0,Holczer+2016_J/ApJS/225/9_table4
1970.01,15.96,13.01,-0.0,Holczer+2016_J/ApJS/225/9_table4
1970.02,17.99,19.72,-0.1,Holczer+2016_J/ApJS/225/9_table4
1971.01,18.77,27.08,-0.2,Holczer+2016_J/ApJS/225/9_table4
1972.01,11.97,12.33,-0.0,Holczer+2016_J/ApJS/225/9_table4
1973.01,20.22,20.69,-0.0,Holczer+2016_J/ApJS/225/9_table4
1974.01,7.55,6.56,-0.0,Holczer+2016_J/ApJS/225/9_table4
1975.01,23.41,21.85,-0.0,Holczer+2016_J/ApJS/225/9_table4
1976.01,16.54,14.64,-0.0,Holczer+2016_J/ApJS/225/9_table4
1977.01,11.41,11.41,-0.0,Holczer+2016_J/ApJS/225/9_table4
1978.01,14.50,12.87,-0.0,Holczer+2016_J/ApJS/225/9_table4
1978.02,11.98,9.29,-0.0,Holczer+2016_J/ApJS/225/9_table4
1979.01,19.89,14.80,0.0,Holczer+2016_J/ApJS/225/9_table4
1980.01,10.19,18.23,-0.9,Holczer+2016_J/ApJS/225/9_table4
1982.01,20.51,16.20,0.0,Holczer+2016_J/ApJS/225/9_table4
1984.01,13.60,16.80,-0.0,Holczer+2016_J/ApJS/225/9_table4
1985.01,8.12,8.05,-0.0,Holczer+2016_J/ApJS/225/9_table4
1986.01,8.66,9.64,-0.1,Holczer+2016_J/ApJS/225/9_table4
1990.01,20.91,25.67,-0.0,Holczer+2016_J/ApJS/225/9_table4
1992.01,26.17,28.49,-0.0,Holczer+2016_J/ApJS/225/9_table4
1992.02,53.68,40.61,-0.0,Holczer+2016_J/ApJS/225/9_table4
1995.01,5.59,8.19,-0.3,Holczer+2016_J/ApJS/225/9_table4
1996.01,17.37,20.03,-0.0,Holczer+2016_J/ApJS/225/9_table4
1997.01,14.45,13.91,-0.0,Holczer+2016_J/ApJS/225/9_table4
1998.01,19.81,24.00,-0.0,Holczer+2016_J/ApJS/225/9_table4
2000.01,11.98,11.63,-0.0,Holczer+2016_J/ApJS/225/9_table4
2001.01,21.02,23.26,-0.0,Holczer+2016_J/ApJS/225/9_table4
2002.01,14.88,15.68,-0.0,Holczer+2016_J/ApJS/225/9_table4
2004.01,19.32,13.29,-0.0,Holczer+2016_J/ApJS/225/9_table4
2005.01,24.17,23.16,-0.0,Holczer+2016_J/ApJS/225/9_table4
2006.01,20.65,19.73,-0.0,Holczer+2016_J/ApJS/225/9_table4
2007.02,18.51,23.10,-0.0,Holczer+2016_J/ApJS/225/9_table4
2009.01,11.66,5.31,-0.0,Holczer+2016_J/ApJS/225/9_table4
2010.01,11.65,12.48,-0.0,Holczer+2016_J/ApJS/225/9_table4
2011.01,20.46,19.90,-0.0,Holczer+2016_J/ApJS/225/9_table4
2011.02,53.32,42.57,-0.0,Holczer+2016_J/ApJS/225/9_table4
2012.01,14.93,13.04,-0.0,Holczer+2016_J/ApJS/225/9_table4
2013.01,19.11,16.11,0.0,Holczer+2016_J/ApJS/225/9_table4
2016.01,22.08,20.69,-0.0,Holczer+2016_J/ApJS/225/9_table4
2017.01,24.06,17.49,0.0,Holczer+2016_J/ApJS/225/9_table4
2018.01,19.91,25.40,-0.1,Holczer+2016_J/ApJS/225/9_table4
2019.01,17.15,17.75,-0.0,Holczer+2016_J/ApJS/225/9_table4
2020.01,16.02,19.47,-0.1,Holczer+2016_J/ApJS/225/9_table4
2021.01,23.57,19.56,0.0,Holczer+2016_J/ApJS/225/9_table4
2022.01,19.64,14.32,0.0,Holczer+2016_J/ApJS/225/9_table4
2022.02,17.92,22.39,-0.0,Holczer+2016_J/ApJS/225/9_table4
2023.01,21.71,20.36,-0.0,Holczer+2016_J/ApJS/225/9_table4
2024.01,24.61,21.70,-0.0,Holczer+2016_J/ApJS/225/9_table4
2025.01,14.29,11.04,-0.0,Holczer+2016_J/ApJS/225/9_table4
2025.02,15.08,22.11,-0.3,Holczer+2016_J/ApJS/225/9_table4
2026.01,20.80,17.95,0.0,Holczer+2016_J/ApJS/225/9_table4
2028.01,13.14,17.89,-0.2,Holczer+2016_J/ApJS/225/9_table4
2028.02,18.99,19.16,-0.0,Holczer+2016_J/ApJS/225/9_table4
2028.03,24.65,49.55,-1.1,Holczer+2016_J/ApJS/225/9_table4
2029.01,12.84,13.33,-0.0,Holczer+2016_J/ApJS/225/9_table4
2029.02,30.40,27.19,-0.0,Holczer+2016_J/ApJS/225/9_table4
2031.01,18.16,15.79,-0.0,Holczer+2016_J/ApJS/225/9_table4
2032.01,17.79,8.28,0.0,Holczer+2016_J/ApJS/225/9_table4
2033.01,14.39,14.63,-0.0,Holczer+2016_J/ApJS/225/9_table4
2034.01,10.60,10.99,-0.0,Holczer+2016_J/ApJS/225/9_table4
2035.01,7.63,6.06,0.0,Holczer+2016_J/ApJS/225/9_table4
2036.01,19.91,24.80,-0.0,Holczer+2016_J/ApJS/225/9_table4
2037.01,5.19,7.27,-0.2,Holczer+2016_J/ApJS/225/9_table4
2037.02,17.00,12.77,-0.0,Holczer+2016_J/ApJS/225/9_table4
2037.03,12.83,21.49,-1.3,Holczer+2016_J/ApJS/225/9_table4
2038.01,24.75,40.80,-1.2,Holczer+2016_J/ApJS/225/9_table4
2038.02,25.59,50.97,-4.2,Holczer+2016_J/ApJS/225/9_table4
2039.01,24.54,22.23,-0.0,Holczer+2016_J/ApJS/225/9_table4
2040.01,11.02,8.97,-0.0,Holczer+2016_J/ApJS/225/9_table4
2042.01,15.63,20.44,-0.1,Holczer+2016_J/ApJS/225/9_table4
2043.01,11.79,10.65,-0.0,Holczer+2016_J/ApJS/225/9_table4
2044.01,14.78,18.89,-0.0,Holczer+2016_J/ApJS/225/9_table4
2045.01,19.66,23.58,-0.0,Holczer+2016_J/ApJS/225/9_table4
2045.02,31.82,45.03,-0.2,Holczer+2016_J/ApJS/225/9_table4
2046.01,18.53,24.95,-0.1,Holczer+2016_J/ApJS/225/9_table4
2047.01,32.56,34.56,-0.0,Holczer+2016_J/ApJS/225/9_table4
2048.01,20.28,17.58,-0.0,Holczer+2016_J/ApJS/225/9_table4
2051.01,20.35,21.17,-0.0,Holczer+2016_J/ApJS/225/9_table4
2052.01,16.68,12.08,0.0,Holczer+2016_J/ApJS/225/9_table4
2053.01,18.96,22.73,-0.0,Holczer+2016_J/ApJS/225/9_table4
2053.02,31.06,27.67,-0.0,Holczer+2016_J/ApJS/225/9_table4
2055.01,18.47,13.03,-0.0,Holczer+2016_J/ApJS/225/9_table4
2056.01,15.41,14.03,-0.0,Holczer+2016_J/ApJS/225/9_table4
2057.01,24.69,20.51,-0.0,Holczer+2016_J/ApJS/225/9_table4
2060.01,21.04,13.94,0.0,Holczer+2016_J/ApJS/225/9_table4
2061.01,24.25,117.87,-16.,Holczer+2016_J/ApJS/225/9_table4
2062.01,18.12,17.18,-0.0,Holczer+2016_J/ApJS/225/9_table4
2064.01,31.52,25.88,-0.0,Holczer+2016_J/ApJS/225/9_table4
2065.01,12.36,14.80,-0.1,Holczer+2016_J/ApJS/225/9_table4
2066.01,14.26,4.38,-0.0,Holczer+2016_J/ApJS/225/9_table4
2067.01,23.22,20.38,-0.0,Holczer+2016_J/ApJS/225/9_table4
2069.01,10.31,6.75,-0.0,Holczer+2016_J/ApJS/225/9_table4
2073.01,22.14,24.07,-0.0,Holczer+2016_J/ApJS/225/9_table4
2073.03,22.48,13.92,-0.0,Holczer+2016_J/ApJS/225/9_table4
2074.01,16.51,24.25,-0.3,Holczer+2016_J/ApJS/225/9_table4
2076.01,15.78,28.79,-1.2,Holczer+2016_J/ApJS/225/9_table4
2078.01,14.06,10.47,-0.0,Holczer+2016_J/ApJS/225/9_table4
2078.02,7.34,12.86,-0.7,Holczer+2016_J/ApJS/225/9_table4
2080.01,18.23,3.91,-0.0,Holczer+2016_J/ApJS/225/9_table4
2080.02,12.32,11.89,-0.0,Holczer+2016_J/ApJS/225/9_table4
2081.01,46.51,57.97,-0.0,Holczer+2016_J/ApJS/225/9_table4
2082.01,14.50,14.70,-0.0,Holczer+2016_J/ApJS/225/9_table4
2083.01,13.38,12.64,-0.0,Holczer+2016_J/ApJS/225/9_table4
2084.01,16.59,12.87,0.0,Holczer+2016_J/ApJS/225/9_table4
2086.02,33.51,35.05,-0.0,Holczer+2016_J/ApJS/225/9_table4
2087.01,18.52,15.28,-0.0,Holczer+2016_J/ApJS/225/9_table4
2090.01,13.71,12.21,-0.0,Holczer+2016_J/ApJS/225/9_table4
2091.01,24.89,29.91,-0.0,Holczer+2016_J/ApJS/225/9_table4
2092.01,12.77,24.35,-1.5,Holczer+2016_J/ApJS/225/9_table4
2092.02,17.82,21.92,-0.0,Holczer+2016_J/ApJS/225/9_table4
2092.03,16.72,14.83,-0.0,Holczer+2016_J/ApJS/225/9_table4
2093.01,25.37,23.14,-0.0,Holczer+2016_J/ApJS/225/9_table4
2094.01,19.71,43.43,-3.6,Holczer+2016_J/ApJS/225/9_table4
2096.01,26.68,30.64,-0.0,Holczer+2016_J/ApJS/225/9_table4
2097.01,15.59,27.24,-0.9,Holczer+2016_J/ApJS/225/9_table4
2098.01,15.72,26.85,-1.0,Holczer+2016_J/ApJS/225/9_table4
2098.02,20.91,17.09,-0.0,Holczer+2016_J/ApJS/225/9_table4
2099.01,23.57,18.22,-0.0,Holczer+2016_J/ApJS/225/9_table4
2104.01,20.59,15.93,0.0,Holczer+2016_J/ApJS/225/9_table4
2106.01,25.79,25.38,-0.0,Holczer+2016_J/ApJS/225/9_table4
2107.01,19.86,29.09,-0.3,Holczer+2016_J/ApJS/225/9_table4
2108.01,23.00,6.77,-0.0,Holczer+2016_J/ApJS/225/9_table4
2109.01,14.68,21.83,-0.3,Holczer+2016_J/ApJS/225/9_table4
2111.02,19.03,17.70,-0.0,Holczer+2016_J/ApJS/225/9_table4
2113.01,16.83,11.05,-0.0,Holczer+2016_J/ApJS/225/9_table4
2113.02,19.88,12.51,-0.0,Holczer+2016_J/ApJS/225/9_table4
2114.01,23.89,18.59,0.0,Holczer+2016_J/ApJS/225/9_table4
2115.01,16.87,10.21,-0.0,Holczer+2016_J/ApJS/225/9_table4
2117.01,24.49,19.23,-0.0,Holczer+2016_J/ApJS/225/9_table4
2120.01,21.61,19.34,-0.0,Holczer+2016_J/ApJS/225/9_table4
2122.01,19.42,19.26,-0.0,Holczer+2016_J/ApJS/225/9_table4
2123.01,15.21,16.32,-0.0,Holczer+2016_J/ApJS/225/9_table4
2124.01,20.52,23.95,-0.0,Holczer+2016_J/ApJS/225/9_table4
2125.01,26.12,35.05,-0.1,Holczer+2016_J/ApJS/225/9_table4
2126.01,20.56,17.06,-0.0,Holczer+2016_J/ApJS/225/9_table4
2128.01,14.24,21.20,-0.3,Holczer+2016_J/ApJS/225/9_table4
2129.01,32.02,43.64,-0.1,Holczer+2016_J/ApJS/225/9_table4
2130.01,27.83,32.79,-0.0,Holczer+2016_J/ApJS/225/9_table4
2131.01,27.22,29.44,-0.0,Holczer+2016_J/ApJS/225/9_table4
2132.01,16.66,18.78,-0.1,Holczer+2016_J/ApJS/225/9_table4
2133.01,29.82,83.32,-16.,Holczer+2016_J/ApJS/225/9_table4
2134.01,13.73,10.85,-0.0,Holczer+2016_J/ApJS/225/9_table4
2135.01,16.81,15.64,-0.0,Holczer+2016_J/ApJS/225/9_table4
2135.02,45.64,70.41,-0.5,Holczer+2016_J/ApJS/225/9_table4
2135.03,38.86,49.53,-0.0,Holczer+2016_J/ApJS/225/9_table4
2137.01,21.12,18.40,-0.0,Holczer+2016_J/ApJS/225/9_table4
2138.01,23.61,21.76,-0.0,Holczer+2016_J/ApJS/225/9_table4
2140.01,18.14,16.01,-0.0,Holczer+2016_J/ApJS/225/9_table4
2144.01,23.84,14.75,-0.0,Holczer+2016_J/ApJS/225/9_table4
2145.01,37.81,38.14,-0.0,Holczer+2016_J/ApJS/225/9_table4
2147.01,18.14,21.92,-0.0,Holczer+2016_J/ApJS/225/9_table4
2148.01,34.18,46.34,-0.1,Holczer+2016_J/ApJS/225/9_table4
2149.01,21.18,26.49,-0.0,Holczer+2016_J/ApJS/225/9_table4
2150.01,31.17,41.19,-0.1,Holczer+2016_J/ApJS/225/9_table4
2152.01,27.25,41.45,-0.4,Holczer+2016_J/ApJS/225/9_table4
2153.01,25.82,25.78,-0.0,Holczer+2016_J/ApJS/225/9_table4
2153.02,44.30,31.70,-0.0,Holczer+2016_J/ApJS/225/9_table4
2154.01,30.87,43.54,-0.2,Holczer+2016_J/ApJS/225/9_table4
2159.01,32.35,28.26,-0.0,Holczer+2016_J/ApJS/225/9_table4
2160.01,35.14,38.27,-0.0,Holczer+2016_J/ApJS/225/9_table4
2162.01,18.14,13.21,-0.0,Holczer+2016_J/ApJS/225/9_table4
2163.01,23.52,32.28,-0.1,Holczer+2016_J/ApJS/225/9_table4
2163.02,41.01,32.05,-0.0,Holczer+2016_J/ApJS/225/9_table4
2166.01,11.28,20.16,-0.9,Holczer+2016_J/ApJS/225/9_table4
2167.01,16.66,16.32,-0.0,Holczer+2016_J/ApJS/225/9_table4
2167.03,19.40,9.41,-0.0,Holczer+2016_J/ApJS/225/9_table4
2168.02,33.64,43.72,-0.0,Holczer+2016_J/ApJS/225/9_table4
2169.01,25.31,23.32,-0.0,Holczer+2016_J/ApJS/225/9_table4
2172.01,17.37,15.98,-0.0,Holczer+2016_J/ApJS/225/9_table4
2172.02,10.25,18.18,-0.7,Holczer+2016_J/ApJS/225/9_table4
2173.01,15.74,14.20,-0.0,Holczer+2016_J/ApJS/225/9_table4
2173.02,13.28,7.30,-0.0,Holczer+2016_J/ApJS/225/9_table4
2174.02,21.62,29.70,-0.2,Holczer+2016_J/ApJS/225/9_table4
2175.01,22.29,10.48,-0.0,Holczer+2016_J/ApJS/225/9_table4
2175.02,9.18,15.65,-0.7,Holczer+2016_J/ApJS/225/9_table4
2177.01,20.59,18.34,-0.0,Holczer+2016_J/ApJS/225/9_table4
2179.01,14.72,16.04,-0.0,Holczer+2016_J/ApJS/225/9_table4
2180.01,16.27,12.10,-0.0,Holczer+2016_J/ApJS/225/9_table4
2181.01,30.55,23.67,-0.0,Holczer+2016_J/ApJS/225/9_table4
2182.01,18.68,17.54,-0.0,Holczer+2016_J/ApJS/225/9_table4
2183.01,26.13,28.89,-0.0,Holczer+2016_J/ApJS/225/9_table4
2185.01,21.66,7.59,-0.0,Holczer+2016_J/ApJS/225/9_table4
2186.01,13.62,18.22,-0.1,Holczer+2016_J/ApJS/225/9_table4
2189.01,7.81,9.22,-0.0,Holczer+2016_J/ApJS/225/9_table4
2191.01,16.70,18.89,-0.0,Holczer+2016_J/ApJS/225/9_table4
2194.01,21.83,25.67,-0.0,Holczer+2016_J/ApJS/225/9_table4
2194.02,22.55,20.10,-0.0,Holczer+2016_J/ApJS/225/9_table4
2195.01,28.73,37.82,-0.1,Holczer+2016_J/ApJS/225/9_table4
2195.02,45.46,91.05,-2.3,Holczer+2016_J/ApJS/225/9_table4
2198.01,22.80,22.57,-0.0,Holczer+2016_J/ApJS/225/9_table4
2199.01,25.93,34.02,-0.0,Holczer+2016_J/ApJS/225/9_table4
2201.01,14.09,16.13,-0.1,Holczer+2016_J/ApJS/225/9_table4
2204.01,29.47,27.64,-0.0,Holczer+2016_J/ApJS/225/9_table4
2205.01,15.44,10.07,-0.0,Holczer+2016_J/ApJS/225/9_table4
2209.01,42.56,66.30,-0.5,Holczer+2016_J/ApJS/225/9_table4
2212.01,27.49,25.39,-0.0,Holczer+2016_J/ApJS/225/9_table4
2215.01,72.09,158.62,-4.9,Holczer+2016_J/ApJS/225/9_table4
2216.01,18.58,13.33,-0.0,Holczer+2016_J/ApJS/225/9_table4
2217.01,21.94,35.18,-0.6,Holczer+2016_J/ApJS/225/9_table4
2221.01,50.30,45.06,-0.0,Holczer+2016_J/ApJS/225/9_table4
2226.01,16.26,12.38,-0.0,Holczer+2016_J/ApJS/225/9_table4
2227.01,19.32,15.38,-0.0,Holczer+2016_J/ApJS/225/9_table4
2228.01,41.08,137.21,-7.8,Holczer+2016_J/ApJS/225/9_table4
2229.01,32.21,76.07,-5.2,Holczer+2016_J/ApJS/225/9_table4
2232.01,11.03,16.51,-0.4,Holczer+2016_J/ApJS/225/9_table4
2236.01,28.14,28.95,-0.0,Holczer+2016_J/ApJS/225/9_table4
2237.01,24.88,36.85,-0.3,Holczer+2016_J/ApJS/225/9_table4
2245.01,24.75,14.94,-0.0,Holczer+2016_J/ApJS/225/9_table4
2250.01,14.04,11.02,0.0,Holczer+2016_J/ApJS/225/9_table4
2252.01,34.74,35.04,-0.0,Holczer+2016_J/ApJS/225/9_table4
2253.01,22.67,17.75,-0.0,Holczer+2016_J/ApJS/225/9_table4
2256.01,17.10,13.47,-0.0,Holczer+2016_J/ApJS/225/9_table4
2257.01,29.15,41.65,-0.2,Holczer+2016_J/ApJS/225/9_table4
2257.02,34.56,18.63,-0.0,Holczer+2016_J/ApJS/225/9_table4
2259.01,25.05,22.46,-0.0,Holczer+2016_J/ApJS/225/9_table4
2263.01,26.49,17.31,-0.0,Holczer+2016_J/ApJS/225/9_table4
2263.02,44.52,52.50,-0.0,Holczer+2016_J/ApJS/225/9_table4
2264.01,19.69,25.02,-0.1,Holczer+2016_J/ApJS/225/9_table4
2271.01,20.92,7.60,-0.0,Holczer+2016_J/ApJS/225/9_table4
2274.01,19.76,17.84,-0.0,Holczer+2016_J/ApJS/225/9_table4
2276.01,18.66,17.20,0.0,Holczer+2016_J/ApJS/225/9_table4
2278.01,20.86,20.45,-0.0,Holczer+2016_J/ApJS/225/9_table4
2279.01,30.83,36.81,-0.0,Holczer+2016_J/ApJS/225/9_table4
2280.01,21.37,20.65,-0.0,Holczer+2016_J/ApJS/225/9_table4
2283.01,24.85,30.83,-0.0,Holczer+2016_J/ApJS/225/9_table4
2285.01,20.74,22.22,-0.0,Holczer+2016_J/ApJS/225/9_table4
2286.01,23.26,27.15,-0.0,Holczer+2016_J/ApJS/225/9_table4
2287.01,16.86,13.19,-0.0,Holczer+2016_J/ApJS/225/9_table4
2288.01,17.23,16.69,-0.0,Holczer+2016_J/ApJS/225/9_table4
2289.01,12.04,19.09,-0.5,Holczer+2016_J/ApJS/225/9_table4
2289.02,27.34,41.67,-0.4,Holczer+2016_J/ApJS/225/9_table4
2290.01,9.60,1.30,-0.0,Holczer+2016_J/ApJS/225/9_table4
2291.01,25.40,53.63,-2.9,Holczer+2016_J/ApJS/225/9_table4
2293.01,25.11,26.63,-0.0,Holczer+2016_J/ApJS/225/9_table4
2294.01,15.73,24.79,-0.5,Holczer+2016_J/ApJS/225/9_table4
2295.01,30.23,30.88,-0.0,Holczer+2016_J/ApJS/225/9_table4
2296.01,21.85,34.97,-0.5,Holczer+2016_J/ApJS/225/9_table4
2298.01,35.91,45.45,-0.0,Holczer+2016_J/ApJS/225/9_table4
2299.01,12.55,11.30,-0.0,Holczer+2016_J/ApJS/225/9_table4
2302.01,42.79,44.50,-0.0,Holczer+2016_J/ApJS/225/9_table4
2303.01,31.30,40.48,-0.0,Holczer+2016_J/ApJS/225/9_table4
2305.01,27.90,27.59,-0.0,Holczer+2016_J/ApJS/225/9_table4
2308.01,41.46,42.72,-0.0,Holczer+2016_J/ApJS/225/9_table4
2309.01,21.34,24.18,-0.0,Holczer+2016_J/ApJS/225/9_table4
2310.01,13.58,21.44,-0.7,Holczer+2016_J/ApJS/225/9_table4
2313.01,22.35,24.62,-0.0,Holczer+2016_J/ApJS/225/9_table4
2314.01,15.08,13.50,-0.0,Holczer+2016_J/ApJS/225/9_table4
2315.01,27.21,25.56,-0.0,Holczer+2016_J/ApJS/225/9_table4
2316.01,27.17,34.60,-0.0,Holczer+2016_J/ApJS/225/9_table4
2318.01,24.18,21.95,-0.0,Holczer+2016_J/ApJS/225/9_table4
2319.01,20.81,13.30,-0.0,Holczer+2016_J/ApJS/225/9_table4
2321.01,17.69,18.96,-0.0,Holczer+2016_J/ApJS/225/9_table4
2328.01,26.34,25.88,-0.0,Holczer+2016_J/ApJS/225/9_table4
2335.01,31.44,17.53,-0.0,Holczer+2016_J/ApJS/225/9_table4
2338.01,13.83,9.03,-0.0,Holczer+2016_J/ApJS/225/9_table4
2342.01,41.11,31.24,-0.0,Holczer+2016_J/ApJS/225/9_table4
2343.01,20.43,19.97,-0.0,Holczer+2016_J/ApJS/225/9_table4
2345.01,28.18,37.99,-0.1,Holczer+2016_J/ApJS/225/9_table4
2346.01,21.56,34.88,-0.7,Holczer+2016_J/ApJS/225/9_table4
2348.01,21.74,36.51,-0.7,Holczer+2016_J/ApJS/225/9_table4
2352.01,26.91,27.87,-0.0,Holczer+2016_J/ApJS/225/9_table4
2352.02,30.45,36.35,-0.0,Holczer+2016_J/ApJS/225/9_table4
2358.01,18.13,25.12,-0.2,Holczer+2016_J/ApJS/225/9_table4
2365.01,20.01,12.17,-0.0,Holczer+2016_J/ApJS/225/9_table4
2366.01,19.23,26.67,-0.2,Holczer+2016_J/ApJS/225/9_table4
2369.01,35.21,29.97,-0.0,Holczer+2016_J/ApJS/225/9_table4
2370.01,14.87,13.76,-0.0,Holczer+2016_J/ApJS/225/9_table4
2371.01,32.44,29.31,-0.0,Holczer+2016_J/ApJS/225/9_table4
2373.01,14.05,10.33,-0.0,Holczer+2016_J/ApJS/225/9_table4
2376.01,19.40,12.19,-0.0,Holczer+2016_J/ApJS/225/9_table4
2379.01,22.15,19.02,-0.0,Holczer+2016_J/ApJS/225/9_table4
2386.01,25.39,55.12,-4.9,Holczer+2016_J/ApJS/225/9_table4
2389.01,40.41,45.00,-0.0,Holczer+2016_J/ApJS/225/9_table4
2390.01,27.66,32.77,-0.0,Holczer+2016_J/ApJS/225/9_table4
2397.01,29.37,47.92,-0.9,Holczer+2016_J/ApJS/225/9_table4
2400.01,25.00,18.48,-0.0,Holczer+2016_J/ApJS/225/9_table4
2401.01,16.81,24.23,-0.3,Holczer+2016_J/ApJS/225/9_table4
2402.01,27.54,35.07,-0.0,Holczer+2016_J/ApJS/225/9_table4
2403.01,37.78,36.91,-0.0,Holczer+2016_J/ApJS/225/9_table4
2407.01,35.45,38.75,-0.0,Holczer+2016_J/ApJS/225/9_table4
2408.01,13.84,12.12,-0.0,Holczer+2016_J/ApJS/225/9_table4
2413.01,30.26,33.27,-0.0,Holczer+2016_J/ApJS/225/9_table4
2414.01,43.44,57.71,-0.1,Holczer+2016_J/ApJS/225/9_table4
2414.02,34.01,42.89,-0.1,Holczer+2016_J/ApJS/225/9_table4
2417.01,17.37,23.91,-0.2,Holczer+2016_J/ApJS/225/9_table4
2418.01,16.08,31.74,-1.4,Holczer+2016_J/ApJS/225/9_table4
2419.01,29.12,23.22,-0.0,Holczer+2016_J/ApJS/225/9_table4
2422.01,31.73,32.61,-0.0,Holczer+2016_J/ApJS/225/9_table4
2423.01,20.37,17.25,-0.0,Holczer+2016_J/ApJS/225/9_table4
2432.01,29.49,28.87,-0.0,Holczer+2016_J/ApJS/225/9_table4
2433.01,30.20,56.39,-2.1,Holczer+2016_J/ApJS/225/9_table4
2433.02,36.65,40.08,-0.0,Holczer+2016_J/ApJS/225/9_table4
2433.03,33.03,13.60,-0.0,Holczer+2016_J/ApJS/225/9_table4
2433.04,36.51,41.92,-0.0,Holczer+2016_J/ApJS/225/9_table4
2436.01,18.29,16.66,-0.0,Holczer+2016_J/ApJS/225/9_table4
2442.01,34.03,29.51,-0.0,Holczer+2016_J/ApJS/225/9_table4
2444.01,24.43,32.02,-0.1,Holczer+2016_J/ApJS/225/9_table4
2445.01,22.07,61.54,-6.0,Holczer+2016_J/ApJS/225/9_table4
2448.01,15.52,14.35,-0.0,Holczer+2016_J/ApJS/225/9_table4
2449.01,12.29,13.97,-0.0,Holczer+2016_J/ApJS/225/9_table4
2450.01,32.35,26.37,-0.0,Holczer+2016_J/ApJS/225/9_table4
2451.01,25.07,22.02,-0.0,Holczer+2016_J/ApJS/225/9_table4
2461.01,22.35,18.32,-0.0,Holczer+2016_J/ApJS/225/9_table4
2462.01,37.81,55.24,-0.3,Holczer+2016_J/ApJS/225/9_table4
2468.01,60.07,55.79,-0.0,Holczer+2016_J/ApJS/225/9_table4
2469.01,15.64,30.74,-1.2,Holczer+2016_J/ApJS/225/9_table4
2471.01,46.61,42.51,-0.0,Holczer+2016_J/ApJS/225/9_table4
2477.01,19.68,11.19,-0.0,Holczer+2016_J/ApJS/225/9_table4
2479.01,38.55,53.67,-0.2,Holczer+2016_J/ApJS/225/9_table4
2481.01,48.94,157.14,-8.4,Holczer+2016_J/ApJS/225/9_table4
2482.01,22.59,37.05,-0.7,Holczer+2016_J/ApJS/225/9_table4
2484.01,18.56,25.42,-0.2,Holczer+2016_J/ApJS/225/9_table4
2487.01,29.17,41.06,-0.2,Holczer+2016_J/ApJS/225/9_table4
2494.01,37.15,49.33,-0.1,Holczer+2016_J/ApJS/225/9_table4
2497.01,17.06,10.61,-0.0,Holczer+2016_J/ApJS/225/9_table4
2503.01,32.90,31.08,-0.0,Holczer+2016_J/ApJS/225/9_table4
2504.01,23.77,38.22,-0.7,Holczer+2016_J/ApJS/225/9_table4
2512.01,24.61,14.03,-0.0,Holczer+2016_J/ApJS/225/9_table4
2513.01,15.59,15.23,-0.0,Holczer+2016_J/ApJS/225/9_table4
2521.01,20.87,19.23,-0.0,Holczer+2016_J/ApJS/225/9_table4
2523.01,35.51,35.09,-0.0,Holczer+2016_J/ApJS/225/9_table4
2524.01,36.42,25.99,-0.0,Holczer+2016_J/ApJS/225/9_table4
2525.01,22.72,39.79,-0.9,Holczer+2016_J/ApJS/225/9_table4
2528.01,17.42,13.52,-0.0,Holczer+2016_J/ApJS/225/9_table4
2529.01,25.59,29.45,-0.0,Holczer+2016_J/ApJS/225/9_table4
2529.02,17.61,16.88,-0.0,Holczer+2016_J/ApJS/225/9_table4
2530.01,31.48,27.44,-0.0,Holczer+2016_J/ApJS/225/9_table4
2531.01,21.04,27.80,-0.1,Holczer+2016_J/ApJS/225/9_table4
2533.01,72.42,160.51,-11.3,Holczer+2016_J/ApJS/225/9_table4
2535.01,23.28,31.67,-0.2,Holczer+2016_J/ApJS/225/9_table4
2536.01,26.68,32.48,-0.1,Holczer+2016_J/ApJS/225/9_table4
2538.01,28.23,18.63,-0.0,Holczer+2016_J/ApJS/225/9_table4
2541.02,54.00,107.82,-2.6,Holczer+2016_J/ApJS/225/9_table4
2544.01,25.66,22.87,-0.0,Holczer+2016_J/ApJS/225/9_table4
2553.01,24.30,26.38,-0.0,Holczer+2016_J/ApJS/225/9_table4
2555.01,39.09,35.66,-0.0,Holczer+2016_J/ApJS/225/9_table4
2556.01,27.75,28.79,-0.0,Holczer+2016_J/ApJS/225/9_table4
2560.01,49.76,40.72,-0.0,Holczer+2016_J/ApJS/225/9_table4
2563.01,44.03,62.48,-0.2,Holczer+2016_J/ApJS/225/9_table4
2564.01,30.08,14.89,-0.0,Holczer+2016_J/ApJS/225/9_table4
2573.01,8.47,8.05,0.0,Holczer+2016_J/ApJS/225/9_table4
2577.01,16.66,82.64,-16.,Holczer+2016_J/ApJS/225/9_table4
2578.01,16.19,12.24,-0.0,Holczer+2016_J/ApJS/225/9_table4
2582.01,23.78,27.53,-0.0,Holczer+2016_J/ApJS/225/9_table4
2590.02,35.40,113.04,-16.,Holczer+2016_J/ApJS/225/9_table4
2592.01,25.53,34.84,-0.3,Holczer+2016_J/ApJS/225/9_table4
2593.01,44.45,44.92,-0.0,Holczer+2016_J/ApJS/225/9_table4
2594.01,54.11,74.13,-0.2,Holczer+2016_J/ApJS/225/9_table4
2598.01,31.82,29.79,-0.0,Holczer+2016_J/ApJS/225/9_table4
2601.01,75.94,34.26,0.0,Holczer+2016_J/ApJS/225/9_table4
2603.01,41.83,50.73,-0.1,Holczer+2016_J/ApJS/225/9_table4
2613.01,19.47,39.42,-2.0,Holczer+2016_J/ApJS/225/9_table4
2620.01,33.47,38.38,-0.0,Holczer+2016_J/ApJS/225/9_table4
2624.01,11.50,9.83,-0.0,Holczer+2016_J/ApJS/225/9_table4
2626.01,29.61,16.24,-0.0,Holczer+2016_J/ApJS/225/9_table4
2631.01,26.11,51.58,-2.0,Holczer+2016_J/ApJS/225/9_table4
2632.01,43.56,87.61,-5.2,Holczer+2016_J/ApJS/225/9_table4
2634.01,37.17,29.76,-0.0,Holczer+2016_J/ApJS/225/9_table4
2635.01,48.17,86.42,-1.5,Holczer+2016_J/ApJS/225/9_table4
2640.01,54.95,275.17,-16.,Holczer+2016_J/ApJS/225/9_table4
2650.01,44.62,29.02,-0.0,Holczer+2016_J/ApJS/225/9_table4
2652.01,42.47,47.67,-0.0,Holczer+2016_J/ApJS/225/9_table4
2660.01,31.85,27.08,-0.0,Holczer+2016_J/ApJS/225/9_table4
2664.01,24.51,27.44,-0.0,Holczer+2016_J/ApJS/225/9_table4
2666.01,37.55,97.25,-4.0,Holczer+2016_J/ApJS/225/9_table4
2672.01,0.82,30.97,-16.,Holczer+2016_J/ApJS/225/9_table4
2672.02,1.80,28.55,-16.,Holczer+2016_J/ApJS/225/9_table4
2674.01,2.87,1.21,-0.0,Holczer+2016_J/ApJS/225/9_table4
2675.01,4.25,5.04,-0.0,Holczer+2016_J/ApJS/225/9_table4
2678.01,3.64,3.72,0.0,Holczer+2016_J/ApJS/225/9_table4
2679.01,0.95,3.72,-12.2,Holczer+2016_J/ApJS/225/9_table4
2680.01,3.24,3.62,-0.0,Holczer+2016_J/ApJS/225/9_table4
2681.01,4.29,4.55,-0.1,Holczer+2016_J/ApJS/225/9_table4
2682.01,5.59,5.17,-0.0,Holczer+2016_J/ApJS/225/9_table4
2683.01,6.84,5.68,-0.0,Holczer+2016_J/ApJS/225/9_table4
2686.01,3.60,24.67,-16.,Holczer+2016_J/ApJS/225/9_table4
2687.01,19.61,16.88,0.0,Holczer+2016_J/ApJS/225/9_table4
2687.02,11.29,10.45,-0.0,Holczer+2016_J/ApJS/225/9_table4
2688.01,4.38,4.37,-0.0,Holczer+2016_J/ApJS/225/9_table4
2690.01,8.51,5.83,0.0,Holczer+2016_J/ApJS/225/9_table4
2691.01,5.31,52.39,-16.,Holczer+2016_J/ApJS/225/9_table4
2693.01,21.56,16.07,0.0,Holczer+2016_J/ApJS/225/9_table4
2693.02,25.80,16.57,-0.0,Holczer+2016_J/ApJS/225/9_table4
2693.03,22.80,18.90,-0.0,Holczer+2016_J/ApJS/225/9_table4
2694.02,20.42,22.78,-0.0,Holczer+2016_J/ApJS/225/9_table4
2696.01,4.67,8.11,-0.7,Holczer+2016_J/ApJS/225/9_table4
2696.02,10.85,14.12,-0.1,Holczer+2016_J/ApJS/225/9_table4
2698.01,12.78,11.30,-0.0,Holczer+2016_J/ApJS/225/9_table4
2704.01,8.91,5.82,0.0,Holczer+2016_J/ApJS/225/9_table4
2705.01,8.55,7.36,0.0,Holczer+2016_J/ApJS/225/9_table4
2706.01,19.52,29.88,-0.7,Holczer+2016_J/ApJS/225/9_table4
2707.01,12.32,11.38,-0.0,Holczer+2016_J/ApJS/225/9_table4
2707.03,16.91,12.53,-0.0,Holczer+2016_J/ApJS/225/9_table4
2711.01,21.80,14.36,0.0,Holczer+2016_J/ApJS/225/9_table4
2711.02,22.64,26.71,-0.0,Holczer+2016_J/ApJS/225/9_table4
2712.01,17.33,26.31,-0.5,Holczer+2016_J/ApJS/225/9_table4
2714.01,32.41,32.84,-0.0,Holczer+2016_J/ApJS/225/9_table4
2714.02,34.03,64.30,-1.5,Holczer+2016_J/ApJS/225/9_table4
2715.01,5.89,6.67,-0.0,Holczer+2016_J/ApJS/225/9_table4
2715.02,19.26,15.77,0.0,Holczer+2016_J/ApJS/225/9_table4
2715.03,22.58,20.71,-0.0,Holczer+2016_J/ApJS/225/9_table4
2717.01,18.54,15.56,0.0,Holczer+2016_J/ApJS/225/9_table4
2720.01,30.63,43.60,-0.1,Holczer+2016_J/ApJS/225/9_table4
2721.01,16.99,25.13,-0.3,Holczer+2016_J/ApJS/225/9_table4
2722.01,26.90,28.83,-0.0,Holczer+2016_J/ApJS/225/9_table4
2722.02,24.55,27.40,-0.0,Holczer+2016_J/ApJS/225/9_table4
2722.04,34.43,26.67,-0.0,Holczer+2016_J/ApJS/225/9_table4
2728.01,7.23,15.63,-2.6,Holczer+2016_J/ApJS/225/9_table4
2729.01,28.01,26.67,-0.0,Holczer+2016_J/ApJS/225/9_table4
2732.01,44.18,45.55,-0.0,Holczer+2016_J/ApJS/225/9_table4
2732.02,44.97,52.99,-0.0,Holczer+2016_J/ApJS/225/9_table4
2732.03,23.28,10.04,-0.0,Holczer+2016_J/ApJS/225/9_table4
2732.04,101.11,76.24,-0.0,Holczer+2016_J/ApJS/225/9_table4
2733.01,27.62,23.96,-0.0,Holczer+2016_J/ApJS/225/9_table4
2736.01,22.42,21.19,-0.0,Holczer+2016_J/ApJS/225/9_table4
2739.01,29.25,32.53,-0.0,Holczer+2016_J/ApJS/225/9_table4
2743.01,18.49,21.56,-0.0,Holczer+2016_J/ApJS/225/9_table4
2744.01,11.20,10.63,-0.0,Holczer+2016_J/ApJS/225/9_table4
2745.01,22.05,25.05,-0.0,Holczer+2016_J/ApJS/225/9_table4
2748.01,39.44,20.76,-0.0,Holczer+2016_J/ApJS/225/9_table4
2750.01,15.64,14.05,-0.0,Holczer+2016_J/ApJS/225/9_table4
2751.01,16.39,13.59,-0.0,Holczer+2016_J/ApJS/225/9_table4
2757.01,8.89,5.21,-0.0,Holczer+2016_J/ApJS/225/9_table4
2760.01,18.99,13.24,-0.0,Holczer+2016_J/ApJS/225/9_table4
2762.01,11.96,18.42,-0.4,Holczer+2016_J/ApJS/225/9_table4
2770.01,18.01,6.50,-0.0,Holczer+2016_J/ApJS/225/9_table4
2775.01,15.67,15.66,-0.0,Holczer+2016_J/ApJS/225/9_table4
2779.01,36.39,18.94,-0.0,Holczer+2016_J/ApJS/225/9_table4
2785.01,20.81,14.92,-0.0,Holczer+2016_J/ApJS/225/9_table4
2786.01,24.84,20.33,-0.0,Holczer+2016_J/ApJS/225/9_table4
2790.01,28.63,30.09,-0.0,Holczer+2016_J/ApJS/225/9_table4
2791.01,30.64,34.23,-0.0,Holczer+2016_J/ApJS/225/9_table4
2793.01,11.18,12.62,-0.0,Holczer+2016_J/ApJS/225/9_table4
2795.01,53.56,30.41,0.0,Holczer+2016_J/ApJS/225/9_table4
2806.01,30.37,20.30,-0.0,Holczer+2016_J/ApJS/225/9_table4
2812.01,21.67,13.85,-0.0,Holczer+2016_J/ApJS/225/9_table4
2821.01,15.09,7.71,-0.0,Holczer+2016_J/ApJS/225/9_table4
2828.01,20.76,20.17,-0.0,Holczer+2016_J/ApJS/225/9_table4
2829.01,16.61,12.78,-0.0,Holczer+2016_J/ApJS/225/9_table4
2830.01,25.49,35.25,-0.2,Holczer+2016_J/ApJS/225/9_table4
2834.01,14.89,17.18,-0.1,Holczer+2016_J/ApJS/225/9_table4
2837.01,34.20,83.02,-11.7,Holczer+2016_J/ApJS/225/9_table4
2842.01,10.42,8.22,0.0,Holczer+2016_J/ApJS/225/9_table4
2842.02,12.96,7.15,-0.0,Holczer+2016_J/ApJS/225/9_table4
2842.03,14.63,9.86,-0.0,Holczer+2016_J/ApJS/225/9_table4
2848.01,34.92,68.16,-3.7,Holczer+2016_J/ApJS/225/9_table4
2856.01,28.30,17.56,-0.0,Holczer+2016_J/ApJS/225/9_table4
2857.01,27.18,20.36,-0.0,Holczer+2016_J/ApJS/225/9_table4
2860.01,19.30,34.61,-0.8,Holczer+2016_J/ApJS/225/9_table4
2862.01,22.25,20.75,-0.0,Holczer+2016_J/ApJS/225/9_table4
2868.01,32.46,28.37,-0.0,Holczer+2016_J/ApJS/225/9_table4
2882.01,17.70,32.98,-1.0,Holczer+2016_J/ApJS/225/9_table4
2883.01,24.88,16.84,-0.0,Holczer+2016_J/ApJS/225/9_table4
2898.01,29.81,18.21,-0.0,Holczer+2016_J/ApJS/225/9_table4
2900.01,17.33,18.51,-0.0,Holczer+2016_J/ApJS/225/9_table4
2904.01,35.65,39.73,-0.0,Holczer+2016_J/ApJS/225/9_table4
2910.01,23.12,18.35,-0.0,Holczer+2016_J/ApJS/225/9_table4
2914.01,45.76,42.42,-0.0,Holczer+2016_J/ApJS/225/9_table4
2926.01,16.10,11.07,-0.0,Holczer+2016_J/ApJS/225/9_table4
2926.02,20.50,11.48,-0.0,Holczer+2016_J/ApJS/225/9_table4
2927.01,29.95,38.60,-0.1,Holczer+2016_J/ApJS/225/9_table4
2931.01,18.43,23.62,-0.1,Holczer+2016_J/ApJS/225/9_table4
2933.01,8.58,10.29,-0.1,Holczer+2016_J/ApJS/225/9_table4
2935.01,37.50,57.02,-0.4,Holczer+2016_J/ApJS/225/9_table4
2942.01,36.59,32.42,-0.0,Holczer+2016_J/ApJS/225/9_table4
2942.02,36.69,29.48,-0.0,Holczer+2016_J/ApJS/225/9_table4
2943.01,27.08,11.67,-0.0,Holczer+2016_J/ApJS/225/9_table4
2945.01,21.49,30.24,-0.2,Holczer+2016_J/ApJS/225/9_table4
2946.01,32.18,40.24,-0.0,Holczer+2016_J/ApJS/225/9_table4
2958.01,24.16,29.96,-0.1,Holczer+2016_J/ApJS/225/9_table4
2959.01,26.74,42.55,-0.6,Holczer+2016_J/ApJS/225/9_table4
2963.01,37.82,32.52,-0.0,Holczer+2016_J/ApJS/225/9_table4
2964.01,43.85,68.10,-0.5,Holczer+2016_J/ApJS/225/9_table4
2967.01,27.34,24.47,-0.0,Holczer+2016_J/ApJS/225/9_table4
2972.02,33.08,43.87,-0.2,Holczer+2016_J/ApJS/225/9_table4
2975.01,18.53,17.34,-0.0,Holczer+2016_J/ApJS/225/9_table4
2976.01,20.46,20.54,-0.0,Holczer+2016_J/ApJS/225/9_table4
2992.01,15.85,12.91,-0.0,Holczer+2016_J/ApJS/225/9_table4
2996.01,46.31,21.10,-0.0,Holczer+2016_J/ApJS/225/9_table4
2998.01,20.87,15.30,-0.0,Holczer+2016_J/ApJS/225/9_table4
3004.01,37.54,32.64,-0.0,Holczer+2016_J/ApJS/225/9_table4
3010.01,22.92,31.24,-0.2,Holczer+2016_J/ApJS/225/9_table4
3014.01,18.44,14.26,-0.0,Holczer+2016_J/ApJS/225/9_table4
3034.01,14.46,18.29,-0.1,Holczer+2016_J/ApJS/225/9_table4
3045.01,26.65,36.02,-0.2,Holczer+2016_J/ApJS/225/9_table4
3049.01,28.93,22.87,-0.0,Holczer+2016_J/ApJS/225/9_table4
3053.01,37.05,31.71,-0.0,Holczer+2016_J/ApJS/225/9_table4
3057.01,19.62,34.09,-1.1,Holczer+2016_J/ApJS/225/9_table4
3061.02,32.45,78.46,-3.0,Holczer+2016_J/ApJS/225/9_table4
3066.01,37.01,38.86,-0.0,Holczer+2016_J/ApJS/225/9_table4
3069.01,39.83,32.55,-0.0,Holczer+2016_J/ApJS/225/9_table4
3072.01,25.03,51.59,-3.0,Holczer+2016_J/ApJS/225/9_table4
3093.01,41.04,55.13,-0.1,Holczer+2016_J/ApJS/225/9_table4
3109.01,34.03,47.19,-0.1,Holczer+2016_J/ApJS/225/9_table4
3144.01,22.27,14.45,-0.0,Holczer+2016_J/ApJS/225/9_table4
3146.01,37.38,54.12,-0.3,Holczer+2016_J/ApJS/225/9_table4
3147.01,39.58,69.17,-1.0,Holczer+2016_J/ApJS/225/9_table4
3158.01,29.62,21.63,0.0,Holczer+2016_J/ApJS/225/9_table4
3158.02,16.26,11.16,0.0,Holczer+2016_J/ApJS/225/9_table4
3158.03,13.95,11.95,-0.0,Holczer+2016_J/ApJS/225/9_table4
3158.04,13.02,12.56,-0.0,Holczer+2016_J/ApJS/225/9_table4
3158.05,7.73,6.56,-0.0,Holczer+2016_J/ApJS/225/9_table4
3161.01,2.00,2.58,-0.0,Holczer+2016_J/ApJS/225/9_table4
3168.01,32.51,43.39,-0.2,Holczer+2016_J/ApJS/225/9_table4
3202.01,29.63,44.84,-0.4,Holczer+2016_J/ApJS/225/9_table4
3203.01,17.90,19.24,-0.1,Holczer+2016_J/ApJS/225/9_table4
3209.01,20.11,51.74,-14.7,Holczer+2016_J/ApJS/225/9_table4
3214.01,48.90,94.04,-3.6,Holczer+2016_J/ApJS/225/9_table4
3220.01,4.56,8.49,-1.1,Holczer+2016_J/ApJS/225/9_table4
3232.01,17.21,11.58,0.0,Holczer+2016_J/ApJS/225/9_table4
3237.01,8.53,10.02,-0.0,Holczer+2016_J/ApJS/225/9_table4
3246.01,20.57,14.75,0.0,Holczer+2016_J/ApJS/225/9_table4
3255.01,15.11,13.78,-0.0,Holczer+2016_J/ApJS/225/9_table4
3258.01,37.11,32.85,-0.0,Holczer+2016_J/ApJS/225/9_table4
3259.01,16.99,10.12,-0.0,Holczer+2016_J/ApJS/225/9_table4
3260.01,14.26,10.49,-0.0,Holczer+2016_J/ApJS/225/9_table4
3261.01,29.51,39.18,-0.1,Holczer+2016_J/ApJS/225/9_table4
3263.01,1.14,0.95,-0.0,Holczer+2016_J/ApJS/225/9_table4
3266.01,28.17,20.70,-0.0,Holczer+2016_J/ApJS/225/9_table4
3274.01,17.80,17.48,-0.0,Holczer+2016_J/ApJS/225/9_table4
3277.01,24.86,9.76,-0.0,Holczer+2016_J/ApJS/225/9_table4
3278.01,7.94,7.87,-0.0,Holczer+2016_J/ApJS/225/9_table4
3279.01,27.23,31.60,-0.0,Holczer+2016_J/ApJS/225/9_table4
3280.01,17.64,15.08,-0.0,Holczer+2016_J/ApJS/225/9_table4
3281.01,23.48,23.30,-0.0,Holczer+2016_J/ApJS/225/9_table4
3282.01,18.27,14.17,-0.0,Holczer+2016_J/ApJS/225/9_table4
3284.01,23.86,43.81,-1.5,Holczer+2016_J/ApJS/225/9_table4
3287.01,17.80,16.73,-0.0,Holczer+2016_J/ApJS/225/9_table4
3288.01,11.66,10.82,-0.0,Holczer+2016_J/ApJS/225/9_table4
3296.01,28.01,26.55,-0.0,Holczer+2016_J/ApJS/225/9_table4
3298.01,16.02,11.13,-0.0,Holczer+2016_J/ApJS/225/9_table4
3303.01,20.54,39.95,-2.3,Holczer+2016_J/ApJS/225/9_table4
3305.01,17.59,16.15,-0.0,Holczer+2016_J/ApJS/225/9_table4
3308.01,25.38,40.64,-0.6,Holczer+2016_J/ApJS/225/9_table4
3309.01,1.82,2.52,-0.2,Holczer+2016_J/ApJS/225/9_table4
3310.01,32.46,48.95,-0.4,Holczer+2016_J/ApJS/225/9_table4
3311.01,14.70,15.73,-0.0,Holczer+2016_J/ApJS/225/9_table4
3313.01,14.16,14.23,-0.0,Holczer+2016_J/ApJS/225/9_table4
3315.01,26.50,26.44,-0.0,Holczer+2016_J/ApJS/225/9_table4
3316.01,10.35,12.29,-0.0,Holczer+2016_J/ApJS/225/9_table4
3318.02,23.32,15.42,-0.0,Holczer+2016_J/ApJS/225/9_table4
3319.01,31.24,34.74,-0.0,Holczer+2016_J/ApJS/225/9_table4
3319.02,37.04,44.93,-0.0,Holczer+2016_J/ApJS/225/9_table4
3320.01,0.59,0.69,-0.1,Holczer+2016_J/ApJS/225/9_table4
3324.01,23.66,17.67,-0.0,Holczer+2016_J/ApJS/225/9_table4
3335.01,31.49,23.02,-0.0,Holczer+2016_J/ApJS/225/9_table4
3339.01,19.08,18.25,-0.0,Holczer+2016_J/ApJS/225/9_table4
3341.01,46.19,49.00,-0.0,Holczer+2016_J/ApJS/225/9_table4
3343.01,16.99,6.78,-0.0,Holczer+2016_J/ApJS/225/9_table4
3345.01,25.01,93.71,-16.,Holczer+2016_J/ApJS/225/9_table4
3346.01,30.57,41.06,-0.1,Holczer+2016_J/ApJS/225/9_table4
3348.01,28.32,28.28,-0.0,Holczer+2016_J/ApJS/225/9_table4
3349.01,29.28,24.37,-0.0,Holczer+2016_J/ApJS/225/9_table4
3357.01,0.30,0.30,-0.0,Holczer+2016_J/ApJS/225/9_table4
3361.01,32.18,32.79,-0.0,Holczer+2016_J/ApJS/225/9_table4
3363.01,15.71,19.60,-0.0,Holczer+2016_J/ApJS/225/9_table4
3365.01,22.67,14.58,-0.0,Holczer+2016_J/ApJS/225/9_table4
3370.01,27.31,15.54,-0.0,Holczer+2016_J/ApJS/225/9_table4
3371.01,16.68,19.45,-0.1,Holczer+2016_J/ApJS/225/9_table4
3372.01,27.66,48.14,-0.9,Holczer+2016_J/ApJS/225/9_table4
3375.01,19.89,29.01,-0.3,Holczer+2016_J/ApJS/225/9_table4
3379.01,34.85,37.43,-0.0,Holczer+2016_J/ApJS/225/9_table4
3383.01,26.79,36.35,-0.2,Holczer+2016_J/ApJS/225/9_table4
3384.02,28.10,38.95,-0.1,Holczer+2016_J/ApJS/225/9_table4
3385.01,0.32,0.33,-0.0,Holczer+2016_J/ApJS/225/9_table4
3386.01,0.21,0.37,-1.1,Holczer+2016_J/ApJS/225/9_table4
3391.01,22.07,34.36,-0.5,Holczer+2016_J/ApJS/225/9_table4
3393.01,33.37,14.62,-0.0,Holczer+2016_J/ApJS/225/9_table4
3396.01,46.78,62.24,-0.1,Holczer+2016_J/ApJS/225/9_table4
3398.02,22.36,63.83,-9.6,Holczer+2016_J/ApJS/225/9_table4
3403.01,31.69,21.63,-0.0,Holczer+2016_J/ApJS/225/9_table4
3404.01,42.40,39.61,-0.0,Holczer+2016_J/ApJS/225/9_table4
3407.01,16.36,15.74,-0.0,Holczer+2016_J/ApJS/225/9_table4
3408.01,27.37,41.62,-0.4,Holczer+2016_J/ApJS/225/9_table4
3411.01,0.84,1.26,-0.3,Holczer+2016_J/ApJS/225/9_table4
3412.01,17.60,17.19,-0.0,Holczer+2016_J/ApJS/225/9_table4
3414.01,0.16,0.34,-2.2,Holczer+2016_J/ApJS/225/9_table4
3415.01,37.00,73.21,-3.2,Holczer+2016_J/ApJS/225/9_table4
3417.01,27.72,37.55,-0.2,Holczer+2016_J/ApJS/225/9_table4
3418.01,43.11,47.04,-0.1,Holczer+2016_J/ApJS/225/9_table4
3419.01,0.06,0.25,-16.,Holczer+2016_J/ApJS/225/9_table4
3421.01,63.11,77.59,-0.1,Holczer+2016_J/ApJS/225/9_table4
3423.01,13.91,12.44,-0.0,Holczer+2016_J/ApJS/225/9_table4
3425.01,38.76,47.64,-0.0,Holczer+2016_J/ApJS/225/9_table4
3426.01,42.93,39.78,-0.0,Holczer+2016_J/ApJS/225/9_table4
3428.01,46.68,39.04,-0.0,Holczer+2016_J/ApJS/225/9_table4
3432.01,43.12,59.35,-0.2,Holczer+2016_J/ApJS/225/9_table4
3433.01,4.12,3.78,-0.0,Holczer+2016_J/ApJS/225/9_table4
3436.01,28.52,16.97,-0.0,Holczer+2016_J/ApJS/225/9_table4
3439.01,22.37,21.78,-0.0,Holczer+2016_J/ApJS/225/9_table4
3440.01,76.02,63.73,-0.0,Holczer+2016_J/ApJS/225/9_table4
3443.01,23.75,24.55,-0.0,Holczer+2016_J/ApJS/225/9_table4
3444.02,1.96,1.70,-0.0,Holczer+2016_J/ApJS/225/9_table4
3445.01,32.22,45.21,-0.2,Holczer+2016_J/ApJS/225/9_table4
3447.01,37.73,68.11,-1.3,Holczer+2016_J/ApJS/225/9_table4
3448.01,42.24,33.61,-0.0,Holczer+2016_J/ApJS/225/9_table4
3449.01,0.34,0.46,-0.2,Holczer+2016_J/ApJS/225/9_table4
3451.01,25.22,38.49,-0.4,Holczer+2016_J/ApJS/225/9_table4
3456.01,23.49,18.72,-0.0,Holczer+2016_J/ApJS/225/9_table4
3460.01,48.53,27.79,-0.0,Holczer+2016_J/ApJS/225/9_table4
3465.01,41.72,41.89,-0.0,Holczer+2016_J/ApJS/225/9_table4
3470.02,45.45,40.36,-0.0,Holczer+2016_J/ApJS/225/9_table4
3473.01,8.31,7.01,-0.0,Holczer+2016_J/ApJS/225/9_table4
3474.01,40.49,25.92,-0.0,Holczer+2016_J/ApJS/225/9_table4
3478.01,26.63,48.05,-1.3,Holczer+2016_J/ApJS/225/9_table4
3481.01,72.16,170.95,-4.8,Holczer+2016_J/ApJS/225/9_table4
3483.01,39.43,30.84,-0.0,Holczer+2016_J/ApJS/225/9_table4
3484.01,21.10,34.79,-0.6,Holczer+2016_J/ApJS/225/9_table4
3486.01,79.56,124.68,-0.6,Holczer+2016_J/ApJS/225/9_table4
3487.01,0.07,0.08,-0.1,Holczer+2016_J/ApJS/225/9_table4
3493.01,37.74,34.19,-0.0,Holczer+2016_J/ApJS/225/9_table4
3494.01,17.02,13.10,-0.0,Holczer+2016_J/ApJS/225/9_table4
3496.01,24.60,85.63,-16.,Holczer+2016_J/ApJS/225/9_table4
3497.01,13.10,10.27,-0.0,Holczer+2016_J/ApJS/225/9_table4
3500.01,18.22,18.48,-0.0,Holczer+2016_J/ApJS/225/9_table4
3506.01,0.20,0.54,-16.,Holczer+2016_J/ApJS/225/9_table4
3509.01,32.40,71.86,-16.,Holczer+2016_J/ApJS/225/9_table4
3573.01,0.09,0.18,-1.6,Holczer+2016_J/ApJS/225/9_table4
3605.01,0.22,0.50,-1.7,Holczer+2016_J/ApJS/225/9_table4
3620.01,0.28,0.21,-0.0,Holczer+2016_J/ApJS/225/9_table4
3627.02,0.79,0.87,-0.0,Holczer+2016_J/ApJS/225/9_table4
3641.01,0.21,0.39,-0.9,Holczer+2016_J/ApJS/225/9_table4
3652.01,0.38,0.82,-4.3,Holczer+2016_J/ApJS/225/9_table4
3660.01,0.35,0.45,-0.2,Holczer+2016_J/ApJS/225/9_table4
3674.01,0.59,1.01,-0.7,Holczer+2016_J/ApJS/225/9_table4
3678.01,0.60,6.54,-16.,Holczer+2016_J/ApJS/225/9_table4
3681.01,0.46,0.19,-0.0,Holczer+2016_J/ApJS/225/9_table4
3681.02,25.77,44.43,-1.8,Holczer+2016_J/ApJS/225/9_table4
3683.01,0.64,4.57,-16.,Holczer+2016_J/ApJS/225/9_table4
3685.01,0.43,0.40,-0.0,Holczer+2016_J/ApJS/225/9_table4
3685.02,31.68,36.42,-0.0,Holczer+2016_J/ApJS/225/9_table4
3689.01,0.56,0.66,-0.1,Holczer+2016_J/ApJS/225/9_table4
3690.01,0.91,0.75,-0.0,Holczer+2016_J/ApJS/225/9_table4
3692.01,1.66,5.15,-16.,Holczer+2016_J/ApJS/225/9_table4
3709.01,1.02,0.90,-0.0,Holczer+2016_J/ApJS/225/9_table4
3720.01,0.46,1.16,-2.3,Holczer+2016_J/ApJS/225/9_table4
3721.01,1.02,0.82,-0.0,Holczer+2016_J/ApJS/225/9_table4
3726.01,0.39,0.27,-0.0,Holczer+2016_J/ApJS/225/9_table4
3728.01,1.31,2.05,-1.0,Holczer+2016_J/ApJS/225/9_table4
3749.01,0.62,0.73,-0.1,Holczer+2016_J/ApJS/225/9_table4
3767.01,2.12,2.05,-0.0,Holczer+2016_J/ApJS/225/9_table4
3770.01,1.56,1.85,-0.0,Holczer+2016_J/ApJS/225/9_table4
3771.01,2.05,3.02,-0.3,Holczer+2016_J/ApJS/225/9_table4
3781.01,0.79,6.42,-16.,Holczer+2016_J/ApJS/225/9_table4
3787.01,0.79,1.34,-0.6,Holczer+2016_J/ApJS/225/9_table4
3794.01,4.33,6.11,-0.0,Holczer+2016_J/ApJS/225/9_table4
3815.01,3.74,3.58,-0.0,Holczer+2016_J/ApJS/225/9_table4
3823.01,2.71,2.92,-0.1,Holczer+2016_J/ApJS/225/9_table4
3835.01,3.29,2.71,-0.0,Holczer+2016_J/ApJS/225/9_table4
3837.01,2.52,2.10,-0.0,Holczer+2016_J/ApJS/225/9_table4
3848.01,23.08,19.62,0.0,Holczer+2016_J/ApJS/225/9_table4
3853.01,3.72,8.69,-4.5,Holczer+2016_J/ApJS/225/9_table4
3864.01,25.53,16.41,0.0,Holczer+2016_J/ApJS/225/9_table4
3864.02,23.82,23.38,-0.0,Holczer+2016_J/ApJS/225/9_table4
3871.01,9.07,5.45,0.0,Holczer+2016_J/ApJS/225/9_table4
3876.01,7.22,6.07,-0.0,Holczer+2016_J/ApJS/225/9_table4
3886.01,15.72,92.39,-16.,Holczer+2016_J/ApJS/225/9_table4
3890.01,8.38,6.84,-0.0,Holczer+2016_J/ApJS/225/9_table4
3891.01,12.93,14.37,-0.0,Holczer+2016_J/ApJS/225/9_table4
3893.01,19.57,14.04,0.0,Holczer+2016_J/ApJS/225/9_table4
3908.01,19.12,10.54,-0.0,Holczer+2016_J/ApJS/225/9_table4
3913.01,15.15,10.95,0.0,Holczer+2016_J/ApJS/225/9_table4
3916.01,16.20,12.57,0.0,Holczer+2016_J/ApJS/225/9_table4
3925.01,4.86,4.84,-0.0,Holczer+2016_J/ApJS/225/9_table4
3925.02,13.56,13.86,-0.0,Holczer+2016_J/ApJS/225/9_table4
3925.03,19.55,19.47,-0.1,Holczer+2016_J/ApJS/225/9_table4
3933.01,22.06,17.94,0.0,Holczer+2016_J/ApJS/225/9_table4
3943.01,15.78,18.08,-0.0,Holczer+2016_J/ApJS/225/9_table4
3947.02,56.96,178.09,-16.,Holczer+2016_J/ApJS/225/9_table4
3966.01,12.35,23.34,-1.0,Holczer+2016_J/ApJS/225/9_table4
4004.01,26.39,25.67,-0.0,Holczer+2016_J/ApJS/225/9_table4
4005.01,14.99,30.36,-1.2,Holczer+2016_J/ApJS/225/9_table4
4007.01,45.48,96.93,-6.4,Holczer+2016_J/ApJS/225/9_table4
4009.01,27.82,18.06,-0.0,Holczer+2016_J/ApJS/225/9_table4
4011.01,70.26,42.32,0.0,Holczer+2016_J/ApJS/225/9_table4
4015.01,10.06,5.48,-0.0,Holczer+2016_J/ApJS/225/9_table4
4016.01,6.64,6.63,-0.1,Holczer+2016_J/ApJS/225/9_table4
4021.01,32.18,36.20,-0.0,Holczer+2016_J/ApJS/225/9_table4
4024.01,27.04,18.11,-0.0,Holczer+2016_J/ApJS/225/9_table4
4036.01,17.71,11.03,-0.0,Holczer+2016_J/ApJS/225/9_table4
4054.01,13.04,6.05,-0.0,Holczer+2016_J/ApJS/225/9_table4
4066.01,12.44,46.24,-9.7,Holczer+2016_J/ApJS/225/9_table4
4067.01,6.04,4.71,-0.0,Holczer+2016_J/ApJS/225/9_table4
4068.01,15.84,11.66,-0.0,Holczer+2016_J/ApJS/225/9_table4
4069.01,28.63,21.39,-0.0,Holczer+2016_J/ApJS/225/9_table4
4076.01,24.41,19.21,-0.0,Holczer+2016_J/ApJS/225/9_table4
4084.01,24.30,17.12,-0.0,Holczer+2016_J/ApJS/225/9_table4
4087.01,20.56,15.42,-0.0,Holczer+2016_J/ApJS/225/9_table4
4092.01,26.36,27.22,-0.0,Holczer+2016_J/ApJS/225/9_table4
4120.01,44.61,68.66,-0.4,Holczer+2016_J/ApJS/225/9_table4
4121.01,17.39,18.56,-0.1,Holczer+2016_J/ApJS/225/9_table4
4123.01,60.28,67.94,-0.0,Holczer+2016_J/ApJS/225/9_table4
4127.01,28.51,23.04,-0.0,Holczer+2016_J/ApJS/225/9_table4
4150.01,42.16,102.66,-5.4,Holczer+2016_J/ApJS/225/9_table4
4152.01,7.44,16.43,-2.8,Holczer+2016_J/ApJS/225/9_table4
4192.01,38.08,30.73,-0.0,Holczer+2016_J/ApJS/225/9_table4
4202.01,20.15,21.43,-0.1,Holczer+2016_J/ApJS/225/9_table4
4204.01,42.26,47.54,-0.0,Holczer+2016_J/ApJS/225/9_table4
4215.01,45.86,71.83,-0.5,Holczer+2016_J/ApJS/225/9_table4
4226.01,38.06,46.02,-0.1,Holczer+2016_J/ApJS/225/9_table4
4235.01,10.17,19.40,-1.4,Holczer+2016_J/ApJS/225/9_table4
4242.01,14.08,25.76,-0.9,Holczer+2016_J/ApJS/225/9_table4
4245.01,42.53,107.37,-8.2,Holczer+2016_J/ApJS/225/9_table4
4253.01,7.43,13.52,-0.8,Holczer+2016_J/ApJS/225/9_table4
4257.01,33.11,124.00,-16.,Holczer+2016_J/ApJS/225/9_table4
4269.01,37.96,40.54,-0.0,Holczer+2016_J/ApJS/225/9_table4
4276.01,32.45,47.60,-0.3,Holczer+2016_J/ApJS/225/9_table4
4307.01,31.52,34.95,-0.1,Holczer+2016_J/ApJS/225/9_table4
4313.01,9.56,8.39,-0.0,Holczer+2016_J/ApJS/225/9_table4
4318.01,34.28,69.21,-3.9,Holczer+2016_J/ApJS/225/9_table4
4343.01,62.65,83.09,-0.1,Holczer+2016_J/ApJS/225/9_table4
4353.01,5.62,11.11,-1.2,Holczer+2016_J/ApJS/225/9_table4
4356.01,20.96,5.19,-0.0,Holczer+2016_J/ApJS/225/9_table4
4361.01,12.58,10.72,-0.0,Holczer+2016_J/ApJS/225/9_table4
4363.01,7.48,6.37,-0.0,Holczer+2016_J/ApJS/225/9_table4
4367.01,15.31,15.47,-0.0,Holczer+2016_J/ApJS/225/9_table4
4371.01,35.81,53.07,-0.3,Holczer+2016_J/ApJS/225/9_table4
4384.01,46.12,53.58,-0.1,Holczer+2016_J/ApJS/225/9_table4
4391.01,39.00,47.11,-0.1,Holczer+2016_J/ApJS/225/9_table4
4399.01,8.81,8.39,-0.0,Holczer+2016_J/ApJS/225/9_table4
4427.01,20.59,11.35,-0.0,Holczer+2016_J/ApJS/225/9_table4
4446.01,22.62,15.73,-0.0,Holczer+2016_J/ApJS/225/9_table4
4457.01,40.66,70.56,-0.8,Holczer+2016_J/ApJS/225/9_table4
4463.01,40.31,152.14,-16.,Holczer+2016_J/ApJS/225/9_table4
4466.01,37.60,51.52,-0.3,Holczer+2016_J/ApJS/225/9_table4
4480.01,15.40,24.43,-0.5,Holczer+2016_J/ApJS/225/9_table4
4491.01,37.03,113.75,-6.1,Holczer+2016_J/ApJS/225/9_table4
4496.01,18.55,10.54,-0.0,Holczer+2016_J/ApJS/225/9_table4
4498.01,40.21,61.83,-0.5,Holczer+2016_J/ApJS/225/9_table4
4500.02,24.36,18.55,-0.0,Holczer+2016_J/ApJS/225/9_table4
4519.01,15.33,56.05,-7.1,Holczer+2016_J/ApJS/225/9_table4
4526.01,81.96,75.02,-0.0,Holczer+2016_J/ApJS/225/9_table4
4548.01,41.77,198.73,-16.,Holczer+2016_J/ApJS/225/9_table4
4550.01,20.66,31.98,-0.4,Holczer+2016_J/ApJS/225/9_table4
4556.01,52.39,87.87,-0.9,Holczer+2016_J/ApJS/225/9_table4
4561.01,30.50,20.73,-0.0,Holczer+2016_J/ApJS/225/9_table4
4570.01,25.99,39.54,-0.4,Holczer+2016_J/ApJS/225/9_table4
4571.01,37.10,73.13,-1.8,Holczer+2016_J/ApJS/225/9_table4
4577.01,24.46,23.50,-0.0,Holczer+2016_J/ApJS/225/9_table4
4586.01,20.52,10.64,-0.0,Holczer+2016_J/ApJS/225/9_table4
4626.01,45.68,140.02,-6.5,Holczer+2016_J/ApJS/225/9_table4
4630.01,49.78,74.94,-0.4,Holczer+2016_J/ApJS/225/9_table4
4632.01,27.57,23.22,-0.0,Holczer+2016_J/ApJS/225/9_table4
4647.01,46.70,93.48,-2.0,Holczer+2016_J/ApJS/225/9_table4
4659.01,50.33,38.18,-0.0,Holczer+2016_J/ApJS/225/9_table4
4670.01,19.40,19.29,-0.0,Holczer+2016_J/ApJS/225/9_table4
4680.01,52.26,65.44,-0.1,Holczer+2016_J/ApJS/225/9_table4
4706.01,23.12,60.61,-3.3,Holczer+2016_J/ApJS/225/9_table4
4715.01,46.23,27.58,-0.0,Holczer+2016_J/ApJS/225/9_table4
4742.01,34.88,58.49,-0.6,Holczer+2016_J/ApJS/225/9_table4
4743.01,12.68,15.22,-0.1,Holczer+2016_J/ApJS/225/9_table4
4745.01,49.60,29.19,-0.0,Holczer+2016_J/ApJS/225/9_table4
4747.01,42.14,88.69,-1.7,Holczer+2016_J/ApJS/225/9_table4
4763.01,41.57,111.70,-4.8,Holczer+2016_J/ApJS/225/9_table4
4771.01,23.70,34.10,-0.3,Holczer+2016_J/ApJS/225/9_table4
4774.01,38.47,28.21,-0.0,Holczer+2016_J/ApJS/225/9_table4
4801.01,18.52,26.05,-0.3,Holczer+2016_J/ApJS/225/9_table4
4811.01,36.50,79.49,-3.1,Holczer+2016_J/ApJS/225/9_table4
4886.01,20.21,8.98,-0.0,Holczer+2016_J/ApJS/225/9_table4
4890.01,26.84,76.62,-4.3,Holczer+2016_J/ApJS/225/9_table4
4921.01,18.41,60.53,-5.9,Holczer+2016_J/ApJS/225/9_table4
4927.01,146.70,177.13,-0.1,Holczer+2016_J/ApJS/225/9_table4
4928.01,1.36,2.62,-4.2,Holczer+2016_J/ApJS/225/9_table4
4935.01,40.32,231.12,-16.,Holczer+2016_J/ApJS/225/9_table4
4938.01,61.13,67.85,-0.1,Holczer+2016_J/ApJS/225/9_table4
4940.01,19.86,31.20,-0.5,Holczer+2016_J/ApJS/225/9_table4
4942.01,88.32,161.59,-4.0,Holczer+2016_J/ApJS/225/9_table4
4956.01,48.50,111.80,-5.9,Holczer+2016_J/ApJS/225/9_table4
4963.01,21.34,36.29,-0.7,Holczer+2016_J/ApJS/225/9_table4
4966.01,11.11,22.97,-14.5,Holczer+2016_J/ApJS/225/9_table4
4971.01,35.30,64.19,-0.8,Holczer+2016_J/ApJS/225/9_table4
4975.01,14.68,12.02,-0.0,Holczer+2016_J/ApJS/225/9_table4
4983.01,27.16,41.11,-0.4,Holczer+2016_J/ApJS/225/9_table4
4997.01,55.88,35.51,-0.0,Holczer+2016_J/ApJS/225/9_table4
5019.01,56.33,222.28,-16.,Holczer+2016_J/ApJS/225/9_table4
5033.01,24.77,40.54,-0.5,Holczer+2016_J/ApJS/225/9_table4
5041.01,24.04,14.60,-0.0,Holczer+2016_J/ApJS/225/9_table4
5046.01,26.45,12.85,-0.0,Holczer+2016_J/ApJS/225/9_table4
5050.01,88.40,212.92,-9.3,Holczer+2016_J/ApJS/225/9_table4
5052.01,7.99,31.59,-8.7,Holczer+2016_J/ApJS/225/9_table4
5078.01,10.97,54.35,-13.5,Holczer+2016_J/ApJS/225/9_table4
5098.01,25.68,29.57,-0.1,Holczer+2016_J/ApJS/225/9_table4
5099.01,26.96,52.92,-1.2,Holczer+2016_J/ApJS/225/9_table4
5109.01,316.21,236.54,-0.0,Holczer+2016_J/ApJS/225/9_table4
5110.01,28.84,40.62,-0.3,Holczer+2016_J/ApJS/225/9_table4
5119.01,22.57,14.73,-0.0,Holczer+2016_J/ApJS/225/9_table4
5127.01,0.32,0.35,-0.1,Holczer+2016_J/ApJS/225/9_table4
5128.01,13.84,11.77,0.0,Holczer+2016_J/ApJS/225/9_table4
5187.01,11.09,23.72,-16.,Holczer+2016_J/ApJS/225/9_table4
5192.01,45.99,75.89,-0.7,Holczer+2016_J/ApJS/225/9_table4
5210.01,47.06,222.00,-12.0,Holczer+2016_J/ApJS/225/9_table4
5215.01,45.72,136.99,-4.2,Holczer+2016_J/ApJS/225/9_table4
5219.01,62.13,250.65,-16.,Holczer+2016_J/ApJS/225/9_table4
5220.01,9.45,11.21,-0.0,Holczer+2016_J/ApJS/225/9_table4
5245.01,3.37,5.87,-2.6,Holczer+2016_J/ApJS/225/9_table4
5248.01,66.58,208.77,-4.3,Holczer+2016_J/ApJS/225/9_table4
5279.01,32.50,36.93,-0.1,Holczer+2016_J/ApJS/225/9_table4
5345.01,15.93,36.62,-2.4,Holczer+2016_J/ApJS/225/9_table4
5358.01,24.79,28.72,-0.1,Holczer+2016_J/ApJS/225/9_table4
5361.01,28.40,37.72,-0.1,Holczer+2016_J/ApJS/225/9_table4
5384.01,0.96,1.09,-0.0,Holczer+2016_J/ApJS/225/9_table4
5388.01,54.53,129.09,-2.5,Holczer+2016_J/ApJS/225/9_table4
5403.01,2.57,5.97,-6.3,Holczer+2016_J/ApJS/225/9_table4
5409.01,1.59,1.91,-0.1,Holczer+2016_J/ApJS/225/9_table4
5420.01,9.40,17.19,-0.9,Holczer+2016_J/ApJS/225/9_table4
5426.01,28.49,20.10,-0.0,Holczer+2016_J/ApJS/225/9_table4
5440.01,44.93,80.67,-0.8,Holczer+2016_J/ApJS/225/9_table4
5441.01,36.24,112.14,-13.4,Holczer+2016_J/ApJS/225/9_table4
5458.01,37.87,65.15,-0.7,Holczer+2016_J/ApJS/225/9_table4
5459.01,34.50,33.56,-0.0,Holczer+2016_J/ApJS/225/9_table4
5461.01,58.69,121.18,-1.4,Holczer+2016_J/ApJS/225/9_table4
5472.01,20.72,36.29,-0.7,Holczer+2016_J/ApJS/225/9_table4
5476.01,31.87,80.11,-2.3,Holczer+2016_J/ApJS/225/9_table4
5497.01,29.55,84.25,-3.6,Holczer+2016_J/ApJS/225/9_table4
5500.01,15.48,43.84,-3.2,Holczer+2016_J/ApJS/225/9_table4
5512.01,17.80,13.92,-0.0,Holczer+2016_J/ApJS/225/9_table4
5525.01,16.43,26.47,-0.6,Holczer+2016_J/ApJS/225/9_table4
5537.01,12.17,18.29,-0.4,Holczer+2016_J/ApJS/225/9_table4
5543.01,6.87,4.93,-0.0,Holczer+2016_J/ApJS/225/9_table4
5553.01,22.01,39.65,-0.8,Holczer+2016_J/ApJS/225/9_table4
5566.01,17.07,12.88,-0.0,Holczer+2016_J/ApJS/225/9_table4
5573.01,24.24,32.72,-0.2,Holczer+2016_J/ApJS/225/9_table4
5582.01,6.51,5.35,-0.0,Holczer+2016_J/ApJS/225/9_table4
5585.01,20.87,49.65,-2.1,Holczer+2016_J/ApJS/225/9_table4
5586.01,84.81,154.71,-1.9,Holczer+2016_J/ApJS/225/9_table4
5594.01,17.58,35.36,-1.3,Holczer+2016_J/ApJS/225/9_table4
5600.01,91.13,132.95,-0.3,Holczer+2016_J/ApJS/225/9_table4
5605.01,11.15,7.83,-0.0,Holczer+2016_J/ApJS/225/9_table4
5621.01,22.61,21.88,-0.0,Holczer+2016_J/ApJS/225/9_table4
5630.01,21.28,19.05,-0.0,Holczer+2016_J/ApJS/225/9_table4
5633.01,22.73,14.47,-0.0,Holczer+2016_J/ApJS/225/9_table4
5635.01,26.90,32.81,-0.1,Holczer+2016_J/ApJS/225/9_table4
5642.01,18.77,20.16,-0.1,Holczer+2016_J/ApJS/225/9_table4
5647.01,54.85,118.09,-1.9,Holczer+2016_J/ApJS/225/9_table4
5651.01,42.76,58.35,-0.2,Holczer+2016_J/ApJS/225/9_table4
5652.01,24.61,18.27,-0.0,Holczer+2016_J/ApJS/225/9_table4
5654.01,59.41,35.84,-0.0,Holczer+2016_J/ApJS/225/9_table4
5662.01,20.80,10.66,-0.0,Holczer+2016_J/ApJS/225/9_table4
5663.01,16.63,12.83,-0.0,Holczer+2016_J/ApJS/225/9_table4
5672.01,2.17,3.80,-0.7,Holczer+2016_J/ApJS/225/9_table4
5676.01,19.42,56.98,-6.7,Holczer+2016_J/ApJS/225/9_table4
5685.01,22.35,49.34,-2.7,Holczer+2016_J/ApJS/225/9_table4
5690.01,16.17,25.93,-0.5,Holczer+2016_J/ApJS/225/9_table4
5711.01,0.92,0.44,-0.0,Holczer+2016_J/ApJS/225/9_table4
5713.01,8.81,8.39,-0.0,Holczer+2016_J/ApJS/225/9_table4
5721.01,32.74,36.15,-0.1,Holczer+2016_J/ApJS/225/9_table4
5727.01,16.43,8.86,-0.0,Holczer+2016_J/ApJS/225/9_table4
5728.01,10.36,8.16,-0.0,Holczer+2016_J/ApJS/225/9_table4
5731.01,4.94,8.37,-0.7,Holczer+2016_J/ApJS/225/9_table4
5736.01,31.64,28.75,-0.0,Holczer+2016_J/ApJS/225/9_table4
5757.01,42.89,59.65,-0.3,Holczer+2016_J/ApJS/225/9_table4
5758.01,22.08,21.33,-0.1,Holczer+2016_J/ApJS/225/9_table4
5776.01,20.89,26.24,-0.2,Holczer+2016_J/ApJS/225/9_table4
5787.01,65.98,66.95,-0.0,Holczer+2016_J/ApJS/225/9_table4
5799.01,14.12,21.10,-0.4,Holczer+2016_J/ApJS/225/9_table4
5801.01,35.57,108.29,-3.9,Holczer+2016_J/ApJS/225/9_table4
5802.01,34.64,125.49,-16.,Holczer+2016_J/ApJS/225/9_table4
5816.01,21.90,53.78,-3.2,Holczer+2016_J/ApJS/225/9_table4
5817.01,32.60,64.12,-1.2,Holczer+2016_J/ApJS/225/9_table4
5830.01,16.53,34.52,-1.4,Holczer+2016_J/ApJS/225/9_table4
5831.01,24.97,4.81,-0.0,Holczer+2016_J/ApJS/225/9_table4
5842.01,32.15,48.87,-0.4,Holczer+2016_J/ApJS/225/9_table4
5845.01,20.68,36.75,-1.2,Holczer+2016_J/ApJS/225/9_table4
5846.01,23.70,67.29,-3.2,Holczer+2016_J/ApJS/225/9_table4
5865.01,5.88,34.21,-16.,Holczer+2016_J/ApJS/225/9_table4
5866.01,5.35,29.26,-16.,Holczer+2016_J/ApJS/225/9_table4
5875.01,21.80,16.70,-0.0,Holczer+2016_J/ApJS/225/9_table4
5881.01,35.40,279.17,-16.,Holczer+2016_J/ApJS/225/9_table4
5887.01,162.33,196.46,-0.0,Holczer+2016_J/ApJS/225/9_table4
5901.01,40.90,74.34,-1.1,Holczer+2016_J/ApJS/225/9_table4
5940.01,26.74,19.82,-0.0,Holczer+2016_J/ApJS/225/9_table4
5942.01,15.10,41.11,-3.7,Holczer+2016_J/ApJS/225/9_table4
5945.01,25.78,78.30,-10.6,Holczer+2016_J/ApJS/225/9_table4
5955.01,23.91,35.95,-0.4,Holczer+2016_J/ApJS/225/9_table4
5968.01,19.52,18.11,-0.0,Holczer+2016_J/ApJS/225/9_table4
