time_bkjd,pdcsap_flux,pdcsap_flux_err,sap_quality
1977.36437997,133590.70312500,11.14139271,0
1977.38481215,133588.53125000,11.13879013,0
1977.40524433,133620.42187500,11.13768291,393216
1977.42567651,133618.62500000,11.13347816,0
1977.44610879,133619.09375000,11.13263130,0
1977.46654086,133608.07812500,11.13690186,262144
1977.48697314,133546.78125000,11.13817787,0
1977.50740532,133497.15625000,11.13665581,0
1977.52783739,133531.60937500,11.13624859,262144
1977.54826967,133540.65625000,11.13430023,0
1977.56870185,133570.09375000,11.13428211,0
1977.58913392,133545.23437500,11.13153839,0
1977.60956620,133512.90625000,11.13050461,0
1977.62999837,133646.92187500,11.12261677,0
1977.65043044,133577.89062500,11.12706852,0
1977.67086272,133525.73437500,11.12536335,393216
1977.69129489,133606.18750000,11.12723446,0
1977.71172696,133586.57812500,11.12552834,0
1977.73215924,133552.46875000,11.12850094,0
1977.75259141,133556.76562500,11.12311745,0
1977.77302348,133578.51562500,11.12288570,0
1977.79345575,133599.34375000,11.12147903,0
1977.81388792,133591.64062500,11.12005997,0
1977.83432009,133678.64062500,11.11511803,0
1977.85475226,133628.93750000,11.11576462,0
1977.87518443,133692.82812500,11.11627579,0
1977.89561660,133614.76562500,11.11689568,0
1977.91604877,133650.78125000,11.11699009,0
1977.93648093,133655.85937500,11.11930466,0
1977.95691320,133598.20312500,11.12714100,0
1977.97734527,133651.07812500,11.11465359,0
1977.99777743,133698.59375000,11.11170197,393216
1978.01820970,133662.78125000,11.11088276,393216
1978.03864177,133672.23437500,11.11337090,0
1978.05907393,133681.67187500,11.10520363,393216
1978.07950620,133796.70312500,11.09054947,393216
1978.09993826,133734.92187500,11.09535217,262144
1978.12037042,133754.01562500,11.10131645,262144
1978.14080269,133748.06250000,11.09723186,0
1978.16123475,133770.73437500,11.09291553,0
1978.18166691,133840.25000000,11.08605862,262144
1978.20209917,133833.45312500,11.07549381,0
1978.22253124,133924.81250000,11.06474686,0
1978.24296350,133907.00000000,11.05924416,393216
1978.26339566,133944.10937500,11.04930115,0
1978.28382782,133945.06250000,11.04041100,0
1978.30425998,133989.09375000,11.03092861,393216
1978.32469214,133975.68750000,11.03023148,0
1978.34512430,134027.82812500,11.01113319,0
1978.36555645,134009.12500000,11.00154495,393216
1978.38598861,134006.25000000,10.99652863,393216
1978.40642077,134029.56250000,10.97664452,0
1978.42685293,134063.67187500,10.96326733,0
1978.44728508,134091.79687500,10.94598866,393216
1978.46771724,134091.68750000,10.94192123,393216
1978.48814940,134046.09375000,10.92956257,0
1978.50858155,134043.98437500,10.92220497,0
1978.52901361,134045.53125000,10.91378021,0
1978.56987802,133797.18750000,11.18046379,0
1978.59031007,133820.60937500,11.17938232,0
1978.61074232,133877.76562500,11.17521381,262144
1978.63117448,133876.89062500,11.17533112,0
1978.65160673,133869.23437500,11.17740536,0
1978.67203878,133822.85937500,11.18113518,262144
1978.69247093,133831.12500000,11.17914391,393216
1978.71290318,133834.06250000,11.17875481,0
1978.73333523,133774.62500000,11.18141937,0
1978.75376738,133821.04687500,11.17750931,0
1978.77419963,133824.68750000,11.17930889,393216
1978.79463178,133734.73437500,11.18216038,0
1978.81506383,133752.29687500,11.18372726,0
1978.83549608,133744.92187500,11.18359566,393216
1978.85592823,133643.87500000,11.17951679,401408
1978.87636028,133662.23437500,11.18082333,0
1978.89679252,133677.46875000,11.18040466,16384
1978.91722467,133684.96875000,11.17959785,0
1978.93765672,133732.29687500,11.17529106,0
1978.95808896,133683.26562500,11.17567062,0
1978.97852111,133648.59375000,11.17796421,0
1978.99895315,133635.92187500,11.17772770,393216
1979.01938540,133656.71875000,11.18118477,0
1979.06024959,133545.82812500,11.17693806,0
1979.08068183,133597.23437500,11.17423630,0
1979.10111397,133576.15625000,11.17680931,0
1979.12154621,133550.37500000,11.17712879,393216
1979.14197826,133523.18750000,11.17925930,0
1979.16241040,133608.67187500,11.17601776,0
1979.18284254,133564.87500000,11.17864132,0
1979.20327468,133519.56250000,11.17825413,0
1979.22370682,133575.12500000,11.17656231,0
1979.24413896,133664.92187500,11.17757893,0
1979.26457110,133644.25000000,11.17734051,0
1979.28500324,133691.25000000,11.17803764,0
1979.30543538,133670.04687500,11.17742252,0
1979.32586752,133706.25000000,11.17535400,0
1979.34629965,133644.12500000,11.17920589,0
1979.36673189,133596.79687500,11.17989445,0
1979.38716393,133616.48437500,11.17961884,0
1979.40759606,133590.93750000,11.17870140,0
1979.42802830,133619.73437500,11.18044090,0
1979.44846033,133607.01562500,11.17983055,0
1979.46889247,133569.04687500,11.17894650,262144
1979.48932470,133646.29687500,11.17717648,0
1979.50975674,133606.00000000,11.17413902,0
1979.53018887,133583.68750000,11.17819405,393216
1979.55062111,133597.95312500,11.17822170,0
1979.57105314,133504.26562500,11.17961979,0
1979.59148537,133482.71875000,11.17772770,0
1979.61191750,133551.32812500,11.17750454,0
1979.63234964,133548.62500000,11.17792988,0
1979.65278177,133573.20312500,11.17705631,0
1979.67321390,133667.59375000,11.17544079,0
1979.69364603,133646.00000000,11.17694855,0
1979.71407816,133655.45312500,11.17857933,0
1979.73451029,133576.84375000,11.17511654,393216
1979.75494242,133647.76562500,11.17653465,393216
1979.77537455,133675.18750000,11.18075943,0
1979.79580667,133619.23437500,11.18152142,393216
1979.81623880,133651.40625000,11.18050385,0
1979.83667103,133661.03125000,11.17986679,0
1979.85710306,133603.98437500,11.18407631,0
1979.87753518,133652.31250000,11.18217468,0
1979.89796731,133799.84375000,11.17505360,0
1979.91839944,133729.68750000,11.17944145,0
1979.93883156,133709.45312500,11.18116570,0
1979.95926369,133728.00000000,11.17925644,0
1979.97969581,133716.42187500,11.18465805,0
1980.00012793,133724.32812500,11.18338490,393216
1980.02056006,133694.15625000,11.18433475,0
1980.04099218,133819.68750000,11.18310547,0
1980.06142440,133814.45312500,11.18772697,0
1980.08185643,133774.53125000,11.18457508,0
1980.10228855,133833.87500000,11.18399906,0
1980.12272077,133800.17187500,11.18343353,0
1980.14315279,133792.95312500,11.18558693,0
1980.16358491,133736.29687500,11.18443298,0
1980.18401713,133773.50000000,11.18418694,0
1980.20444925,133835.42187500,11.18834209,0
1980.22488127,133761.01562500,11.18567276,0
1980.24531349,133814.10937500,11.18105125,0
1980.26574561,133849.10937500,11.17887974,0
1980.28617763,133789.67187500,11.18488503,0
1980.30660984,133840.04687500,11.18712234,0
1980.32704196,133822.54687500,11.18388748,0
1980.34747398,133815.06250000,11.18427277,393216
1980.36790620,133807.37500000,11.18558311,0
1980.38833831,133846.62500000,11.18413448,0
1980.40877033,133962.51562500,11.17649460,0
1980.42920254,133966.71875000,11.18030167,0
1980.44963466,134001.39062500,11.18253040,0
1980.47006677,133931.48437500,11.18322277,0
1980.49049889,133898.39062500,11.18225670,0
1980.51093100,133969.68750000,11.18451309,0
1980.53136321,133899.78125000,11.18607712,0
1980.55179522,133933.75000000,11.18390274,0
1980.57222734,133939.26562500,11.18477821,0
1980.59265955,133939.43750000,11.17978573,393216
1980.61309156,133950.96875000,11.17954540,0
1980.63352367,133897.07812500,11.18059731,0
1980.65395588,133964.56250000,11.18466949,262144
1980.67438789,133943.12500000,11.18317604,0
1980.69482000,133980.56250000,11.18266296,393216
1980.71525221,134005.35937500,11.17836666,262144
1980.73568422,133976.43750000,11.18186569,0
1980.75611633,134004.71875000,11.17520142,0
1980.77654854,133957.14062500,11.18417072,393216
1980.79698054,134029.64062500,11.17785358,0
1980.81741265,133956.12500000,11.18090630,0
1980.83784486,133979.93750000,11.17931747,262144
1980.85827687,134075.82812500,11.17054176,0
1980.87870897,134052.79687500,11.17054558,0
1980.89914118,134038.93750000,11.17215157,0
1980.91957318,134066.75000000,11.16947556,393216
1980.94000529,134105.62500000,11.16845512,0
1980.96043749,134049.23437500,11.17203617,0
1980.98086950,134089.70312500,11.16808510,393216
1981.02173380,133875.43750000,11.17982483,0
1981.04216590,133947.62500000,11.18329811,0
1981.06259801,133953.34375000,11.18163204,393216
1981.08303011,133898.50000000,11.18225670,0
1981.10346221,133907.85937500,11.18588924,0
1981.12389431,133926.28125000,11.18615055,0
1981.14432641,133908.65625000,11.18696690,0
1981.16475851,133915.90625000,11.18458748,0
1981.18519071,133952.78125000,11.18581963,0
1981.20562271,133975.90625000,11.18145847,0
1981.22605481,134003.10937500,11.18350601,0
1981.24648701,134010.32812500,11.18447018,262144
1981.26691901,133991.03125000,11.18275166,262144
1981.28735111,133974.78125000,11.18188763,0
1981.30778330,133989.06250000,11.18208027,262144
1981.32821530,133966.75000000,11.18256187,262144
1981.34864740,134016.43750000,11.17759895,0
1981.36907959,134061.50000000,11.17504692,0
1981.38951159,134043.85937500,11.17782593,0
1981.40994368,134108.18750000,11.17418671,0
1981.43037578,134113.07812500,11.17335224,0
1981.45080787,134132.50000000,11.16366196,0
1981.47124007,134117.73437500,11.16777515,0
1981.51210415,133655.17187500,11.12966347,0
1981.59383262,133628.17187500,11.13989353,0
1981.61426471,133614.84375000,11.13810158,0
1981.63469670,133634.70312500,11.13636494,0
1981.65512889,133612.71875000,11.14342022,0
1981.67556098,133651.09375000,11.14257145,0
1981.69599297,133614.40625000,11.14284039,0
1981.71642516,133564.25000000,11.14158630,0
1981.73685725,133555.90625000,11.14540768,0
1981.75728924,133608.17187500,11.13854027,0
1981.77772143,133603.78125000,11.14453316,0
1981.79815352,133584.59375000,11.14326477,0
1981.81858550,133578.12500000,11.14466381,393216
1981.83901769,133546.15625000,11.15007973,393216
1981.85944978,133570.93750000,11.15188980,0
1981.87988186,133577.81250000,11.15053177,0
1981.90031395,133538.87500000,11.15538406,393216
1981.92074603,133535.45312500,11.15728760,0
1981.94117822,133529.68750000,11.15770340,0
1981.96161020,133611.65625000,11.16131115,0
1981.98204228,133490.96875000,11.16110611,0
1982.00247447,133547.56250000,11.16171646,0
1982.02290655,133510.76562500,11.16734409,0
1982.04333853,133502.39062500,11.16829777,0
1982.06377072,133497.93750000,11.16660881,0
1982.08420280,133545.34375000,11.17154598,0
1982.10463478,133595.35937500,11.17043209,0
1982.12506696,133619.26562500,11.17737770,0
1982.14549894,133591.95312500,11.17732430,0
1982.16593102,133620.60937500,11.18074894,0
1982.18636320,133643.14062500,11.18211269,0
1982.20679518,133595.18750000,11.18331623,0
1982.22722726,133634.85937500,11.18113327,0
1982.24765944,133623.93750000,11.18351841,0
1982.26809142,133657.17187500,11.18454456,0
1982.28852349,133724.34375000,11.18765259,0
1982.30895567,133703.12500000,11.19163418,262144
1982.32938765,133696.57812500,11.18998623,0
1982.34981972,133731.82812500,11.18684101,0
1982.37025190,133779.98437500,11.18980217,0
1982.39068398,133820.12500000,11.19095230,0
1982.41111605,133781.09375000,11.18910980,0
1982.43154813,133756.85937500,11.18736267,0
1982.45198020,133781.95312500,11.18996525,0
1982.47241227,133801.96875000,11.19008350,0
1982.49284435,133709.00000000,11.19034672,0
1982.51327642,133770.34375000,11.19111156,0
1982.53370859,133730.50000000,11.19112778,0
1982.55414057,133754.31250000,11.19091702,0
1982.57457264,133782.28125000,11.18783474,0
1982.59500481,133722.62500000,11.19188118,0
1982.61543678,133802.73437500,11.19157600,0
1982.63586885,133747.67187500,11.19360256,0
1982.65630102,133766.73437500,11.19219780,0
1982.67673299,133760.67187500,11.19428062,0
1982.69716506,133769.85937500,11.19001865,0
1982.71759723,133750.96875000,11.19300842,0
1982.73802920,133779.03125000,11.19231606,0
1982.75846127,133793.76562500,11.19076538,0
1982.77889344,133807.56250000,11.19254017,0
1982.79932541,133832.75000000,11.19138527,0
1982.81975747,133852.70312500,11.19497776,0
1982.84018964,133858.56250000,11.19350529,0
1982.86062171,133798.06250000,11.19296741,0
1982.88105377,133820.37500000,11.19242287,0
1982.90148584,133968.26562500,11.19156456,0
1982.92191780,133905.95312500,11.19260216,0
1982.94234997,133942.95312500,11.18940449,0
1982.98321400,134040.75000000,11.19050503,0
1983.00364616,134020.21875000,11.19381523,0
1983.02407822,134045.15625000,11.19150448,262144
1983.04451019,134041.81250000,11.19053459,0
1983.06494235,133936.51562500,11.19247341,0
1983.08537441,134052.82812500,11.19001198,262144
1983.10580637,134067.54687500,11.19065857,262144
1983.12623853,134064.03125000,11.18852806,0
1983.14667060,134126.96875000,11.18747807,262144
1983.16710256,134129.01562500,11.19058800,262144
1983.18753472,134124.59375000,11.18782902,0
1983.20796678,134127.01562500,11.18564701,0
1983.22839884,134116.64062500,11.18303013,0
1983.24883089,134113.18750000,11.18574905,393216
1983.26926295,134163.18750000,11.18142891,0
1983.28969501,134174.46875000,11.18013668,262144
1983.31012707,134180.51562500,11.17947006,0
1983.33055913,134185.25000000,11.17875004,0
1983.35099128,134219.21875000,11.17816830,262144
1983.37142334,134269.14062500,11.18014526,393216
1983.39185530,134244.01562500,11.17794228,0
1983.41228745,134258.12500000,11.17601681,0
1983.43271951,134217.46875000,11.16859818,0
1983.47358362,133655.89062500,11.16568184,0
1983.49401567,133539.79687500,11.17210293,0
1983.51444763,133708.79687500,11.17545795,0
1983.53487978,133694.78125000,11.17549706,0
1983.55531183,133587.48437500,11.18158817,262144
1983.57574378,133707.45312500,11.18521309,0
1983.59617594,133705.43750000,11.18513203,262144
1983.61660799,133629.50000000,11.18454266,262144
1983.63703994,133669.65625000,11.18800640,262144
1983.65747209,133642.18750000,11.18579197,0
1983.67790404,133723.40625000,11.18502903,0
1983.69833619,133749.07812500,11.18552876,262144
1983.71876824,133792.84375000,11.18949509,0
1983.73920019,133724.35937500,11.19031429,0
1983.75963224,133792.18750000,11.19632244,0
1983.78006439,133852.95312500,11.19541836,0
1983.80049644,133808.51562500,11.19411945,0
1983.82092849,133832.06250000,11.19452190,393216
1983.84136053,133843.82812500,11.19198132,393216
1983.86179258,133963.57812500,11.19421482,0
1983.88222473,133885.85937500,11.19292259,0
1983.90265667,133972.01562500,11.19347191,0
1983.92308872,133985.84375000,11.19797230,0
1983.94352087,134027.62500000,11.19485760,0
1983.96395281,133983.23437500,11.19674397,0
1983.98438486,134146.01562500,11.19423962,0
1984.00481700,134185.59375000,11.19216537,0
1984.02524894,134181.31250000,11.19186783,0
1984.04568099,134194.46875000,11.19117451,0
1984.06611313,134216.82812500,11.18840122,0
1984.08654507,134188.85937500,11.18556213,0
1984.10697712,134203.09375000,11.18438625,0
1984.12740926,134176.03125000,11.18751144,0
1984.14784120,134267.01562500,11.18011761,393216
1984.16827324,134243.43750000,11.18543434,0
1984.18870538,134241.21875000,11.18313408,0
1984.20913742,134268.96875000,11.18094921,0
1984.22956936,134275.06250000,11.17856598,0
1984.25000150,134262.85937500,11.18002510,0
1984.27043354,134356.51562500,11.17300510,0
1984.29086558,134340.85937500,11.17059612,0
1984.31129762,134415.71875000,11.17239952,0
1984.33172966,134323.00000000,11.16242886,0
1984.35216180,134331.89062500,11.15546799,0
1984.37259373,134290.09375000,11.15219021,0
1984.39302567,134276.06250000,11.14533901,0
1984.41345781,134312.56250000,11.13378906,0
1984.45432178,133733.51562500,11.18622208,0
1984.47475392,133743.48437500,11.18869877,0
1984.49518595,133776.17187500,11.19283962,393216
1984.51561789,133819.40625000,11.19356346,0
1984.53605002,133864.51562500,11.19696522,393216
1984.55648205,133903.50000000,11.19668674,393216
1984.57691399,133996.85937500,11.19822311,0
1984.59734612,134013.48437500,11.19813156,0
1984.61777815,134037.23437500,11.20044613,0
1984.63821019,134095.37500000,11.19712448,0
1984.65864222,134145.92187500,11.19804382,0
1984.67907425,134157.21875000,11.19395161,0
1984.69950628,134200.96875000,11.19334316,0
1984.71993841,134234.89062500,11.18881702,0
1984.74037034,134262.67187500,11.18531895,0
1984.76080247,134276.50000000,11.18516922,0
1984.78123450,134341.81250000,11.17845249,393216
1984.80166643,134336.70312500,11.17562199,0
1984.82209856,134364.43750000,11.17064095,0
1984.84253059,134368.29687500,11.16714954,0
1984.86296252,134330.21875000,11.15913773,0
1984.88339465,134350.00000000,11.15761566,0
1984.90382667,134327.87500000,11.14775944,0
1984.96512275,133652.57812500,11.17822170,0
1984.98555468,133641.14062500,11.17915249,0
1985.00598681,133715.93750000,11.18497562,0
1985.02641883,133724.62500000,11.19003582,262144
1985.04685086,133754.20312500,11.18935966,262144
1985.06728288,133757.09375000,11.19150448,0
1985.08771490,133827.53125000,11.19438744,0
1985.10814693,133795.28125000,11.19584751,262144
1985.12857895,133916.18750000,11.19560242,0
1985.14901097,133803.73437500,11.19580650,0
1985.16944290,133924.34375000,11.19570732,0
1985.18987502,133972.84375000,11.19927025,0
1985.21030704,134050.87500000,11.19798374,0
1985.23073916,134142.04687500,11.19611645,0
1985.25117108,134135.35937500,11.19638252,0
1985.27160310,134238.46875000,11.19753551,0
1985.29203523,134177.68750000,11.19366932,262144
1985.31246715,134217.75000000,11.19079781,0
1985.33289916,134245.85937500,11.18786240,0
1985.35333128,134242.59375000,11.18324184,393216
1985.37376320,134316.42187500,11.18376732,0
1985.39419522,134315.20312500,11.18455505,262144
1985.43505926,133693.79687500,11.17998219,0
1985.45549127,133710.59375000,11.18518734,262144
1985.47592339,133751.54687500,11.18518162,393216
1985.49635531,133723.64062500,11.19350147,0
1985.51678732,133787.23437500,11.19298172,0
1985.53721944,133784.40625000,11.19358921,0
1985.55765145,133906.21875000,11.19123936,0
1985.57808337,133898.62500000,11.19771385,0
1985.59851548,133879.56250000,11.19653893,0
1985.61894750,133929.45312500,11.19700909,0
1985.63937941,133982.43750000,11.20017147,0
1985.65981153,134008.92187500,11.20432663,0
1985.68024354,133943.20312500,11.19759274,0
1985.70067565,134063.76562500,11.19926643,0
1985.72110757,134103.37500000,11.20085621,0
1985.74153958,134077.25000000,11.20487309,0
1985.76197169,134160.60937500,11.19820023,0
1985.78240360,134143.90625000,11.20086956,393216
1985.80283561,134198.51562500,11.19536686,393216
1985.82326772,134183.23437500,11.19736195,393216
1985.84369963,134324.43750000,11.19384480,393216
1985.86413164,134290.18750000,11.19018745,393216
1985.88456365,134391.92187500,11.18533993,393216
1985.92542767,133841.40625000,11.16508198,393216
1985.94585968,133846.68750000,11.17276573,8192
1985.96629169,133706.59375000,11.17876720,0
1985.98672369,133778.39062500,11.18440914,0
1986.00715570,133766.71875000,11.18975544,0
1986.02758771,133784.90625000,11.19276428,0
1986.04801971,133799.48437500,11.19239998,0
1986.06845182,133843.71875000,11.19792175,0
1986.08888373,133907.85937500,11.19814301,0
1986.10931573,133929.50000000,11.20027924,0
1986.12974784,134045.53125000,11.20048141,0
1986.15017974,134013.43750000,11.19986629,0
1986.17061184,134013.50000000,11.20178986,0
1986.19104385,134089.87500000,11.20224953,0
1986.21147575,134046.06250000,11.20308304,0
1986.23190786,134080.35937500,11.20041847,0
1986.25233986,134187.65625000,11.19928265,0
1986.27277176,134272.90625000,11.19968414,0
1986.29320386,134255.73437500,11.19745636,0
1986.31363586,134328.42187500,11.19190121,0
1986.33406777,134307.01562500,11.19114876,0
1986.35449987,134340.31250000,11.19076347,0
1986.37493187,134349.06250000,11.18517780,393216
1986.39536387,134372.92187500,11.18253422,0
1986.41579587,134407.40625000,11.17699718,0
1986.43622787,134428.10937500,11.17386055,393216
1986.45665987,134389.84375000,11.16500950,0
1986.47709186,134429.70312500,11.15415764,0
1986.49752386,134379.23437500,11.14686680,393216
1986.57925185,134146.32812500,11.08789062,0
1986.59968385,134062.37500000,11.05826283,0
1986.62011585,133943.73437500,11.02147770,0
1986.66097984,133985.21875000,11.20150089,0
1986.68141183,134012.37500000,11.20225811,0
1986.70184393,134074.23437500,11.20254326,0
1986.72227582,134135.06250000,11.20410442,262144
1986.74270782,134163.82812500,11.19981861,0
1986.76313991,134218.68750000,11.20157242,0
1986.78357180,134268.73437500,11.19887352,0
1986.80400380,134319.39062500,11.19370461,0
1986.82443589,134367.93750000,11.19113731,0
1986.84486778,134355.67187500,11.18714046,0
1986.86529977,134404.59375000,11.18047619,0
1986.90616385,134307.09375000,11.19731617,0
1986.92659575,134360.15625000,11.19156837,0
1986.94702784,134263.50000000,11.19298172,0
1986.96745983,134394.32812500,11.19073200,0
1986.98789172,134392.48437500,11.18736839,0
1987.00832380,134426.06250000,11.18048382,0
1987.02875579,134384.60937500,11.17709160,0
1987.04918768,134403.65625000,11.17216587,0
1987.06961977,134453.68750000,11.17076874,0
1987.09005176,134420.10937500,11.16825485,0
1987.11048385,134447.76562500,11.15779781,0
1987.15134772,133794.98437500,11.19345474,0
1987.17177981,133883.60937500,11.19635963,0
1987.19221169,133928.64062500,11.19736958,0
1987.21264368,133992.95312500,11.19901466,0
1987.23307576,133911.71875000,11.19788551,262144
1987.25350765,133998.64062500,11.20009995,0
1987.27393963,134027.75000000,11.20333862,0
1987.29437172,134043.42187500,11.20487309,0
1987.31480360,134076.23437500,11.20596313,0
1987.33523558,134304.23437500,11.20267773,262144
1987.35566767,134255.79687500,11.20022488,0
1987.37609955,134264.76562500,11.19906998,0
1987.39653153,134315.87500000,11.19530773,0
1987.41696352,134294.46875000,11.19723511,0
1987.43739550,134378.07812500,11.18824005,0
1987.45782748,134426.34375000,11.18629932,0
1987.47825956,134453.78125000,11.18501472,0
1987.49869144,134458.42187500,11.18315220,0
1987.51912352,134490.31250000,11.17373657,0
1987.53955550,134451.87500000,11.17135525,0
1987.55998738,134465.76562500,11.16382027,0
1987.58041946,134454.92187500,11.15804768,0
1987.60085144,134398.17187500,11.14502811,0
1987.64171539,133998.54687500,11.19984531,0
1987.66214737,134009.90625000,11.20255089,0
1987.68257925,134039.06250000,11.20342255,0
1987.70301133,134078.46875000,11.20463753,0
1987.72344330,134155.92187500,11.20288372,0
1987.74387528,134161.31250000,11.20346928,0
1987.76430726,134246.40625000,11.19754028,0
1987.78473923,134350.35937500,11.19981289,0
1987.80517121,134383.23437500,11.19525909,0
1987.82560318,134392.48437500,11.19591236,0
1987.84603516,134435.35937500,11.18756962,0
1987.88689910,133887.10937500,11.16830540,0
1987.90733108,133865.32812500,11.16900921,0
1987.92776305,133828.03125000,11.17957211,0
1987.94819512,133759.82812500,11.18571663,0
1987.96862700,133780.87500000,11.18879509,0
1987.98905907,133756.31250000,11.19176579,0
1988.00949104,133859.12500000,11.19517136,0
1988.02992291,133924.56250000,11.19913292,0
1988.05035498,133928.12500000,11.20242500,0
1988.07078695,134015.00000000,11.20248508,0
1988.09121882,133993.32812500,11.20188904,0
1988.11165089,134124.56250000,11.20555687,0
1988.13208276,134087.21875000,11.19987392,0
1988.15251473,134226.29687500,11.20472050,0
1988.17294680,134315.70312500,11.20527744,0
1988.19337867,134331.78125000,11.20165634,0
1988.21381064,134335.85937500,11.19421291,0
1988.23424271,134373.89062500,11.18659973,393216
1988.25467457,134435.20312500,11.18416691,0
1988.27510654,134411.95312500,11.17702484,0
1988.29553861,134438.57812500,11.16848755,393216
1988.31597058,134416.29687500,11.16178989,0
1988.33640244,134440.73437500,11.15033817,0
1988.37726647,133850.21875000,11.19628525,0
1988.39769834,133892.59375000,11.20156765,0
1988.41813040,133937.29687500,11.20421219,262144
1988.43856237,133984.96875000,11.20293331,0
1988.45899443,134045.79687500,11.20233154,0
1988.47942630,134243.45312500,11.20310116,0
1988.49985826,134248.03125000,11.20159435,0
1988.52029032,134317.73437500,11.19843102,0
1988.54072218,134326.28125000,11.19344139,0
1988.56115415,134347.54687500,11.19014931,0
1988.58158621,134368.10937500,11.17774296,0
1988.62245003,133869.35937500,11.16271305,0
1988.64288209,133857.12500000,11.17438698,393216
1988.66331395,133851.32812500,11.17510033,0
1988.68374591,133792.04687500,11.18309498,0
1988.70417797,133806.35937500,11.18746948,393216
1988.72460983,133762.75000000,11.19222832,0
1988.74504179,133759.28125000,11.19408607,0
1988.76547385,133773.92187500,11.19836235,0
1988.78590581,133964.34375000,11.20128632,0
1988.80633767,133937.92187500,11.20421696,0
1988.82676973,133992.31250000,11.20218945,0
1988.88806560,133980.75000000,11.14484024,0
1988.90849745,133964.92187500,11.14575958,262144
1988.92892951,133959.90625000,11.15312958,0
1988.94936147,133904.26562500,11.15832424,0
1988.96979332,133886.98437500,11.16167450,262144
1988.99022538,133823.23437500,11.17001915,262144
1989.01065733,133746.84375000,11.17488003,0
1989.03108918,133704.51562500,11.17624378,0
1989.05152124,133703.71875000,11.18223381,0
1989.07195319,133753.73437500,11.18456268,0
1989.09238505,133708.26562500,11.19285202,0
1989.11281710,133781.29687500,11.19126511,0
1989.13324905,133811.43750000,11.19409561,0
1989.15368100,133841.67187500,11.19641018,0
1989.17411296,133893.50000000,11.20167828,0
1989.19454491,133801.89062500,11.20310879,0
1989.21497686,133867.73437500,11.20105076,0
1989.23540881,133922.96875000,11.20272255,0
1989.25584076,133944.01562500,11.20167446,0
1989.27627271,134135.37500000,11.20087624,0
1989.29670476,134161.51562500,11.20110226,0
1989.35800061,133877.95312500,11.15962791,0
1989.37843246,133823.03125000,11.16043091,0
1989.39886451,133822.75000000,11.16778374,0
1989.41929645,133746.23437500,11.16937256,0
1989.43972830,133719.78125000,11.17691517,0
1989.46016035,133718.09375000,11.17912483,0
1989.48059230,133692.59375000,11.18477058,0
1989.50102414,133733.14062500,11.18651581,0
1989.52145619,133625.09375000,11.18935585,0
1989.54188813,133689.50000000,11.19515133,0
1989.56231998,133732.50000000,11.19856071,0
1989.58275202,133739.31250000,11.19931221,0
1989.60318397,133942.90625000,11.20280266,0
1989.62361581,133930.54687500,11.20041275,0
1989.64404786,133996.76562500,11.20469189,0
1989.66447980,134043.54687500,11.20308304,0
1989.68491165,134132.96875000,11.19900799,0
1989.70534369,134145.68750000,11.19879436,0
1989.72577563,134185.87500000,11.19432354,262144
1989.74620747,134235.29687500,11.18755436,0
1989.76663952,134315.26562500,11.17917347,0
1989.78707146,134330.25000000,11.17659092,262144
1989.80750330,134316.96875000,11.16270065,0
1989.84836728,133589.51562500,11.18680286,0
1989.86879932,133633.45312500,11.19301033,0
1989.88923116,133644.71875000,11.19331551,262144
1989.90966310,133800.15625000,11.20040417,0
1989.93009514,133764.26562500,11.19738674,0
1989.95052698,133857.92187500,11.19951153,0
1989.97095892,133873.85937500,11.20005894,0
1989.99139096,133984.57812500,11.20095825,0
1990.01182280,134030.82812500,11.19820786,0
1990.03225473,134180.59375000,11.19590855,0
1990.05268677,134210.43750000,11.19161987,0
1990.07311861,134239.23437500,11.18181324,0
1990.09355055,134263.71875000,11.17710781,0
1990.11398258,134269.40625000,11.17100048,393216
1990.13441452,134221.60937500,11.16109562,393216
1990.15484635,134235.45312500,11.14880085,0
1990.17527839,134168.45312500,11.13700581,262144
1990.19571032,134037.03125000,11.11355114,393216
1990.21614216,133880.64062500,11.06951523,393216
1990.23657419,133751.75000000,11.00629616,262144
1990.33873386,134026.79687500,11.19664288,262144
1990.35916579,134102.51562500,11.19526863,0
1990.37959763,134113.95312500,11.18151569,0
1990.40002966,134177.90625000,11.17423820,0
1990.42046159,134231.25000000,11.15986824,0
1990.52262124,133580.12500000,10.93089676,0
1990.58391703,134009.37500000,11.19824696,0
1990.60434896,133985.95312500,11.19396973,0
1990.62478089,134100.90625000,11.18999386,0
1990.64521291,134121.90625000,11.18418503,0
1990.66564474,134148.03125000,11.17960548,0
1990.68607667,134179.45312500,11.17263126,0
1990.70650870,134138.93750000,11.17067337,0
1990.72694052,134160.01562500,11.16142845,0
1990.74737255,134140.71875000,11.15173817,0
1990.76780447,134097.12500000,11.14244652,0
1990.78823630,134072.78125000,11.13409615,0
1990.82910025,133560.26562500,11.16942310,0
1990.84953207,133552.37500000,11.17186832,270336
1990.86996410,133482.20312500,11.17873478,0
1990.89039602,133458.34375000,11.17568588,0
1990.91082785,133442.40625000,11.18135929,262144
1990.93125987,133456.70312500,11.18563366,0
1990.95169179,133450.35937500,11.18560886,0
1990.97212371,133417.15625000,11.18541431,0
1990.99255564,133431.81250000,11.18949890,0
1991.01298756,133533.25000000,11.19387341,0
1991.03341948,133575.46875000,11.19543743,0
1991.05385140,133621.95312500,11.19672108,0
1991.07428332,133635.10937500,11.19880962,0
1991.09471514,133681.57812500,11.19693756,0
1991.11514716,133834.34375000,11.19868660,0
1991.13557908,133750.25000000,11.19736481,0
1991.15601110,133782.17187500,11.19518757,0
1991.17644292,133848.21875000,11.19637775,0
1991.19687484,133828.85937500,11.19194317,0
1991.21730686,133862.76562500,11.19539452,0
1991.23773868,133976.37500000,11.19174862,0
1991.25817060,133937.50000000,11.19087696,0
1991.27860262,133922.76562500,11.19174290,0
1991.31946635,133535.12500000,11.16224766,0
1991.33989837,133477.29687500,11.16154671,0
1991.36033018,133479.71875000,11.16392994,0
1991.38076210,133496.35937500,11.16601658,0
1991.40119412,133447.75000000,11.16796017,0
1991.42162593,133409.32812500,11.17040253,0
1991.44205785,133440.67187500,11.17533779,0
1991.46248986,133362.15625000,11.17665005,0
1991.48292178,133322.50000000,11.17739868,0
1991.50335359,133421.89062500,11.18307400,0
1991.52378560,133314.82812500,11.18077278,0
1991.54421752,133397.50000000,11.18530846,0
1991.56464933,133383.15625000,11.19017410,0
1991.58508134,133326.28125000,11.19217682,0
1991.60551326,133405.20312500,11.19114208,0
1991.62594527,133476.20312500,11.19367409,0
1991.64637708,133509.01562500,11.19355202,0
1991.66680899,133556.40625000,11.19672394,0
1991.68724100,133601.60937500,11.19210434,0
1991.70767281,133623.73437500,11.19643593,0
1991.72810473,133660.50000000,11.19509029,0
1991.74853664,133724.67187500,11.19261360,0
1991.76896855,133821.71875000,11.19384098,0
1991.78940046,133828.62500000,11.18753338,0
1991.80983237,133868.21875000,11.18247223,0
1991.83026427,133879.26562500,11.18046474,262144
1991.85069618,133925.90625000,11.17905426,0
1991.87112809,133962.06250000,11.16791821,0
1991.89156000,133983.06250000,11.16587067,262144
1991.91199191,133952.03125000,11.15191841,0
1991.93242382,133951.60937500,11.14682579,0
1991.95285572,133905.98437500,11.13982201,0
1991.97328763,133782.28125000,11.12405777,0
1991.99371964,133777.95312500,11.10840607,0
1992.01415144,133689.50000000,11.08118057,0
1992.05501535,133337.65625000,11.18830204,0
1992.07544716,133393.39062500,11.19002628,0
1992.09587916,133422.31250000,11.18884182,0
1992.11631107,133481.57812500,11.19263649,0
1992.13674287,133580.12500000,11.19275284,0
1992.15717488,133635.75000000,11.19446564,0
1992.17760678,133584.57812500,11.18855953,0
1992.19803859,133812.78125000,11.18928432,0
1992.21847059,133818.56250000,11.18912220,0
1992.23890249,133892.20312500,11.18492794,393216
1992.25933429,133872.25000000,11.17644501,0
1992.30019820,133334.28125000,11.16275978,393216
1992.32063010,133244.78125000,11.17381477,0
1992.34106200,133262.37500000,11.17670250,0
1992.36149390,133174.60937500,11.17975044,0
1992.38192580,133245.26562500,11.18307018,0
1992.40235770,133268.15625000,11.18669605,0
1992.42278960,133325.34375000,11.18780708,0
1992.44322160,133338.79687500,11.18839359,0
1992.46365350,133511.67187500,11.19046402,0
1992.48408530,133481.73437500,11.18918037,0
1992.50451730,133585.62500000,11.19114017,0
1992.52494910,133627.84375000,11.18627262,0
1992.54538100,133653.67187500,11.18509769,0
1992.56581299,133697.28125000,11.18106747,0
1992.58624479,133789.54687500,11.17777061,0
1992.60667669,133779.85937500,11.16853046,262144
1992.62710869,133866.73437500,11.16497326,16384
1992.64754048,133787.54687500,11.15848923,0
1992.66797238,133802.96875000,11.15310669,0
1992.68840437,133770.14062500,11.14331341,0
1992.70883617,133726.67187500,11.13177967,0
1992.72926807,133651.34375000,11.11694241,0
1992.74970006,133573.96875000,11.08993053,0
1992.79056375,133182.04687500,11.17622662,0
1992.81099574,133095.92187500,11.17897511,0
1992.83142764,133108.06250000,11.17965984,0
1992.85185953,133146.90625000,11.18402672,393216
1992.87229142,133143.73437500,11.18388271,0
1992.89272332,133279.03125000,11.18710041,0
1992.91315521,133318.57812500,11.18773746,393216
1992.93358710,133329.81250000,11.18773365,0
1992.95401899,133373.34375000,11.18682861,0
1992.97445099,133391.68750000,11.18847275,0
1992.99488278,133366.81250000,11.18188381,0
1993.01531467,133487.31250000,11.18586731,0
1993.03574666,133521.82812500,11.18712425,0
1993.05617845,133622.67187500,11.18590164,0
1993.07661034,133684.51562500,11.18331337,0
1993.09704233,133697.71875000,11.17513180,0
1993.11747412,133692.34375000,11.17394352,0
1993.13790601,133659.71875000,11.16825485,0
1993.15833800,133725.26562500,11.16305733,0
1993.17876979,133685.10937500,11.16020584,0
1993.19920167,133673.26562500,11.14983177,0
1993.21963366,133687.53125000,11.14320850,0
1993.24006545,133687.07812500,11.13520336,0
1993.28092923,133058.60937500,11.17823792,0
1993.30136111,133095.82812500,11.18225098,0
1993.32179310,133109.54687500,11.17950439,0
1993.34222498,133139.73437500,11.18627262,0
1993.36265677,133264.68750000,11.18854141,0
1993.38308876,133313.56250000,11.18412971,0
1993.40352064,133351.37500000,11.18594265,0
1993.42395243,133340.96875000,11.18276215,0
1993.44438441,133453.70312500,11.18462753,0
1993.46481630,133425.53125000,11.18164349,0
1993.48524808,133496.62500000,11.17995834,393216
1993.52611195,133077.82812500,11.16203022,0
1993.54654373,133008.67187500,11.16236687,262144
1993.56697571,132959.01562500,11.16807842,0
1993.58740760,132949.39062500,11.17265797,0
1993.60783938,132896.71875000,11.16971397,0
1993.62827136,133049.92187500,11.18029118,0
1993.64870324,133091.23437500,11.18235397,262144
1993.66913522,133050.34375000,11.18356037,393216
1993.68956700,133091.00000000,11.18194771,262144
1993.70999888,133124.53125000,11.18417358,0
1993.73043087,133139.31250000,11.18225861,393216
1993.75086265,133242.57812500,11.18192577,0
1993.77129453,133284.71875000,11.17949867,262144
1993.79172650,133333.17187500,11.17990875,0
1993.81215838,133414.54687500,11.18005085,0
1993.83259016,133458.64062500,11.17798138,0
1993.85302214,133517.20312500,11.17497540,0
1993.87345402,133558.84375000,11.16817093,0
1993.89388580,133567.18750000,11.16327953,0
1993.91431778,133558.92187500,11.15642548,393216
1993.93474965,133597.67187500,11.15406322,0
1993.95518143,133489.84375000,11.13871574,0
1993.97561341,133480.45312500,11.12950230,0
1994.01647706,132897.12500000,11.17050362,0
1994.03690904,132907.71875000,11.17650223,0
1994.05734081,132959.35937500,11.17984104,0
1994.07777279,133069.85937500,11.18151665,0
1994.09820466,133119.26562500,11.18388748,0
1994.11863644,133187.79687500,11.18346119,0
1994.13906841,133223.48437500,11.18394852,0
1994.15950029,133327.03125000,11.18236923,0
1994.17993216,133351.40625000,11.17699623,0
1994.20036403,133460.71875000,11.17293167,0
1994.22079591,133454.51562500,11.16584873,0
1994.26165965,132984.96875000,11.14708900,0
1994.28209153,132929.93750000,11.15566158,0
1994.30252340,132884.14062500,11.16617489,0
1994.32295527,132830.23437500,11.16959667,0
1994.34338714,132828.95312500,11.16929626,0
1994.36381901,132874.85937500,11.17722893,0
1994.38425098,132910.93750000,11.18086433,0
1994.40468275,132952.54687500,11.17648411,0
1994.42511462,133023.57812500,11.18173027,0
1994.44554659,133129.45312500,11.17935085,8192
1994.46597836,133170.31250000,11.17966938,0
1994.48641033,133260.75000000,11.17847824,0
1994.50684220,133286.45312500,11.17322159,0
1994.52727397,133420.95312500,11.16494656,0
1994.54770594,133434.96875000,11.16403484,0
1994.56813781,133433.25000000,11.15148926,393216
1994.58856958,133433.96875000,11.14473915,393216
1994.60900155,133395.51562500,11.13244438,0
1994.62943341,133293.62500000,11.12357330,0
1994.64986528,133263.18750000,11.10233593,0
1994.67029715,133138.12500000,11.07103252,0
1994.69072901,133001.92187500,11.01490784,0
1994.75202461,133237.34375000,11.17439556,0
1994.77245638,133254.34375000,11.16569042,0
1994.79288834,133343.92187500,11.16333389,0
1994.81332021,133389.26562500,11.15369701,0
1994.83375197,133371.65625000,11.14660168,0
1994.85418394,133371.37500000,11.13602543,0
1994.87461580,133299.92187500,11.12336159,0
1994.89504776,133229.09375000,11.11107159,0
1994.91547953,133174.09375000,11.08893776,0
1994.93591139,133076.67187500,11.06397820,0
1994.95634335,132959.45312500,11.02325821,0
1994.99720698,132849.25000000,11.17396832,0
1995.01763894,133023.18750000,11.17900753,0
1995.03807070,132948.81250000,11.17305470,0
1995.05850256,133044.78125000,11.17496586,0
1995.07893452,133107.64062500,11.17615986,0
1995.09936629,133063.46875000,11.16915417,0
1995.11979815,133202.96875000,11.16597080,393216
1995.14023011,133409.48437500,11.16470051,393216
1995.16066187,133360.71875000,11.16029835,0
1995.18109373,133354.85937500,11.15172386,0
1995.20152569,133340.43750000,11.13753796,393216
1995.24238930,132721.82812500,11.15989876,0
1995.26282126,132675.64062500,11.16289902,0
1995.28325312,132687.07812500,11.16854477,0
1995.30368498,132648.68750000,11.16635227,0
1995.32411684,132695.75000000,11.17153168,0
1995.34454869,132710.59375000,11.17218685,0
1995.36498055,132764.98437500,11.17314529,0
1995.38541241,132910.26562500,11.17566299,0
1995.40584426,132946.45312500,11.17600346,0
1995.42627612,132995.15625000,11.17339039,0
1995.44670798,133031.04687500,11.17201138,0
1995.46713983,133084.59375000,11.16789532,393216
1995.48757169,133111.98437500,11.16361523,393216
1995.50800354,133206.64062500,11.16255665,0
1995.52843530,133275.79687500,11.15587425,0
1995.54886725,133292.15625000,11.14667797,393216
1995.56929911,133262.28125000,11.13870621,0
1995.65102652,132989.76562500,11.07590771,0
1995.67145837,132880.70312500,11.04362202,0
1995.73275403,132641.68750000,11.17053413,262144
1995.75318578,132772.85937500,11.17463207,0
1995.77361773,132832.59375000,11.17519093,0
1995.79404959,132841.26562500,11.17259312,0
1995.81448134,132934.68750000,11.17721939,0
1995.83491329,132940.85937500,11.16916084,0
1995.85534514,133014.18750000,11.16198063,0
1995.87577689,133142.14062500,11.16277027,0
1995.89620884,133160.57812500,11.15618515,393216
1995.91664069,133170.85937500,11.14836693,0
1995.93707244,133118.20312500,11.13780117,393216
1995.97793623,132569.53125000,11.15508080,0
1995.99836798,132534.71875000,11.15702629,393216
1996.01879993,132508.45312500,11.16104507,8192
1996.03923178,132528.90625000,11.16432285,0
1996.05966363,132624.48437500,11.17276478,0
1996.08009547,132593.07812500,11.16936493,0
1996.10052732,132644.00000000,11.17065239,0
1996.12095917,132705.57812500,11.16981506,393216
1996.14139101,132819.17187500,11.17342758,0
1996.16182286,132872.93750000,11.17392445,0
1996.18225471,132931.39062500,11.16945171,393216
1996.20268655,132996.23437500,11.16860580,0
1996.22311840,133004.95312500,11.16155529,393216
1996.24355034,133055.17187500,11.15454006,262144
1996.26398209,133099.35937500,11.15065765,0
1996.28441393,133098.60937500,11.14349937,0
1996.30484588,133085.17187500,11.13289547,262144
1996.32527762,133026.45312500,11.11265945,0
1996.34570946,132916.20312500,11.09488487,0
1996.36614141,132803.90625000,11.05786991,0
1996.38657315,132671.39062500,11.00000858,0
1996.46830052,132893.20312500,11.16367626,0
1996.48873246,133034.31250000,11.16178894,0
1996.50916420,133018.03125000,11.15275192,0
1996.52959615,133059.34375000,11.14590359,0
1996.55002799,133008.00000000,11.12989426,0
1996.65218719,132522.50000000,10.95296764,0
1996.71348281,132644.09375000,11.17307377,0
1996.73391454,132740.09375000,11.17028904,0
1996.75434638,132683.40625000,11.16920853,0
1996.77477832,132691.04687500,11.16253567,0
1996.79521006,132770.57812500,11.16588116,0
1996.81564190,132818.93750000,11.16298962,0
1996.83607383,132938.26562500,11.16061974,0
1996.85650557,132979.09375000,11.15620232,0
1996.87693741,133000.90625000,11.15024281,0
1996.89736924,133014.64062500,11.14457321,0
1996.91780108,132990.98437500,11.13725281,0
1996.95866475,132383.64062500,11.16160870,0
1996.97909659,132443.28125000,11.16601658,0
1996.99952852,132525.48437500,11.16666985,393216
1997.01996026,132553.01562500,11.16653919,0
1997.04039209,132569.73437500,11.16887474,0
1997.06082403,132530.20312500,11.16889572,0
1997.08125586,132666.43750000,11.16954041,16384
1997.10168759,132620.85937500,11.16278172,0
1997.12211953,132682.64062500,11.16542053,0
1997.14255136,132860.48437500,11.17076302,0
1997.16298309,132858.32812500,11.15909100,0
1997.20384686,132417.82812500,11.15181732,0
1997.22427859,132298.81250000,11.15085030,0
1997.24471052,132302.60937500,11.15094566,0
1997.26514235,132366.76562500,11.16152763,0
1997.28557408,132393.28125000,11.16201591,0
1997.30600602,132367.14062500,11.16019440,0
1997.32643785,132420.73437500,11.16515255,0
1997.34686978,132473.09375000,11.16583157,0
1997.36730151,132495.85937500,11.16462898,0
1997.38773334,132506.01562500,11.16245651,0
1997.40816527,132644.92187500,11.17114830,0
1997.42859700,132677.56250000,11.16507435,0
1997.44902883,132749.79687500,11.16489697,0
1997.46946075,132787.17187500,11.15987968,0
1997.48989248,132836.87500000,11.15552330,0
1997.51032431,132868.01562500,11.14944553,262144
1997.53075624,132971.45312500,11.15005779,8192
1997.55118807,132986.65625000,11.14042091,0
1997.57161980,132944.03125000,11.13221550,0
1997.59205172,132906.06250000,11.12480164,0
1997.61248345,132843.57812500,11.11112881,393216
1997.63291528,132807.31250000,11.09206295,0
1997.65334720,132713.20312500,11.07438660,0
1997.69421086,132298.67187500,11.15566826,0
1997.71464268,132412.12500000,11.16724873,0
1997.73507441,132563.06250000,11.17205334,0
1997.75550633,132559.84375000,11.16794682,0
1997.77593816,132585.39062500,11.16727543,0
1997.79636988,132583.76562500,11.16622734,393216
1997.81680181,132635.65625000,11.16322136,393216
1997.83723363,132654.73437500,11.16119003,0
1997.85766536,132754.53125000,11.16234493,393216
1997.87809728,132836.07812500,11.15852261,0
1997.89852910,132794.42187500,11.15552902,0
1997.93939275,132571.42187500,11.10761261,0
1997.95982457,132570.29687500,11.12258434,0
1997.98025639,132518.48437500,11.12456608,0
1998.00068822,132487.51562500,11.13304043,393216
1998.02112004,132382.56250000,11.13511753,0
1998.04155186,132349.15625000,11.14249516,0
1998.06198378,132340.50000000,11.15316582,0
1998.08241550,132274.26562500,11.15061951,0
1998.10284742,132246.37500000,11.15214634,0
1998.12327924,132261.12500000,11.15614223,0
1998.14371096,132310.29687500,11.16375446,0
1998.16414288,132370.28125000,11.16068649,0
1998.18457470,132393.87500000,11.16321373,0
1998.20500642,132420.71875000,11.16213512,0
1998.22543834,132486.79687500,11.16443253,0
1998.24587016,132560.73437500,11.16694832,0
1998.26630188,132577.01562500,11.16381264,0
1998.28673380,132695.78125000,11.16597748,0
1998.30716562,132759.59375000,11.15949440,0
1998.32759734,132789.01562500,11.15836430,16384
1998.34802925,132835.10937500,11.15053177,0
1998.36846097,132850.32812500,11.14720058,0
1998.38889289,132943.18750000,11.14351177,0
1998.42975652,132440.60937500,11.13813782,0
1998.45018824,132371.54687500,11.13943291,0
1998.47062016,132364.57812500,11.14562130,393216
1998.49105197,132298.42187500,11.14978313,0
1998.51148379,132298.89062500,11.15892792,0
1998.53191560,132276.17187500,11.15619278,0
1998.55234742,132351.14062500,11.16254902,0
1998.57277933,132368.93750000,11.16575432,0
1998.59321105,132403.73437500,11.16225815,0
1998.61364286,132475.07812500,11.16042137,0
1998.63407478,132603.82812500,11.16790199,0
1998.67493830,132554.53125000,11.12252331,0
1998.69537022,132488.81250000,11.13557911,0
1998.71580193,132481.95312500,11.13234329,393216
1998.73623374,132399.01562500,11.14016628,0
1998.75666566,132322.03125000,11.14357376,0
1998.77709737,132308.25000000,11.14211941,393216
1998.79752918,132263.10937500,11.14680672,0
1998.81796109,132226.39062500,11.14989662,0
1998.83839281,132255.82812500,11.15628624,0
1998.85882462,132193.12500000,11.15374756,0
1998.87925653,132266.07812500,11.15863705,0
1998.89968834,132277.93750000,11.16311169,0
1998.92012015,132244.75000000,11.15112019,262144
1998.94055196,132319.29687500,11.15974617,0
1998.96098377,132454.20312500,11.16808224,0
1998.98141558,132437.06250000,11.16540718,0
1999.00184739,132529.60937500,11.17000580,0
1999.02227920,132564.34375000,11.16919422,0
1999.04271111,132564.32812500,11.16736317,0
1999.06314282,132482.29687500,11.16197586,0
1999.08357463,132559.21875000,11.16256618,0
1999.10400644,132536.81250000,11.16241932,0
1999.12443824,132637.51562500,11.16088295,0
1999.16530186,132488.84375000,11.13014603,0
1999.18573367,132435.20312500,11.13202953,0
1999.20616538,132382.56250000,11.13825607,0
1999.22659728,132311.45312500,11.14310837,0
1999.24702909,132288.96875000,11.14912796,0
1999.26746100,132300.37500000,11.15430832,0
1999.28789270,132272.20312500,11.15804863,0
1999.30832451,132251.09375000,11.15737534,0
1999.32875641,132303.50000000,11.16359997,0
1999.34918812,132353.81250000,11.16396999,0
1999.36961992,132438.96875000,11.16774178,0
1999.39005183,132487.46875000,11.16510963,0
1999.41048363,132642.21875000,11.16863346,0
1999.43091534,132652.76562500,11.16118336,0
1999.45134724,132750.07812500,11.16013527,0
1999.47177905,132800.75000000,11.15674400,0
1999.49221075,132816.51562500,11.14317226,0
1999.51264265,132878.40625000,11.13568497,0
1999.53307446,132907.25000000,11.13223934,0
1999.55350616,132879.68750000,11.11530495,0
1999.57393806,132733.09375000,11.09415245,0
1999.59436987,132655.64062500,11.07236195,0
1999.61480157,132511.56250000,11.02432442,0
1999.65566527,132510.43750000,11.16806507,0
1999.67609718,132502.15625000,11.16205311,0
1999.69652888,132623.98437500,11.16506958,0
1999.71696068,132667.37500000,11.16380787,0
1999.73739258,132782.64062500,11.16344070,0
1999.75782428,132800.32812500,11.15950298,0
1999.77825608,132840.68750000,11.15283012,0
1999.79868798,132900.43750000,11.14892483,0
1999.81911968,132823.34375000,11.13786983,0
1999.83955148,132900.54687500,11.13409901,0
1999.85998328,132896.93750000,11.13127613,0
1999.90084688,132344.54687500,11.14553928,0
1999.92127868,132262.84375000,11.15157223,0
1999.94171047,132279.17187500,11.15536022,0
1999.96214227,132255.85937500,11.15596104,0
1999.98257417,132262.73437500,11.15975666,0
2000.00300587,132265.20312500,11.15967751,0
2000.02343777,132294.62500000,11.16269112,0
2000.04386956,132309.29687500,11.16743660,0
2000.06430126,132323.62500000,11.16182518,0
2000.08473316,132364.76562500,11.16303825,0
2000.10516495,132368.09375000,11.16401100,0
2000.12559665,132509.07812500,11.17075920,0
2000.14602855,132551.54687500,11.17085552,262144
2000.16646034,132576.42187500,11.17463112,8192
2000.18689204,132537.70312500,11.16588306,0
2000.20732393,132549.01562500,11.16677952,0
2000.22775573,132646.48437500,11.16945267,0
2000.24818752,132666.54687500,11.16504478,0
2000.26861932,132731.37500000,11.16594791,0
2000.28905111,132720.00000000,11.16150188,0
2000.30948291,132809.53125000,11.16069889,0
2000.32991470,132803.34375000,11.15863991,0
2000.35034650,132849.26562500,11.15279865,0
2000.39121018,132672.51562500,11.09033966,262144
2000.41164188,132660.90625000,11.10382271,0
2000.43207377,132574.23437500,11.11559582,0
2000.45250556,132595.45312500,11.12005997,0
2000.47293725,132527.23437500,11.12827206,262144
2000.49336915,132472.79687500,11.13529301,0
2000.51380094,132444.10937500,11.14145565,0
2000.53423263,132426.54687500,11.14118862,0
2000.55466452,132381.07812500,11.14512539,262144
2000.57509631,132342.04687500,11.15244102,0
2000.59552800,132353.90625000,11.15619373,0
2000.63639158,132255.96875000,11.15693951,0
2000.65682337,132261.14062500,11.16046429,0
2000.67725526,132297.98437500,11.16327190,0
2000.69768695,132325.81250000,11.16548538,0
2000.71811874,132339.76562500,11.16246033,262144
2000.73855063,132352.23437500,11.16345215,0
2000.75898232,132322.34375000,11.15804768,0
2000.77941421,132435.57812500,11.16782188,393216
2000.79984600,132444.15625000,11.16541004,0
2000.82027779,132521.45312500,11.16993141,0
2000.84070958,132608.10937500,11.17378807,393216
2000.86114136,132671.25000000,11.17216396,0
2000.88157315,132625.25000000,11.16613865,0
2000.90200494,132635.31250000,11.16611576,0
2000.92243673,132695.48437500,11.16896152,0
2000.94286851,132632.71875000,11.16100979,16384
2000.96330040,132758.81250000,11.16214561,0
2000.98373209,132824.06250000,11.16213131,0
2001.00416387,132878.65625000,11.15970135,0
2001.02459576,132881.90625000,11.15199947,0
2001.04502745,132894.03125000,11.15091324,0
2001.06545923,132887.98437500,11.14397144,0
2001.08589112,132904.59375000,11.13744640,0
2001.12675459,132319.90625000,11.15142155,0
2001.14718647,132301.98437500,11.15826035,0
2001.16761816,132284.62500000,11.16031170,0
2001.18805004,132296.89062500,11.16215038,0
2001.20848182,132272.81250000,11.16002464,0
2001.22891361,132419.34375000,11.16916943,0
2001.24934539,132358.09375000,11.16605663,0
2001.26977708,132408.10937500,11.16295338,0
2001.29020896,132404.53125000,11.16539478,0
2001.31064074,132436.60937500,11.16682720,0
2001.33107252,132555.67187500,11.17275429,0
2001.35150421,132675.59375000,11.17316723,0
2001.37193609,132689.53125000,11.17353249,393216
2001.39236787,132685.15625000,11.17063522,0
2001.41279955,132717.00000000,11.16525936,0
2001.43323143,132721.32812500,11.16285801,0
2001.45366322,132821.75000000,11.16021729,0
2001.47409490,132852.60937500,11.16161251,0
2001.49452678,132871.50000000,11.15315437,0
2001.51495856,132920.54687500,11.14850903,0
2001.53539044,132912.73437500,11.14510250,0
2001.55582212,132987.90625000,11.13625050,0
2001.57625390,132921.64062500,11.12990570,0
2001.61711746,132534.18750000,11.13941574,0
2001.63754924,132476.35937500,11.14189053,0
2001.65798112,132458.03125000,11.14524078,0
2001.67841280,132428.46875000,11.15142822,0
2001.69884457,132353.54687500,11.15528393,0
2001.71927645,132341.70312500,11.16047764,0
2001.73970813,132307.45312500,11.16253567,0
2001.76013991,132367.34375000,11.16728973,0
2001.78057179,132388.76562500,11.16923141,393216
2001.80100356,132412.34375000,11.17126656,0
2001.82143524,132434.00000000,11.16739559,0
2001.84186712,132498.17187500,11.17244530,393216
2001.86229890,132557.06250000,11.17143440,0
2001.88273077,132576.10937500,11.17080688,0
2001.90316245,132569.59375000,11.16998291,0
2001.92359423,132596.67187500,11.16916466,0
2001.94402610,132792.65625000,11.17070007,0
2001.96445778,132824.31250000,11.16836166,0
2001.98488955,132828.17187500,11.16378021,0
2002.00532133,132884.42187500,11.15999413,0
2002.02575310,132907.25000000,11.15519142,0
2002.04618488,132944.21875000,11.15099049,0
2002.06661665,132937.90625000,11.14673424,0
2002.10748010,132623.35937500,11.12564373,0
2002.12791198,132590.09375000,11.13645363,0
2002.14834375,132549.45312500,11.14319801,0
2002.16877552,132466.29687500,11.14790630,0
2002.18920730,132473.32812500,11.15448952,0
2002.20963907,132427.18750000,11.15813446,0
2002.23007094,132399.67187500,11.15958023,0
2002.25050262,132370.76562500,11.16257381,0
2002.27093439,132421.01562500,11.16647053,0
2002.29136626,132384.26562500,11.16847038,0
2002.31179803,132386.98437500,11.16885662,0
2002.33222970,132458.54687500,11.17241669,0
2002.35266158,132492.21875000,11.17462158,0
2002.37309335,132520.71875000,11.17307186,262144
2002.39352502,132567.62500000,11.17524719,0
2002.41395689,132613.51562500,11.17340660,8192
2002.43438866,132669.57812500,11.17433929,0
2002.45482033,132753.70312500,11.17272377,0
2002.47525220,132768.31250000,11.16825104,0
2002.49568397,132816.43750000,11.16752338,0
2002.51611564,132833.95312500,11.16474342,0
2002.53654751,132928.89062500,11.15728378,0
2002.55697928,132953.28125000,11.14842224,0
2002.59784282,132358.21875000,11.08969784,393216
2002.61827459,132355.93750000,11.09013844,16384
2002.63870646,132325.73437500,11.09300041,0
2002.65913813,132317.17187500,11.09856415,393216
2002.67956989,132300.28125000,11.09929466,393216
2002.70000176,132460.34375000,11.11386395,393216
2002.72043343,132526.48437500,11.12176609,0
2002.74086520,132490.71875000,11.12781143,0
2002.76129696,132561.68750000,11.13353634,0
2002.78172873,132587.56250000,11.13615608,0
2002.80216050,132596.81250000,11.14186478,0
2002.82259237,132641.78125000,11.15312672,0
2002.84302403,132739.48437500,11.16240597,0
2002.86345580,132847.68750000,11.16595459,0
2002.88388766,132808.25000000,11.16903400,262144
2002.90431933,132853.90625000,11.17093086,0
2002.92475110,132868.92187500,11.16938114,0
2002.94518296,132950.17187500,11.17282677,0
2002.96561463,132985.96875000,11.17384720,0
2002.98604649,133033.42187500,11.17449379,262144
2003.00647826,133061.89062500,11.16968155,0
2003.02690992,133041.59375000,11.16734600,393216
2003.04734179,133034.73437500,11.16390228,393216
2003.08820521,132512.56250000,11.06515408,0
2003.10863708,132474.01562500,11.07408142,393216
2003.12906884,132134.39062500,11.07295418,393216
2003.14950060,132127.89062500,11.08201027,393216
2003.16993237,131975.04687500,11.08206654,0
2003.19036413,132034.14062500,11.09265804,0
2003.21079589,132100.34375000,11.10082817,0
2003.23122766,132449.32812500,11.11625671,0
2003.25165942,132471.09375000,11.12368011,0
2003.27209118,132612.53125000,11.13574505,0
2003.29252304,132619.37500000,11.14068604,0
2003.31295470,132641.64062500,11.14539528,0
2003.33338657,132713.76562500,11.15065861,0
2003.35381833,132728.46875000,11.15663624,0
2003.37424999,132791.10937500,11.16829491,0
2003.39468185,132896.14062500,11.16987991,0
2003.41511361,132891.67187500,11.17037964,0
2003.43554527,132974.87500000,11.17491436,0
2003.45597713,133042.28125000,11.17550182,393216
2003.47640879,133018.92187500,11.17692375,0
2003.49684055,133051.78125000,11.17552376,0
2003.51727241,133112.07812500,11.17124653,393216
2003.53770407,133091.06250000,11.16736794,0
2003.57856769,132563.81250000,11.06724644,0
2003.59899935,132525.07812500,11.07464886,0
2003.61943111,132483.65625000,11.08344460,0
2003.63986296,132456.53125000,11.09545803,0
2003.66029472,132413.93750000,11.09801579,0
2003.68072648,132404.09375000,11.10121059,0
2003.70115824,132541.96875000,11.11805630,0
2003.72159000,132577.67187500,11.12311459,0
2003.74202175,132650.65625000,11.13778782,0
2003.76245351,132603.37500000,11.14019871,0
2003.78288527,132711.28125000,11.15059662,0
2003.80331713,132690.06250000,11.15317917,0
2003.82374878,132916.17187500,11.16578197,0
2003.84418054,132874.57812500,11.16599464,0
2003.86461239,132893.62500000,11.17089939,0
2003.88504405,132912.23437500,11.17264366,262144
2003.90547581,132983.40625000,11.17686081,262144
2003.92590766,133052.78125000,11.17879677,0
2003.94633932,133041.31250000,11.17618370,0
2003.96677107,133099.79687500,11.17408752,393216
2003.98720293,133080.85937500,11.17368793,0
2004.00763458,133065.21875000,11.16520405,8192
2004.02806644,132995.23437500,11.15567207,0
2004.06892985,132667.87500000,11.05961609,0
2004.08936170,132648.50000000,11.06570148,0
2004.10979345,132593.96875000,11.07181549,393216
2004.13022521,132583.70312500,11.08518219,0
2004.15065696,132483.93750000,11.08559227,0
2004.17108871,132491.92187500,11.09852123,393216
2004.19152047,132540.06250000,11.11052513,0
2004.21195222,132512.98437500,11.11809826,0
2004.23238397,132648.60937500,11.13464642,0
2004.25281563,132691.29687500,11.14400005,0
2004.27324748,132749.23437500,11.15202427,0
2004.29367923,132803.62500000,11.15799999,0
2004.31411088,132833.31250000,11.16343212,0
2004.33454273,133016.39062500,11.17366695,0
2004.35497448,133007.62500000,11.17836761,0
2004.37540634,133043.32812500,11.17875957,262144
2004.39583799,133094.84375000,11.18203545,0
2004.41626974,133064.45312500,11.17282963,0
2004.43670159,133068.04687500,11.16810131,0
2004.45713324,133038.87500000,11.16067696,0
2004.47756499,132925.21875000,11.14749622,393216
2004.49799684,132802.40625000,11.11649895,0
2004.51842849,132645.84375000,11.05871773,0
2004.55929209,132514.64062500,11.10990047,0
2004.57972374,132494.26562500,11.11758804,0
2004.60015549,132548.62500000,11.12733936,0
2004.62058734,132492.40625000,11.12217712,0
2004.64101908,132676.01562500,11.14088440,0
2004.66145073,132696.26562500,11.14648533,393216
2004.68188258,132737.75000000,11.15215206,0
2004.70231433,132883.28125000,11.16053391,0
2004.72274608,132942.78125000,11.16497040,393216
2004.74317783,132818.28125000,11.16452980,0
2004.76360957,132948.09375000,11.17336082,0
2004.80447307,132823.14062500,11.04477024,0
2004.82490481,132830.85937500,11.05812645,0
2004.84533656,132782.23437500,11.06268597,0
2004.86576831,132742.67187500,11.06203556,393216
2004.88620005,132678.04687500,11.06706333,0
2004.90663180,132628.37500000,11.07272720,0
2004.92706355,132632.54687500,11.08052254,393216
2004.94749529,132630.59375000,11.08377934,0
2004.96792704,132579.75000000,11.09463310,0
2004.98835878,132553.06250000,11.09666824,262144
2005.00879053,132548.48437500,11.10218048,0
2005.02922227,132551.14062500,11.11059189,0
2005.04965402,132563.42187500,11.11876869,262144
2005.07008586,132649.43750000,11.12490368,0
2005.09051751,132630.89062500,11.12999058,262144
2005.11094925,132677.25000000,11.13831520,262144
2005.13138110,132671.73437500,11.13986301,0
2005.15181284,132744.26562500,11.15229321,262144
2005.17224449,132781.82812500,11.15550041,0
2005.19267633,132937.59375000,11.16388798,0
2005.21310807,132931.50000000,11.16610718,0
2005.23353972,132952.51562500,11.17026806,0
2005.25397156,132911.46875000,11.17041588,0
2005.29483494,132544.54687500,11.10685825,0
2005.31526679,132568.95312500,11.11326408,0
2005.33569853,132553.62500000,11.12173939,0
2005.35613017,132607.68750000,11.12507915,0
2005.37656201,132660.40625000,11.13380814,0
2005.39699375,132763.62500000,11.14221382,0
2005.41742560,132787.34375000,11.14600849,0
2005.43785724,132778.76562500,11.15114784,262144
2005.45828898,132841.75000000,11.15688515,0
2005.47872082,132784.90625000,11.15763950,0
2005.49915246,132914.23437500,11.16738033,0
2005.51958420,132938.32812500,11.16977406,0
2005.54001604,132972.65625000,11.17292976,0
2005.56044768,132998.78125000,11.17599964,262144
2005.58087942,133017.56250000,11.17807293,0
2005.60131126,133097.85937500,11.18378353,0
2005.62174290,133133.96875000,11.18354511,0
2005.64217464,133177.18750000,11.18246937,0
2005.66260638,133157.59375000,11.18017101,0
2005.68303812,133218.54687500,11.17974281,262144
2005.70346986,133201.84375000,11.17824936,0
2005.72390170,133169.51562500,11.17654800,0
2005.74433334,133181.43750000,11.17077732,0
2005.78519691,132868.70312500,11.06190968,0
2005.80562855,132819.96875000,11.06382275,0
2005.82606039,132776.79687500,11.06736565,0
2005.84649213,132730.56250000,11.07682133,262144
2005.86692376,132753.04687500,11.08569813,0
2005.88735560,132671.71875000,11.08497620,0
2005.90778734,132659.76562500,11.09050560,262144
2005.92821898,132668.10937500,11.10165977,0
2005.94865081,132628.57812500,11.10717392,0
2005.96908255,132643.56250000,11.11929798,0
2005.98951429,132690.10937500,11.12337589,0
2006.00994602,132763.84375000,11.12857819,0
2006.03037776,132697.20312500,11.13172054,0
2006.05080949,132719.51562500,11.13475990,0
2006.07124123,132824.78125000,11.14611149,0
2006.09167296,132800.45312500,11.14937782,0
2006.11210480,132830.34375000,11.15606308,0
2006.13253644,132926.65625000,11.16108322,0
2006.15296817,132935.15625000,11.16257381,0
2006.17340001,132943.23437500,11.16651726,0
2006.19383174,133006.34375000,11.17113209,0
2006.21426337,133052.26562500,11.17586231,0
2006.23469521,133069.60937500,11.17966270,0
2006.25512694,133054.98437500,11.17773151,0
2006.27555858,133111.60937500,11.18173504,0
2006.29599041,133141.51562500,11.18296814,0
2006.31642214,133178.96875000,11.18466568,0
2006.33685378,133202.25000000,11.18169689,0
2006.35728561,133201.12500000,11.18425846,262144
2006.37771724,133245.46875000,11.17803288,0
2006.39814898,133235.67187500,11.17906952,0
2006.41858081,133170.21875000,11.17065811,0
2006.43901244,133140.00000000,11.16066551,0
2006.45944427,133032.57812500,11.14943218,0
2006.47987601,132925.64062500,11.11808205,0
2006.52073947,132783.10937500,11.07807732,0
2006.54117120,132730.54687500,11.09048080,0
2006.56160293,132665.06250000,11.08495140,0
2006.58203466,132693.40625000,11.10303688,0
2006.60246640,132632.81250000,11.10591125,0
2006.62289813,132663.65625000,11.12010002,0
2006.64332996,132747.82812500,11.13023090,0
2006.66376159,132837.03125000,11.13739872,393216
2006.68419332,132849.40625000,11.14485645,0
2006.70462515,132784.06250000,11.14760876,262144
2006.72505678,132912.43750000,11.15934372,0
2006.74548851,132856.46875000,11.15973186,0
2006.76592034,132883.57812500,11.16039944,0
2006.78635197,132981.81250000,11.17260838,0
2006.80678380,133091.43750000,11.17608738,0
2006.82721553,133026.34375000,11.17805767,0
2006.84764716,133120.06250000,11.18140316,0
2006.86807899,133119.31250000,11.18316650,0
2006.88851071,133166.67187500,11.18340683,0
2006.90894234,133267.50000000,11.18384552,0
2006.92937417,133305.45312500,11.17776012,262144
2006.94980590,133262.62500000,11.17952061,0
2006.97023753,133237.01562500,11.17270184,0
2007.01110108,132786.35937500,11.08399487,0
2007.03153281,132799.31250000,11.09000587,0
2007.05196454,132725.85937500,11.09820747,0
2007.07239626,132669.42187500,11.10593796,0
2007.09282799,132653.64062500,11.11019611,0
2007.11325972,132682.65625000,11.11628532,0
2007.13369145,132791.62500000,11.12482548,0
2007.15412317,132866.96875000,11.13531876,0
2007.17455490,132789.96875000,11.13869953,0
2007.19498662,132821.60937500,11.14582062,0
2007.21541845,132841.00000000,11.14757442,0
2007.23585008,132890.45312500,11.15660667,0
2007.25628180,132903.68750000,11.15581989,393216
2007.27671363,132867.96875000,11.15764618,0
2007.29714525,132942.60937500,11.16528225,0
2007.31757698,133031.45312500,11.17258835,393216
2007.33800880,133155.87500000,11.17824173,0
2007.35844043,133092.09375000,11.17987823,0
2007.37887215,133127.26562500,11.18044949,0
2007.39930398,133160.68750000,11.18684101,0
2007.41973560,133126.15625000,11.17940140,0
2007.44016743,133275.42187500,11.18676758,0
2007.46059915,133242.43750000,11.18320274,0
2007.50146260,132984.95312500,11.06087971,262144
2007.52189432,132946.65625000,11.06685734,262144
2007.54232604,132979.42187500,11.07053757,0
2007.56275777,132921.04687500,11.07683659,262144
2007.58318949,132885.07812500,11.07862949,262144
2007.60362121,132824.93750000,11.08159351,0
2007.62405304,132826.07812500,11.09133530,0
2007.64448466,132812.06250000,11.09242630,262144
2007.66491638,132770.57812500,11.09851646,262144
2007.68534820,132755.78125000,11.10355568,393216
2007.70577983,132793.28125000,11.10922337,393216
2007.72621155,132756.73437500,11.12060642,0
2007.74664327,132797.14062500,11.13017559,0
2007.76707499,132785.06250000,11.13323307,0
2007.78750681,132799.32812500,11.14082336,0
2007.80793853,132863.56250000,11.14740753,0
2007.82837015,132879.82812500,11.15125370,262144
2007.84880198,132952.67187500,11.15904522,0
2007.86923360,132995.85937500,11.16304970,0
2007.88966532,133026.59375000,11.16805744,0
2007.91009714,133015.96875000,11.17045307,0
2007.93052876,133037.32812500,11.17400360,0
2007.95096048,133149.70312500,11.17859650,0
2007.97139230,133176.93750000,11.18238544,0
2007.99182392,133123.89062500,11.18435097,0
2008.01225564,133203.92187500,11.18555546,0
2008.03268746,133215.53125000,11.18646240,0
2008.05311918,133265.48437500,11.18948364,0
2008.07355079,133326.82812500,11.18877125,0
2008.09398261,133324.40625000,11.18660641,0
2008.11441433,133317.40625000,11.18480301,0
2008.13484605,133379.28125000,11.18480873,0
2008.15527777,133311.84375000,11.17901325,0
2008.17570949,133314.84375000,11.17353725,0
2008.19614131,133284.43750000,11.16767120,0
2008.23700464,133007.90625000,11.07368279,0
2008.25743646,132982.29687500,11.07830143,0
2008.27786808,132910.15625000,11.08679581,0
2008.29829979,132890.92187500,11.09440517,0
2008.31873161,132872.31250000,11.09996796,0
2008.33916323,132881.18750000,11.10706615,0
2008.35959495,132876.59375000,11.11288929,0
2008.38002676,132880.29687500,11.12155056,0
2008.40045838,132844.21875000,11.12990284,0
2008.42089010,132912.07812500,11.13721085,0
2008.44132191,132906.18750000,11.14349461,8192
2008.50261696,132947.51562500,11.08694649,0
2008.52304878,132918.06250000,11.09052944,0
2008.54348049,132940.06250000,11.09385872,393216
2008.56391221,132908.51562500,11.09505081,0
2008.58434382,132874.60937500,11.10333633,0
2008.60477564,132846.26562500,11.10542107,0
2008.62520735,132859.09375000,11.10817146,0
2008.64563897,132826.79687500,11.11314487,0
2008.66607078,132813.59375000,11.10894775,0
2008.68650250,132892.90625000,11.12386131,0
2008.70693411,132917.92187500,11.12650871,0
2008.72736592,132940.62500000,11.12843990,262144
2008.74779764,133004.34375000,11.13493729,0
2008.76822945,132893.40625000,11.13794899,0
2008.78866107,132915.26562500,11.14560795,0
2008.80909278,132939.56250000,11.14938354,0
2008.82952459,133007.67187500,11.15904331,0
2008.84995621,133100.37500000,11.16604042,0
2008.87038792,133062.07812500,11.16754150,0
2008.89081973,133072.95312500,11.17130089,0
2008.91125135,133138.54687500,11.17255116,0
2008.93168306,133141.35937500,11.17783260,0
2008.95211487,133253.23437500,11.18264008,0
2008.97254648,133283.53125000,11.18826771,0
2008.99297820,133415.96875000,11.18709660,0
2009.01341001,133380.40625000,11.18948078,0
2009.03384172,133342.15625000,11.18904209,0
2009.05427333,133365.70312500,11.18926716,0
2009.07470514,133436.50000000,11.19064903,393216
2009.09513685,133406.64062500,11.18953133,0
2009.11556857,133432.93750000,11.18692398,0
2009.13600028,133414.46875000,11.18741417,0
2009.15643199,133421.87500000,11.18506813,0
2009.17686380,133442.01562500,11.18331051,0
2009.21772712,132981.32812500,11.09468555,0
2009.23815883,133019.40625000,11.09563541,0
2009.25859054,132969.06250000,11.10360432,0
2009.27902215,132936.26562500,11.10297871,0
2009.29945396,132928.18750000,11.11209011,0
2009.31988567,132921.14062500,11.11538410,0
2009.34031728,132886.65625000,11.11488533,0
2009.36074909,132948.85937500,11.12212181,262144
2009.38118080,132916.07812500,11.12674809,0
2009.40161261,132911.75000000,11.13407803,0
2009.42204422,132915.62500000,11.13529301,262144
2009.44247593,132984.06250000,11.15045834,0
2009.46290774,133036.18750000,11.15398884,0
2009.48333934,133065.35937500,11.15316200,0
2009.50377105,133054.03125000,11.15786743,262144
2009.52420286,133020.65625000,11.15784740,0
2009.54463457,133063.85937500,11.16323566,0
2009.56506618,133111.81250000,11.17250061,262144
2009.58549799,133145.26562500,11.17208195,0
2009.60592969,133080.53125000,11.17075348,0
2009.62636130,133172.12500000,11.17888641,0
2009.64679311,133312.48437500,11.18528080,0
2009.66722482,133289.73437500,11.18741226,0
2009.68765642,133323.34375000,11.18847275,0
2009.70808823,133329.68750000,11.19168949,0
2009.72851994,133310.03125000,11.18973255,0
2009.74895174,133292.32812500,11.18899536,0
2009.76938335,133434.79687500,11.19064426,262144
2009.78981506,133357.84375000,11.18924236,0
2009.81024686,133417.12500000,11.19350147,0
2009.83067847,133458.00000000,11.19183159,262144
2009.85111018,133473.62500000,11.18908501,262144
2009.87154188,133480.42187500,11.19038868,0
2009.89197359,133449.25000000,11.18549919,0
2009.91240529,133435.35937500,11.18503094,0
2009.95326870,133196.35937500,11.07529736,0
2009.97370041,133173.29687500,11.07175255,0
2009.99413211,133127.45312500,11.07629776,262144
2010.01456382,133163.42187500,11.08041096,0
2010.03499552,133132.79687500,11.08479214,0
2010.05542723,133141.21875000,11.08857346,0
2010.07585893,133247.45312500,11.09348679,0
2010.09629074,133073.48437500,11.09249687,0
2010.11672244,133044.65625000,11.09878731,0
2010.13715405,133015.92187500,11.10494709,0
2010.15758585,133029.96875000,11.11061573,0
2010.17801755,133009.15625000,11.11566257,0
2010.19844916,132982.90625000,11.11804676,0
2010.21888096,132990.70312500,11.12247467,0
2010.23931267,132994.00000000,11.12860394,0
2010.25974427,133013.73437500,11.12897110,0
2010.28017607,133012.20312500,11.13144302,0
2010.30060777,132952.43750000,11.13658333,0
2010.32103938,133007.56250000,11.14354897,0
2010.34147118,133016.87500000,11.14682102,0
2010.36190288,133024.68750000,11.15659142,0
2010.38233469,133139.43750000,11.16509247,393216
2010.40276629,133138.04687500,11.16984272,393216
2010.44362979,133062.75000000,11.09937191,393216
2010.46406139,133019.14062500,11.09936047,393216
2010.48449310,133028.32812500,11.10395718,0
2010.50492490,133013.12500000,11.10729218,0
2010.52535660,132958.37500000,11.10509491,393216
2010.54578820,132966.81250000,11.11279583,262144
2010.56622000,133012.01562500,11.11704063,0
2010.58665170,133028.45312500,11.12093067,0
2010.60708330,133038.12500000,11.12915421,262144
2010.62751511,133108.56250000,11.13236809,0
2010.64794681,132989.92187500,11.13968182,0
2010.66837841,132939.84375000,11.13254452,0
2010.68881021,133015.34375000,11.14443207,0
2010.70924181,132959.73437500,11.13991070,0
2010.72967361,133039.03125000,11.14771748,0
2010.75010531,133056.54687500,11.15268517,0
2010.77053691,133023.92187500,11.15580177,0
2010.79096871,133088.93750000,11.16332912,0
2010.81140041,133082.98437500,11.16045284,0
2010.83183201,133149.18750000,11.16699791,0
2010.85226381,133176.95312500,11.16844845,0
2010.87269551,133261.40625000,11.16719246,0
2010.89312710,133264.48437500,11.17104435,0
2010.91355890,133203.79687500,11.17232227,262144
2010.93399060,133224.92187500,11.17965603,0
2010.95442230,133204.10937500,11.18098736,0
2010.97485400,133203.01562500,11.17762089,0
2010.99528570,133320.73437500,11.18499756,0
2011.01571750,133333.93750000,11.18725777,0
2011.03614920,133296.00000000,11.18655396,0
2011.05658079,133333.26562500,11.18826485,0
2011.07701259,133371.14062500,11.18922043,393216
2011.09744429,133343.29687500,11.18955421,0
2011.11787589,133451.76562500,11.19179153,0
2011.13830768,133479.40625000,11.19616508,0
2011.17917098,133161.10937500,11.16807842,0
2011.19960278,133124.50000000,11.16395569,0
2011.22003447,133161.35937500,11.16551590,0
2011.24046607,133286.46875000,11.18122578,0
2011.26089787,133256.57812500,11.18164730,0
2011.28132956,133289.31250000,11.18734646,0
2011.30176116,133305.00000000,11.18931198,0
2011.32219296,133314.51562500,11.18863297,0
2011.34262465,133466.87500000,11.19113445,0
2011.36305635,133428.82812500,11.19333458,0
2011.38348805,133437.50000000,11.19459534,0
2011.42435144,133361.90625000,11.06062126,393216
2011.44478313,133345.71875000,11.06390095,393216
2011.46521483,133320.73437500,11.07146740,0
2011.48564652,133244.57812500,11.07228661,0
2011.50607822,133247.62500000,11.07555008,0
2011.52650992,133295.57812500,11.07994080,0
2011.54694171,133275.07812500,11.08481598,0
2011.56737331,133211.59375000,11.08819008,0
2011.58780500,133188.35937500,11.09273529,0
2011.60823679,133134.57812500,11.09439564,0
2011.62866839,133145.53125000,11.10468197,0
2011.64910018,133088.79687500,11.09880447,8192
2011.66953188,133102.85937500,11.11000443,0
2011.68996347,133092.06250000,11.11400127,0
2011.71039527,133069.06250000,11.11386299,0
2011.73082696,133061.73437500,11.12192726,0
2011.75125855,133054.10937500,11.12444496,0
2011.77169035,133021.18750000,11.12925339,393216
2011.79212204,133047.53125000,11.13756657,0
2011.81255364,133073.06250000,11.14286232,0
2011.83298543,133099.73437500,11.14504433,0
2011.85341712,133082.78125000,11.14745045,0
2011.87384882,133054.73437500,11.14917564,0
2011.89428051,133141.75000000,11.15729237,0
2011.91471220,133137.40625000,11.15843201,0
2011.93514399,133193.25000000,11.16147518,262144
2011.95557559,133192.71875000,11.16532993,0
2011.97600728,133182.85937500,11.16888237,0
2011.99643907,133240.87500000,11.17603397,0
2012.01687076,133258.57812500,11.18259811,0
2012.03730236,133284.18750000,11.18237782,0
2012.05773415,133338.53125000,11.18854237,0
2012.07816574,133314.48437500,11.18981647,0
2012.09859743,133302.45312500,11.18825531,0
2012.11902922,133384.35937500,11.19152546,0
2012.13946082,133418.76562500,11.19511795,0
2012.15989251,133454.01562500,11.19277000,0
2012.18032430,133441.32812500,11.19440079,0
2012.20075589,133491.03125000,11.19760895,0
2012.22118758,133502.53125000,11.19697380,0
2012.24161937,133504.09375000,11.19538212,0
2012.26205096,133575.95312500,11.19570732,0
2012.28248275,133517.70312500,11.19177341,0
2012.30291444,133539.78125000,11.19173527,0
2012.32334603,133536.06250000,11.18942261,0
2012.34377782,133535.43750000,11.18564034,0
2012.36420951,133491.01562500,11.18329144,0
2012.40507289,133077.68750000,11.13230133,0
2012.42550458,133073.93750000,11.13918304,0
2012.44593627,133066.07812500,11.14601803,0
2012.46636796,133131.20312500,11.15586472,0
2012.48679965,133106.75000000,11.15535831,0
2012.50723134,133114.84375000,11.16298676,0
2012.52766303,133170.59375000,11.16559601,0
2012.54809472,133180.06250000,11.17244148,0
2012.56852651,133134.32812500,11.17393303,0
2012.58895820,133252.01562500,11.17904091,393216
2012.60938979,133346.37500000,11.18511200,393216
2012.62982158,133357.25000000,11.18434715,0
2012.65025327,133493.51562500,11.18338871,0
2012.67068486,133364.73437500,11.19025707,0
2012.69111664,133365.71875000,11.19383240,0
2012.71154833,133449.21875000,11.19555950,0
2012.73197992,133447.59375000,11.19286060,0
2012.75241171,133490.92187500,11.19769192,0
2012.77284340,133535.90625000,11.19224644,0
2012.79327498,133501.20312500,11.19605541,0
2012.81370677,133559.75000000,11.19566631,262144
2012.83413846,133531.56250000,11.19532108,0
2012.85457015,133531.39062500,11.19621277,0
2012.89543342,133436.76562500,11.07689381,0
2012.91586521,133338.56250000,11.07557964,262144
2012.93629690,133296.85937500,11.07981491,0
2012.95672858,133309.32812500,11.08567238,0
2012.97716027,133315.73437500,11.08264542,0
2012.99759196,133317.18750000,11.08729267,0
2013.01802364,133260.32812500,11.09403992,0
2013.03845533,133218.03125000,11.09673691,0
2013.05888702,133192.25000000,11.09875011,0
2013.07931870,133206.07812500,11.10143280,0
2013.09975049,133175.23437500,11.10342026,0
2013.12018208,133209.34375000,11.10619164,0
2013.14061386,133128.32812500,11.11182213,0
2013.16104555,133173.14062500,11.11725235,262144
2013.18147713,133111.07812500,11.11990452,0
2013.20190892,133100.37500000,11.12412453,0
2013.22234061,133081.03125000,11.12419701,0
2013.24277219,133061.57812500,11.13029671,0
2013.26320398,133062.15625000,11.13239002,0
2013.28363566,133120.51562500,11.12973881,0
2013.30406725,133082.18750000,11.14110279,0
2013.32449903,133175.95312500,11.14661026,0
2013.34493072,133119.32812500,11.15125275,262144
2013.36536230,133110.59375000,11.15255833,0
2013.38579409,133210.51562500,11.15970135,0
2013.40622577,133171.59375000,11.16491222,262144
2013.42665746,133191.50000000,11.17034054,0
2013.44708914,133204.39062500,11.17012787,0
2013.46752082,133230.60937500,11.17234516,0
2013.48795251,133308.23437500,11.18353081,0
2013.50838419,133329.25000000,11.18624592,0
2013.52881588,133347.54687500,11.18820953,0
2013.54924756,133409.71875000,11.19119549,0
2013.56967924,133395.10937500,11.19109058,0
2013.59011093,133445.93750000,11.19741535,0
2013.61054271,133474.39062500,11.19682693,0
2013.63097430,133537.21875000,11.19449234,0
2013.65140598,133559.00000000,11.19562626,0
2013.67183776,133570.01562500,11.19660568,0
2013.69226935,133571.73437500,11.19341087,0
2013.71270103,133581.21875000,11.19320393,0
2013.73313281,133582.06250000,11.19034481,393216
2013.75356439,133543.78125000,11.18790913,0
2013.77399618,133549.53125000,11.18032455,0
2013.79442786,133556.51562500,11.17880440,393216
2013.81485944,133504.90625000,11.17082977,393216
2013.83529122,133487.14062500,11.17282104,262144
2013.87615449,133429.17187500,11.07625484,0
2013.89658627,133386.93750000,11.08265018,262144
2013.91701795,133313.87500000,11.08261681,0
2013.93744964,133343.18750000,11.08889771,0
2013.95788132,133303.79687500,11.09164715,0
2013.97831300,133286.56250000,11.09221935,0
2013.99874468,133297.09375000,11.09409523,0
2014.01917636,133282.60937500,11.10242558,0
2014.03960804,133231.59375000,11.09823132,0
2014.06003983,133256.04687500,11.10445595,0
2014.08047151,133254.21875000,11.10972691,0
2014.10090309,133251.06250000,11.10557365,262144
2014.12133487,133205.73437500,11.10762596,0
2014.14176655,133232.89062500,11.10716915,0
2014.16219813,133194.87500000,11.10758591,262144
2014.18262991,133242.12500000,11.11587620,0
2014.20306159,133207.00000000,11.11627960,0
2014.22349317,133221.10937500,11.11938572,0
2014.24392495,133194.67187500,11.12116909,0
2014.26435653,133197.82812500,11.12373543,0
2014.28478821,133199.60937500,11.12564850,0
2014.30521999,133174.67187500,11.12747383,0
2014.32565157,133162.09375000,11.12939262,0
2014.34608335,133167.06250000,11.13923073,0
2014.36651503,133183.06250000,11.14024067,0
2014.38694661,133172.56250000,11.14240074,0
2014.40737839,133186.34375000,11.15261269,0
2014.42781007,133202.56250000,11.15525532,0
2014.44824175,133207.78125000,11.16212368,0
2014.46867343,133230.14062500,11.16178703,0
2014.48910511,133243.29687500,11.16631222,0
2014.50953679,133223.60937500,11.17068481,0
2014.52996847,133281.37500000,11.17574215,0
2014.55040015,133273.45312500,11.17963314,0
2014.57083183,133298.25000000,11.18651867,0
2014.59126361,133379.17187500,11.19182110,0
2014.61169519,133445.14062500,11.19385529,0
2014.63212697,133448.92187500,11.19545937,0
2014.65255864,133495.00000000,11.19904709,0
2014.67299022,133508.06250000,11.19979858,0
2014.69342200,133541.90625000,11.20107269,0
2014.71385368,133528.65625000,11.19834328,0
2014.73428526,133548.85937500,11.20010376,0
2014.75471704,133548.35937500,11.20072174,0
2014.77514871,133582.15625000,11.19459915,0
2014.79558029,133559.23437500,11.19030762,0
2014.81601207,133588.15625000,11.18803024,0
2014.85687533,133428.64062500,11.07656193,0
2014.87730710,133416.90625000,11.08111095,0
2014.89773878,133379.12500000,11.08968830,0
2014.91817046,133335.50000000,11.09466839,0
2014.93860214,133306.37500000,11.10239410,262144
2014.95903381,133269.54687500,11.11001015,0
2017.86033177,133575.09375000,11.10122967,0
2017.88076354,133448.65625000,11.11143303,0
2017.90119511,133486.10937500,11.11188793,0
2017.92162677,133458.48437500,11.11160946,0
2017.94205854,133451.59375000,11.11582088,0
2017.96249010,133445.93750000,11.11328220,0
2017.98292177,133410.45312500,11.11418438,0
2018.00335354,133417.82812500,11.12064648,0
2018.02378510,133449.95312500,11.13119316,0
2018.04421677,133422.62500000,11.12210369,0
2018.06464854,133462.51562500,11.12440491,0
2018.08508010,133483.18750000,11.13543224,0
2018.10551187,133487.07812500,11.13686085,393216
2018.12594353,133484.06250000,11.13989449,0
2018.14637520,133406.93750000,11.14992428,0
2018.16680687,133452.37500000,11.15294552,393216
2018.18723853,133455.25000000,11.15643501,0
2018.20767020,133483.71875000,11.16087055,393216
2018.22810186,133554.10937500,11.15206623,0
2018.24853353,133422.31250000,11.15868950,0
2018.26896519,133528.98437500,11.16821384,0
2018.28939696,133478.62500000,11.17131519,0
2018.30982852,133447.73437500,11.17496967,0
2018.33026019,133628.57812500,11.17245388,0
2018.35069195,133583.43750000,11.17832375,0
2018.37112352,133617.17187500,11.18102169,0
2018.39155528,133558.79687500,11.18423939,0
2018.41198695,133574.21875000,11.18675327,8192
2018.43241851,133660.90625000,11.18324947,0
2018.45285028,133662.39062500,11.19091511,0
2018.47328194,133675.18750000,11.18827248,0
2018.49371351,133647.04687500,11.19465446,0
2018.51414527,133641.00000000,11.19493771,262144
2018.53457684,133713.20312500,11.18805504,0
2018.55500850,133755.82812500,11.18713760,0
2018.57544027,133715.25000000,11.19393063,262144
2018.59587183,133706.67187500,11.19339657,262144
2018.61630360,133723.81250000,11.19966602,0
2018.63673526,133722.39062500,11.19645214,0
2018.65716693,133800.14062500,11.19543648,0
2018.67759859,133790.26562500,11.19859123,0
2018.69803026,133794.28125000,11.20157719,0
2018.71846192,133869.23437500,11.18768978,0
2018.73889358,133851.76562500,11.19044590,0
2018.77975691,133506.56250000,11.12662220,0
2018.80018868,133488.67187500,11.13364792,0
2018.82062024,133480.00000000,11.14121723,393216
2018.84105200,133533.71875000,11.13456249,262144
2018.86148367,133492.15625000,11.14903927,0
2018.88191523,133498.25000000,11.15769482,393216
2018.90234700,133471.84375000,11.15819454,393216
2018.92277866,133525.95312500,11.15534782,0
2018.94321022,133561.37500000,11.16499805,0
2018.96364199,133501.76562500,11.17297935,0
2018.98407365,133564.18750000,11.17792225,0
2019.00450521,133606.67187500,11.18142605,0
2019.02493698,133617.39062500,11.18722630,0
2019.04536864,133603.18750000,11.18845749,0
2019.06580020,133671.46875000,11.18284798,0
2019.08623197,133650.45312500,11.18837070,0
2019.10666363,133644.26562500,11.17969704,262144
2019.12709529,133591.48437500,11.17663288,0
2019.14752696,133606.75000000,11.18257141,0
2019.16795862,133620.79687500,11.18084621,262144
2019.18839028,133606.51562500,11.18993759,262144
2019.20882195,133655.14062500,11.18714905,262144
2019.22925361,133630.12500000,11.18726063,0
2019.24968527,133651.85937500,11.18768501,0
2019.27011694,133619.70312500,11.19022942,262144
2019.29054860,133615.03125000,11.18760872,0
2019.31098026,133668.90625000,11.17829227,0
2019.33141192,133604.59375000,11.17779827,0
2019.35184369,133544.23437500,11.17060757,0
2019.37227535,133560.75000000,11.16442680,0
2019.39270691,133541.70312500,11.16394424,0
2019.41313868,133509.48437500,11.15951252,262144
2019.43357034,133566.28125000,11.16100121,0
2019.45400190,133554.39062500,11.15991211,0
2019.47443366,133519.00000000,11.16203499,0
2019.49486533,133552.95312500,11.16467667,0
2019.51529689,133536.59375000,11.16675377,0
2019.53572865,133518.09375000,11.16302204,0
2019.55616031,133551.56250000,11.16298676,0
2019.57659188,133507.70312500,11.15982056,0
2019.59702364,133519.37500000,11.15844822,0
2019.61745530,133540.32812500,11.16502476,0
2019.63788706,133561.43750000,11.17320251,0
2019.65831862,133600.00000000,11.17208576,0
2019.67875029,133655.68750000,11.18113708,0
2019.69918205,133616.20312500,11.18463993,0
2019.71961361,133700.35937500,11.18626881,0
2019.76047703,133808.29687500,11.11344814,0
2019.78090870,133830.28125000,11.11400414,0
2019.80134026,133722.07812500,11.11484814,0
2019.82177202,133658.25000000,11.11728573,0
2019.84220368,133638.56250000,11.11703968,0
2019.86263534,133660.07812500,11.11983967,0
2019.88306700,133659.96875000,11.12054825,0
2019.90349857,133605.12500000,11.12021923,0
2019.92393033,133625.23437500,11.12070847,0
2019.94436199,133647.50000000,11.12370872,0
2019.96479355,133600.87500000,11.12646294,0
2019.98522531,133626.75000000,11.12301064,0
2020.00565697,133703.25000000,11.11678886,262144
2020.02608854,133644.00000000,11.12872696,262144
2020.04652030,133662.31250000,11.12693214,393216
2020.06695196,133574.42187500,11.13055897,262144
2020.08738352,133606.95312500,11.12913799,262144
2020.10781528,133565.93750000,11.13510799,0
2020.12824694,133608.26562500,11.13428688,0
2020.14867870,133713.53125000,11.12863255,0
2020.16911026,133583.06250000,11.13006592,0
2020.18954193,133595.18750000,11.13580132,0
2020.20997369,133582.29687500,11.14331627,8192
2020.23040525,133593.42187500,11.14693356,0
2020.25083691,133681.57812500,11.14239883,0
2020.27126867,133625.67187500,11.13916206,0
2020.29170033,133620.17187500,11.14877129,0
2020.31213189,133575.03125000,11.14715576,0
2020.33256365,133595.65625000,11.14864349,0
2020.35299531,133628.46875000,11.14313030,0
2020.37342697,133665.06250000,11.14461708,0
2020.39385863,133603.64062500,11.14651299,0
2020.41429030,133579.34375000,11.15215397,0
2020.43472206,133603.34375000,11.15448761,0
2020.45515362,133676.46875000,11.15214443,0
2020.47558528,133665.84375000,11.15533257,0
2020.49601694,133690.56250000,11.14879894,0
2020.51644860,133637.54687500,11.15495682,0
2020.53688026,133585.43750000,11.15017605,0
2020.55731192,133618.40625000,11.15610504,0
2020.57774358,133637.98437500,11.15712833,0
2020.59817524,133578.40625000,11.16130638,0
2020.61860690,133717.51562500,11.16290665,0
2020.63903856,133678.03125000,11.16016769,0
2020.65947032,133659.76562500,11.15819645,0
2020.67990188,133685.70312500,11.15835953,0
2020.70033354,133641.64062500,11.15243626,0
2020.72076530,133646.60937500,11.15799999,0
2020.74119686,133628.20312500,11.15709591,0
2020.76162852,133703.07812500,11.14761829,0
2020.78206028,133628.67187500,11.16005135,0
2020.80249194,133656.06250000,11.16363049,0
2020.82292350,133629.73437500,11.16220570,0
2020.84335526,133670.87500000,11.15930843,0
2020.86378692,133649.90625000,11.15733433,0
2020.88421858,133658.60937500,11.15969563,0
2020.90465024,133657.79687500,11.16759014,262144
2020.92508190,133721.39062500,11.16109848,262144
2020.94551356,133675.45312500,11.16653538,0
2020.96594522,133684.12500000,11.17093945,262144
2020.98637688,133664.46875000,11.17180252,393216
2021.00680864,133729.43750000,11.16128635,0
2021.02724020,133688.03125000,11.16857529,0
2021.04767186,133731.70312500,11.16744709,262144
2021.06810362,133666.15625000,11.16636372,0
2021.08853518,133690.59375000,11.17193604,0
2021.10896684,133696.39062500,11.17703819,0
2021.12939860,133720.60937500,11.17463017,0
2021.14983016,133716.26562500,11.17138290,0
2021.17026192,133705.67187500,11.17242432,0
2021.19069358,133741.89062500,11.17448902,0
2021.21112514,133717.60937500,11.17392349,0
2021.23155690,133757.96875000,11.17143726,0
2021.25198856,133735.54687500,11.17362022,0
2021.27242012,133696.57812500,11.16869926,0
2021.29285188,133732.00000000,11.16849041,0
2021.31328344,133733.42187500,11.17045021,0
2021.33371510,133681.28125000,11.17072392,8192
2021.35414686,133770.34375000,11.16654968,0
2021.37457852,133691.62500000,11.16782570,0
2021.39501017,133687.04687500,11.17040062,0
2021.41544183,133771.68750000,11.15857029,262144
2021.43587349,133727.92187500,11.16670990,262144
2021.45630515,133687.76562500,11.16503429,0
2021.47673681,133750.25000000,11.16252041,0
2021.49716847,133705.14062500,11.16570568,0
2021.51760023,133749.71875000,11.16261864,0
2021.53803179,133750.25000000,11.15265465,0
2021.55846345,133724.51562500,11.15249729,0
2021.57889521,133751.51562500,11.14953327,0
2021.59932677,133762.64062500,11.15391541,0
2021.61975853,133749.42187500,11.15169811,0
2021.64019018,133766.71875000,11.14256477,0
2021.66062174,133784.35937500,11.13857651,0
2021.68105350,133779.29687500,11.12930965,0
2021.72191672,133741.95312500,11.15277863,0
2021.74234848,133749.28125000,11.15457249,0
2021.76278014,133763.54687500,11.15314102,0
2021.78321170,133732.71875000,11.14920998,0
2021.80364346,133771.87500000,11.14336586,393216
2021.82407512,133791.43750000,11.14244080,0
2021.84450677,133827.84375000,11.14477634,0
2021.86493843,133847.57812500,11.14283848,393216
2021.88537009,133795.40625000,11.14446926,0
2021.90580175,133826.84375000,11.13725471,0
2021.92623341,133856.81250000,11.13539314,0
2021.94666507,133818.46875000,11.14712238,262144
2021.96709673,133862.37500000,11.13067150,262144
2021.98752839,133846.75000000,11.13345242,0
2022.00796004,133863.82812500,11.13287640,0
2022.02839180,133849.17187500,11.12819481,262144
2022.04882336,133885.20312500,11.13278961,262144
2022.06925502,133883.76562500,11.13159084,0
2022.08968678,133922.31250000,11.12593555,0
2022.11011834,133891.20312500,11.12260437,0
2022.13055010,133942.42187500,11.12419796,0
2022.15098175,133914.81250000,11.12326908,0
2022.17141331,133943.87500000,11.12418938,8192
2022.19184507,133983.21875000,11.12039471,0
2022.21227673,133982.50000000,11.11595440,0
2022.23270829,133976.92187500,11.11610603,0
2022.25314005,133978.85937500,11.11575508,262144
2022.27357171,134005.39062500,11.11235428,0
2022.29400326,134072.70312500,11.11136723,0
2022.31443502,134060.68750000,11.10515881,0
2022.33486668,134058.92187500,11.10515499,0
2022.35529844,134070.35937500,11.10646248,0
2022.37573000,134065.07812500,11.10304165,0
2022.39616166,134083.73437500,11.09953308,0
2022.41659341,134077.06250000,11.09685040,0
2022.45745663,133946.71875000,11.19970608,0
2022.47788839,133946.76562500,11.18918324,0
2022.49832005,133906.67187500,11.19000530,0
2022.51875161,133930.85937500,11.18987656,0
2022.53918336,133908.65625000,11.18681335,0
2022.55961502,133832.28125000,11.18164635,0
2022.58004658,133844.14062500,11.17687416,0
2022.60047834,133888.84375000,11.16525173,0
2022.62091000,133833.78125000,11.16627312,0
2022.64134166,133850.37500000,11.15544605,0
2022.66177331,133859.25000000,11.14820766,0
2022.68220487,133870.60937500,11.14061737,0
2022.70263663,133895.68750000,11.14167404,0
2022.72306829,133905.76562500,11.13928032,0
2022.74349985,133971.81250000,11.13296986,0
2022.76393161,133950.06250000,11.13115597,0
2022.78436326,133981.25000000,11.12994099,393216
2022.80479482,133996.25000000,11.12981987,0
2022.82522658,134031.23437500,11.12658787,0
2022.84565824,134068.95312500,11.12064838,0
2022.86609000,134057.82812500,11.11991978,0
2022.88652155,134065.62500000,11.11947441,0
2022.90695321,134089.25000000,11.11780262,0
2022.92738497,134090.89062500,11.11122227,262144
2022.94781653,134164.70312500,11.10849571,0
2022.96824819,134150.93750000,11.10322666,0
2022.98867994,134149.56250000,11.10117912,0
2023.00911160,134132.62500000,11.09449387,0
2023.02954316,134143.62500000,11.08549690,0
2023.04997492,134163.34375000,11.08085060,0
2023.07040658,134185.53125000,11.08064747,0
2023.09083823,134183.21875000,11.07107925,0
2023.11126989,134202.78125000,11.06107807,0
2023.13170155,134247.15625000,11.04427814,0
2023.15213331,134237.06250000,11.03273678,0
2023.19299652,134076.18750000,11.13130379,0
2023.21342828,134112.42187500,11.11890984,0
2023.23385984,134084.14062500,11.11684322,0
2023.25429150,134114.57812500,11.11482143,0
2023.27472326,134153.54687500,11.11217213,0
2023.29515481,134170.87500000,11.10210037,0
2023.31558647,134169.95312500,11.09731197,0
2023.33601823,134160.21875000,11.09030724,0
2023.35644979,134178.85937500,11.08195496,0
2023.37688155,134202.56250000,11.07091713,0
2023.39731310,134165.76562500,11.05841637,0
2023.43817652,134171.25000000,11.10636330,0
2023.45860808,134158.95312500,11.09976006,0
2023.47903974,134177.23437500,11.08714485,393216
2023.49947149,134190.60937500,11.07786655,393216
2023.51990315,134215.82812500,11.07104397,262144
2023.54033471,134241.23437500,11.05670547,393216
2023.56076647,134275.82812500,11.03466415,393216
2023.58119813,134322.31250000,11.02070236,0
2023.60162978,134333.76562500,10.99025440,262144
2023.62206144,134354.56250000,10.96458721,393216
2023.64249310,134290.84375000,10.91599274,0
2023.70378807,133952.82812500,11.17665195,8192
2023.72421983,133920.81250000,11.16979694,262144
2023.74465139,133946.93750000,11.16794491,0
2023.76508305,133956.20312500,11.16002941,0
2023.78551481,133963.40625000,11.14652157,0
2023.80594636,134014.96875000,11.14104271,0
2023.82637812,134099.15625000,11.14320850,0
2023.84680978,134097.57812500,11.13303185,0
2023.86724134,134069.50000000,11.13534737,0
2023.88767310,134098.42187500,11.13186455,0
2023.90810475,134098.10937500,11.12769699,393216
2023.92853631,134098.26562500,11.12806034,0
2023.94896807,134208.43750000,11.12286758,0
2023.96939973,134220.96875000,11.11918449,393216
2023.98983138,134220.82812500,11.11554241,0
2024.01026304,134213.26562500,11.11368847,0
2024.03069470,134235.53125000,11.10720539,0
2024.05112636,134243.46875000,11.10014534,0
2024.07155802,134234.21875000,11.09567738,262144
2024.09198967,134217.37500000,11.08933258,0
2024.11242133,134250.96875000,11.07845783,0
2024.13285299,134235.68750000,11.06946373,0
2024.17371631,134143.09375000,11.12477398,0
2024.19414796,134203.59375000,11.12084579,0
2024.21457962,134213.15625000,11.11564350,0
2024.23501138,134187.81250000,11.11598015,0
2024.25544294,134192.40625000,11.10968781,0
2024.27587470,134256.60937500,11.09637260,0
2024.29630635,134280.09375000,11.09286499,0
2024.31673791,134268.34375000,11.09127808,0
2024.33716967,134300.65625000,11.08006477,0
2024.35760133,134288.90625000,11.06479454,0
2024.37803289,134328.59375000,11.06009769,0
2024.41889630,134169.09375000,11.12482929,0
2024.43932786,134231.92187500,11.11908531,0
2024.45975962,134240.76562500,11.11073589,0
2024.48019128,134307.57812500,11.10999680,0
2024.50062303,134274.68750000,11.09681702,0
2024.52105459,134252.03125000,11.08940411,0
2024.54148625,134276.10937500,11.08462620,0
2024.56191801,134249.07812500,11.07653999,0
2024.58234957,134377.45312500,11.05208206,0
2024.60278122,134325.03125000,11.04390907,0
2024.62321298,134355.39062500,11.02310085,0
2024.66407620,134171.20312500,11.13162708,0
2024.68450796,134177.09375000,11.12878418,0
2024.70493962,134216.87500000,11.12129974,0
2024.72537127,134211.92187500,11.11783886,0
2024.74580293,134310.31250000,11.11130524,0
2024.76623449,134277.06250000,11.10420322,0
2024.78666625,134244.29687500,11.10340786,393216
2024.80709791,134262.98437500,11.09180450,0
2024.82752946,134283.65625000,11.08346176,0
2024.84796122,134303.34375000,11.08112907,0
2024.86839288,134333.17187500,11.06406879,0
2024.90925620,134153.20312500,11.13966846,393216
2024.92968786,134175.45312500,11.13493729,0
2024.95011961,134227.48437500,11.12656021,262144
2024.97055117,134259.01562500,11.12598228,0
2024.99098283,134276.45312500,11.12007904,0
2025.01141459,134254.82812500,11.10895348,0
2025.03184615,134275.20312500,11.10091209,0
2025.05227781,134322.46875000,11.08875942,0
2025.07270956,134344.10937500,11.07370186,262144
2025.09314112,134372.76562500,11.05058289,0
2025.11357278,134426.56250000,11.03098202,0
2025.15443620,134261.73437500,11.12768555,0
2025.17486786,134280.96875000,11.12111473,0
2025.19529951,134295.46875000,11.11984539,262144
2025.21573117,134301.06250000,11.10832310,0
2025.23616283,134288.17187500,11.09807968,0
2025.25659449,134346.60937500,11.09335899,0
2025.27702615,134345.12500000,11.08059120,0
2025.29745791,134382.95312500,11.05608845,0
2025.31788946,134407.73437500,11.03635120,0
2025.33832112,134411.29687500,11.00675678,0
2025.35875288,134409.67187500,10.97791672,0
2025.39961620,134285.09375000,11.09950066,0
2025.42004776,134366.28125000,11.08930969,0
2025.44047942,134369.85937500,11.06771755,0
2025.46091117,134402.82812500,11.04984951,0
2025.48134273,134430.85937500,11.02397442,0
2025.50177439,134426.56250000,10.98096275,0
2025.52220615,134387.67187500,10.95013332,0
2025.54263771,134239.21875000,10.88631821,0
2025.66522766,134246.17187500,11.14420986,2048
2025.70609108,134301.62500000,11.12599850,0
2025.72652274,134296.15625000,11.12496090,0
2025.74695440,134344.50000000,11.12706375,0
2025.76738606,134303.12500000,11.11056519,0
2025.78781772,134367.81250000,11.10137177,0
2025.80824937,134330.12500000,11.10016155,262144
2025.82868103,134403.98437500,11.09373856,0
2025.88997601,134205.75000000,11.14330387,0
2025.91040777,134202.31250000,11.13951683,0
2025.93083943,134303.90625000,11.13797760,0
2025.95127099,134437.90625000,11.13498402,0
2025.97170275,134315.98437500,11.12492657,0
2025.99213441,134365.81250000,11.12510681,262144
2026.01256596,134339.56250000,11.12004185,262144
2026.03299772,134328.84375000,11.11032581,0
2026.05342938,134336.51562500,11.10429573,0
2026.07386104,134397.62500000,11.09664440,0
2026.09429270,134375.56250000,11.08678818,0
2026.13515602,134133.85937500,11.18858337,0
2026.15558768,134138.01562500,11.18486404,0
2026.17601924,134185.48437500,11.16662216,0
2026.19645100,134129.60937500,11.16631889,0
2026.21688266,134183.10937500,11.15622711,0
2026.23731432,134191.68750000,11.15086174,0
2026.25774598,134194.10937500,11.14579582,0
2026.27817764,134300.54687500,11.13755226,0
2026.29860940,134279.18750000,11.13474751,0
2026.31904096,134318.85937500,11.13063335,0
2026.33947261,134304.15625000,11.12447166,0
2026.38033603,134210.46875000,11.21767616,0
2026.40076759,134236.37500000,11.21132660,393216
2026.42119935,134139.15625000,11.20509911,0
2026.44163101,134106.46875000,11.19247723,0
2026.46206257,134170.84375000,11.18671036,0
2026.48249433,134186.89062500,11.17461491,0
2026.50292599,134136.85937500,11.16505623,0
2026.52335775,134170.12500000,11.16027260,0
2026.54378931,134176.32812500,11.15373230,0
2026.56422097,134210.65625000,11.14966583,393216
2026.58465273,134283.71875000,11.14006233,0
2026.60508429,134283.40625000,11.13894272,0
2026.62551595,134311.81250000,11.13331604,393216
2026.64594771,134329.20312500,11.12747765,0
2026.66637927,134350.89062500,11.12562561,0
2026.68681093,134327.29687500,11.11670113,0
2026.70724269,134340.62500000,11.10988617,0
2026.72767425,134366.31250000,11.10263062,0
2026.74810601,134406.07812500,11.09252357,0
2026.76853767,134413.34375000,11.08318806,0
2026.78896923,134429.50000000,11.06619644,0
2026.80940099,134451.20312500,11.03845882,262144
2026.82983255,134444.07812500,11.01309490,0
2026.87069597,134346.37500000,11.11959553,262144
2026.89112753,134349.21875000,11.11581993,0
2026.91155919,134344.18750000,11.10824680,0
2026.93199095,134389.92187500,11.09396935,0
2026.95242261,134391.84375000,11.08573723,0
2026.97285428,134414.75000000,11.06886482,0
2026.99328594,134594.34375000,11.05038357,0
2027.01371760,134745.21875000,11.03882122,0
2027.03414936,134485.15625000,11.01139736,0
2027.05458092,134273.73437500,10.95446682,8192
2027.07501258,134162.26562500,10.88514137,8192
2027.11587590,134325.37500000,11.12679005,0
2027.13630756,134322.64062500,11.11411095,0
2027.15673932,134326.79687500,11.10732841,262144
2027.17717088,134362.31250000,11.09531975,0
2027.19760264,134383.76562500,11.08459854,262144
2027.21803430,134419.09375000,11.06467152,262144
2027.23846586,134439.26562500,11.04026413,0
2027.25889763,134411.39062500,11.00470638,262144
2027.27932929,134404.06250000,10.97960663,262144
2027.29976085,134344.67187500,10.92083740,0
2027.32019261,133929.65625000,10.99546719,272384
2027.36105603,134147.78125000,11.20166969,0
2027.38148759,134159.89062500,11.19184399,262144
2027.40191925,134120.98437500,11.17998028,262144
2027.42235101,134180.45312500,11.17396832,262144
2027.44278258,134163.71875000,11.15818691,0
2027.46321424,134214.82812500,11.15440369,0
2027.48364590,134268.73437500,11.14556885,0
2027.50407766,134265.01562500,11.14340401,0
2027.52450922,134296.45312500,11.13298798,0
2027.54494098,134283.15625000,11.12306404,0
2027.56537254,134279.23437500,11.11641502,0
2027.60623597,134259.87500000,11.15229797,0
2027.62666753,134228.43750000,11.15281010,0
2027.64709929,134252.04687500,11.14892483,0
2027.66753095,134242.18750000,11.14244652,0
2027.68796251,134252.87500000,11.13659191,0
2027.70839428,134295.68750000,11.13732052,0
2027.72882594,134305.34375000,11.13301563,0
2027.74925750,134291.79687500,11.13060379,0
2027.76968926,134339.37500000,11.12575150,0
2027.79012092,134320.57812500,11.11909580,0
2027.81055268,134387.45312500,11.11956596,0
2027.85141591,134442.57812500,11.21473408,393216
2027.87184767,134313.51562500,11.22130203,0
2027.89227923,134234.68750000,11.22060299,0
2027.91271090,134249.35937500,11.21572685,0
2027.93314266,134262.03125000,11.21432114,0
2027.95357422,134302.18750000,11.20674801,0
2027.97400588,134164.15625000,11.19238663,8192
2027.99443764,134189.89062500,11.18813610,0
2028.01486931,134100.42187500,11.17649078,0
2028.03530097,134127.07812500,11.17180347,8192
2028.05573263,134207.57812500,11.16428852,0
2028.07616429,134186.84375000,11.15605927,0
2028.09659596,134208.29687500,11.14923096,0
2028.17832261,134330.10937500,11.13226032,0
2028.19875427,134302.65625000,11.12683678,0
2028.21918593,134289.81250000,11.11929989,393216
2028.23961760,134309.34375000,11.11533451,0
2028.26004936,134295.34375000,11.10701942,0
2028.28048092,134369.04687500,11.10172939,393216
2028.30091258,134386.45312500,11.09063053,0
2028.34177591,134151.50000000,11.15701962,0
2028.36220757,134240.42187500,11.14856720,0
2028.38263934,134178.12500000,11.13811302,0
2028.40307090,134251.39062500,11.13646126,262144
2028.42350266,134277.09375000,11.13623142,0
2028.44393433,134240.53125000,11.12896061,0
2028.46436589,134343.60937500,11.12331009,0
2028.48479765,134356.29687500,11.12050915,0
2028.50522932,134348.43750000,11.11398602,0
2028.52566088,134344.03125000,11.10862732,0
2028.54609264,134330.43750000,11.09997272,0
2028.58695597,134234.46875000,11.17924500,0
2028.60738764,134143.15625000,11.17114925,0
2028.62781930,134189.62500000,11.15870476,0
2028.64825106,134185.42187500,11.15750694,0
2028.66868263,134207.31250000,11.14927673,0
2028.68911429,134232.10937500,11.14469337,0
2028.70954605,134241.93750000,11.13671112,0
2028.72997772,134257.67187500,11.13446236,16384
2028.75040928,134293.76562500,11.12850857,0
2028.77084105,134280.76562500,11.12717438,0
2028.79127271,134274.73437500,11.11721134,262144
2028.83213604,134337.78125000,11.21549511,0
2028.85256770,134326.75000000,11.21379566,0
2028.87299937,134266.25000000,11.21124649,0
2028.89343103,134228.90625000,11.20779133,0
2028.91386260,134170.23437500,11.19791794,0
2028.93429436,134154.71875000,11.19115162,0
2028.95472603,134126.57812500,11.18199348,0
2028.97515759,134138.96875000,11.16823673,0
2028.99558936,134167.51562500,11.16604137,0
2029.01602102,134197.54687500,11.15487194,0
2029.03645259,134190.40625000,11.15248680,0
2029.05688435,134203.46875000,11.14402103,0
2029.07731602,134243.67187500,11.13713455,0
2029.09774778,134257.64062500,11.13250732,0
2029.11817934,134257.20312500,11.12631512,0
2029.13861101,134289.54687500,11.12308884,0
2029.15904278,134248.01562500,11.11513615,0
2029.17947434,134273.09375000,11.11026955,0
2029.19990601,134252.89062500,11.10516453,0
2029.22033777,134290.12500000,11.09177589,393216
2029.24076944,134303.56250000,11.07975578,0
2029.26120110,134331.46875000,11.06083870,0
2029.28163277,134333.34375000,11.02567959,393216
2029.32249610,134095.25000000,11.15923119,0
2029.34292776,134162.75000000,11.15283489,0
2029.36335943,134164.43750000,11.14607906,0
2029.38379120,134176.14062500,11.14325619,0
2029.40422276,134215.50000000,11.13290787,0
2029.42465443,134235.78125000,11.12827873,0
2029.44508619,134231.31250000,11.12386894,0
2029.46551776,134193.75000000,11.11622047,0
2029.48594952,134240.87500000,11.11164093,0
2029.50638119,134263.06250000,11.09762478,0
2029.52681276,134263.34375000,11.08609581,0
2029.56767609,134074.18750000,11.17605400,0
2029.58810776,134076.00000000,11.18236351,0
2029.60853952,134085.34375000,11.16812420,8192
2029.62897109,134061.68750000,11.16005421,0
2029.64940276,134129.65625000,11.15686512,0
2029.66983452,134157.00000000,11.15339947,0
2029.69026609,134215.00000000,11.15425301,0
2029.71069785,134146.00000000,11.14451790,0
2029.73112952,134139.42187500,11.14260197,0
2029.75156119,134150.09375000,11.13769054,0
2029.77199286,134142.67187500,11.13139725,0
2029.81285619,134111.34375000,11.16464615,0
2029.83328786,134048.17187500,11.16714668,0
2029.85371952,134066.31250000,11.16055202,0
2029.87415129,134041.71875000,11.15455341,0
2029.89458296,134085.18750000,11.15052986,0
2029.91501452,134175.70312500,11.14765358,0
2029.93544629,134120.25000000,11.14367580,0
2029.95587796,134115.65625000,11.14105892,0
2029.97630953,134134.07812500,11.26248074,0
2029.99674129,134095.50000000,11.26119900,393216
2030.01717296,134156.87500000,11.25588417,0
2030.05803630,134163.98437500,11.24061298,0
2030.07846797,134080.65625000,11.25535679,393216
2030.09889973,134070.20312500,11.25873470,0
2030.11933130,134067.65625000,11.26950169,0
2030.13976297,134146.46875000,11.26662254,0
2030.16019474,134091.29687500,11.27466583,0
2030.18062631,134048.25000000,11.27866364,0
2030.20105797,133977.60937500,11.27781105,0
2030.22148964,134004.73437500,11.27679539,0
2030.24192131,134012.14062500,11.27424049,393216
2030.26235298,134019.59375000,11.27489185,0
2030.28278465,134024.78125000,11.27410126,0
2030.30321632,134020.78125000,11.27080536,393216
2030.32364808,134085.95312500,11.27223969,262144
2030.34407965,134097.57812500,11.26528263,0
2030.36451132,134090.07812500,11.25984001,0
2030.38494309,134099.17187500,11.25319576,0
2030.40537476,134028.51562500,11.24307632,0
2030.42580633,134135.35937500,11.24509144,262144
2030.44623810,134067.34375000,11.23033142,0
2030.46666977,134113.96875000,11.22611523,0
2030.48710143,134142.10937500,11.21075344,0
2030.50753310,134140.42187500,11.19165516,0
2030.54839644,134043.20312500,11.27417374,0
2030.56882811,134074.37500000,11.27166939,0
2030.58925978,134020.70312500,11.26541233,0
2030.60969155,134039.04687500,11.25808811,0
2030.63012312,134043.21875000,11.25312519,0
2030.65055479,134059.70312500,11.24440765,0
2030.67098656,134060.45312500,11.23413944,0
2030.69141813,134110.45312500,11.21754742,0
2030.71184990,134130.71875000,11.20276642,0
2030.73228157,134141.93750000,11.17913914,0
2030.75271314,134116.21875000,11.13827705,0
2030.79357658,133945.21875000,11.27625561,0
2030.81400815,133977.48437500,11.27810955,0
2030.83443992,133967.42187500,11.27612209,0
2030.85487159,134012.92187500,11.27064514,0
2030.87530326,133981.76562500,11.27209568,0
2030.89573493,133996.75000000,11.26190662,0
2030.91616660,134000.10937500,11.25434589,0
2030.93659827,134016.56250000,11.24728584,0
2030.95702994,134072.10937500,11.23984146,262144
2030.97746161,134017.96875000,11.22701359,262144
2030.99789329,134049.31250000,11.21157837,0
2031.03875663,133932.90625000,11.27367496,0
2031.05918840,133930.90625000,11.27845573,0
2031.07961997,133908.60937500,11.27893162,0
2031.10005174,133908.73437500,11.27924442,0
2031.12048341,133928.71875000,11.27842712,0
2031.14091498,133935.96875000,11.27674007,0
2031.16134676,133956.42187500,11.27154160,393216
2031.18177843,133949.82812500,11.26792431,393216
2031.20221000,133982.84375000,11.25934982,0
2031.22264177,133941.12500000,11.24890518,262144
2031.24307344,133973.40625000,11.24148846,393216
2031.28393679,133891.04687500,11.26871204,262144
2031.30436846,133898.01562500,11.27572823,0
2031.32480023,133879.87500000,11.27879715,0
2031.34523180,133857.62500000,11.27507114,0
2031.36566347,133866.81250000,11.27923965,0
2031.38609525,133842.31250000,11.27229309,0
2031.40652682,133894.28125000,11.26892662,0
2031.42695849,133915.54687500,11.26963711,0
2031.44739026,133926.03125000,11.26177979,0
2031.46782184,133929.79687500,11.25353622,0
2031.48825361,133876.01562500,11.24429989,0
2031.52911695,133878.32812500,11.27270031,0
2031.54954863,133847.64062500,11.27109623,393216
2031.56998030,133894.32812500,11.27184010,393216
2031.59041187,133927.20312500,11.27168274,0
2031.61084365,133873.65625000,11.26434231,0
2031.63127532,133925.71875000,11.26116276,8192
2031.65170689,133966.45312500,11.25300884,0
2031.67213867,134040.46875000,11.25170135,0
2031.69257034,134033.64062500,11.24251175,0
2031.71300201,133887.98437500,11.23181248,0
2031.73343369,133903.07812500,11.22797966,0
2031.77429713,133810.60937500,11.27694225,0
2031.79472871,133826.29687500,11.27747059,0
2031.81516038,133830.64062500,11.27480984,262144
2031.83559216,133815.42187500,11.27621269,0
2031.85602373,133809.98437500,11.27257347,0
2031.87645551,133777.82812500,11.26915359,0
2031.89688718,133802.25000000,11.26781750,0
2031.91731875,133830.71875000,11.26558304,0
2031.93775053,133902.03125000,11.26174736,0
2031.95818220,133905.25000000,11.25732708,0
2031.97861378,133887.75000000,11.25137424,0
2032.01947723,133792.04687500,11.26824951,0
2032.03990890,133797.31250000,11.27509594,262144
2032.06034058,133806.42187500,11.27297688,0
2032.08077225,133821.87500000,11.27803040,262144
2032.10120403,133754.50000000,11.27440548,262144
2032.12163560,133732.89062500,11.27647209,262144
2032.14206728,133768.76562500,11.27284718,0
2032.16249905,133750.07812500,11.27311516,262144
2032.18293063,133807.17187500,11.27052784,0
2032.20336230,133861.76562500,11.26799107,0
2032.22379408,133808.93750000,11.26231384,0
2032.26465743,133814.59375000,11.22422695,0
2032.28508911,133819.98437500,11.23745155,0
2032.30552068,133825.92187500,11.25050640,262144
2032.32595246,133782.12500000,11.26405907,0
2032.34638413,133751.62500000,11.26606655,0
2032.36681571,133676.96875000,11.27445221,0
2032.38724749,133676.09375000,11.27062225,0
2032.40767916,133735.25000000,11.27436161,0
2032.42811074,133759.53125000,11.27393436,0
2032.44854252,133743.21875000,11.27551556,8192
2032.46897419,133706.75000000,11.27016544,0
2032.48940597,133749.50000000,11.26860714,0
2032.50983755,133720.12500000,11.26389694,0
2032.53026922,133761.79687500,11.25806999,0
2032.55070100,133731.84375000,11.25018692,0
2032.57113258,133708.26562500,11.24036312,0
2032.59156426,133734.96875000,11.23672867,262144
2032.61199603,133793.79687500,11.22252083,0
2032.63242761,133737.53125000,11.21077347,0
2032.65285939,133801.85937500,11.18965435,0
2032.67329107,133780.82812500,11.16874027,0
2032.69372264,133767.32812500,11.14660835,0
2032.71415442,133785.14062500,11.10818958,0
2032.75501778,133639.57812500,11.27210331,0
2032.77544945,133650.60937500,11.26899529,393216
2032.79588113,133678.18750000,11.26721764,0
2032.81631281,133705.14062500,11.26202297,0
2032.83674449,133669.42187500,11.25564098,8192
2032.85717617,133688.28125000,11.24478340,0
2032.87760785,133658.64062500,11.23454475,0
2032.89803962,133741.14062500,11.22784424,0
2032.91847120,133683.50000000,11.20903969,0
2032.93890298,133744.25000000,11.19209576,0
2032.95933456,133710.06250000,11.16412258,0
2033.00019802,133677.00000000,11.25603867,0
2033.02062960,133633.96875000,11.24990463,0
2033.04106138,133656.81250000,11.24255180,0
2033.06149306,133661.07812500,11.23030281,0
2033.08192464,133665.12500000,11.22276402,393216
2033.10235642,133705.59375000,11.19977093,0
2033.12278809,133726.78125000,11.17358780,0
2033.14321967,133730.31250000,11.14200306,393216
2033.16365145,133636.93750000,11.09807777,393216
2033.18408313,133565.42187500,11.05473328,262144
2033.20451471,133275.18750000,10.91174793,0
2033.24537817,133603.40625000,11.25855160,262144
2033.26580995,133605.81250000,11.25060749,0
2033.28624153,133655.96875000,11.24501991,0
2033.30667322,133583.95312500,11.22843647,0
2033.32710500,133645.43750000,11.21630859,0
2033.34753658,133675.54687500,11.19070911,0
2033.36796826,133650.65625000,11.16658211,0
2033.38840004,133617.87500000,11.12057114,0
2033.40883172,133535.81250000,11.07241249,0
2033.42926340,133415.64062500,11.00929832,0
2033.49055844,133552.64062500,11.27496147,0
2033.51099013,133528.26562500,11.27513123,0
2033.53142181,133541.71875000,11.27305222,0
2033.55185359,133541.35937500,11.27209473,0
2033.57228517,133495.76562500,11.27393818,0
2033.59271695,133521.98437500,11.26865864,0
2033.61314853,133492.62500000,11.27049351,0
2033.63358022,133527.89062500,11.26849556,0
2033.65401200,133542.25000000,11.26575565,262144
2033.67444358,133537.28125000,11.26194668,0
2033.69487526,133649.35937500,11.25701237,0
2033.73573863,133569.75000000,11.27327251,0
2033.75617031,133428.75000000,11.26799297,0
2033.77660209,133511.92187500,11.26712799,393216
2033.79703368,133492.67187500,11.26158905,393216
2033.81746546,133531.75000000,11.26059818,0
2033.83789714,133556.06250000,11.25513458,0
2033.85832872,133503.92187500,11.24954605,0
2033.87876051,133490.85937500,11.23953247,393216
2033.89919219,133477.14062500,11.23230839,0
2033.91962387,133508.35937500,11.22726727,0
2033.94005556,133603.59375000,11.20985222,0
2033.98091903,133529.01562500,11.25761414,0
2034.00135061,133475.48437500,11.24938583,0
2034.02178229,133459.50000000,11.23826504,0
2034.04221408,133469.17187500,11.22910118,393216
2034.06264576,133501.20312500,11.22569084,0
2034.08307735,133476.60937500,11.20149326,262144
2034.10350913,133546.84375000,11.18734074,0
2034.12394081,133509.35937500,11.16198921,0
2034.14437240,133465.79687500,11.12197399,262144
2034.16480418,133461.50000000,11.10083008,0
2034.18523587,133359.26562500,11.03735256,270336
2034.22609924,133434.87500000,11.26154518,8192
2034.24653092,133431.40625000,11.26664448,262144
2034.26696261,133350.34375000,11.26852989,0
2034.28739429,133380.50000000,11.26973152,0
2034.30782598,133342.21875000,11.27394009,262144
2034.32825767,133359.46875000,11.26830006,0
2034.34868935,133360.29687500,11.26684475,0
2034.36912114,133418.53125000,11.25949287,262144
2034.38955272,133442.42187500,11.25806618,393216
2034.40998441,133401.70312500,11.25498962,8192
2034.43041619,133408.95312500,11.23776913,0
2034.47127947,133330.62500000,11.26909256,0
2034.49171125,133356.43750000,11.26923180,0
2034.51214284,133316.90625000,11.26758575,393216
2034.53257453,133370.98437500,11.26498508,0
2034.55300631,133377.62500000,11.26160622,0
2034.57343790,133371.17187500,11.25259113,0
2034.59386969,133336.32812500,11.24702454,0
2034.61430137,133345.92187500,11.23428440,0
2034.63473306,133395.73437500,11.22534370,0
2034.65516475,133422.68750000,11.20739079,0
2034.67559644,133412.89062500,11.18519115,0
2034.71645991,133401.25000000,11.22340202,16384
2034.73689150,133330.17187500,11.24760437,0
2034.75732329,133332.14062500,11.26087570,0
2034.77775497,133321.09375000,11.26407337,0
2034.79818656,133320.26562500,11.26874065,0
2034.81861835,133267.20312500,11.26823235,0
2034.83905004,133244.81250000,11.27211285,0
2034.85948163,133271.00000000,11.26826382,0
2034.87991342,133289.84375000,11.25865746,0
2034.90034510,133300.10937500,11.26257229,0
2034.92077669,133302.92187500,11.24878788,0
2034.96164017,133317.70312500,11.23938370,0
2034.98207186,133313.78125000,11.25609207,262144
2035.00250355,133308.89062500,11.26291370,0
2035.02293514,133283.98437500,11.26596069,0
2035.04336693,133245.53125000,11.26804161,262144
2035.06379862,133214.56250000,11.26429462,0
2035.08423021,133245.32812500,11.26347637,0
2035.10466200,133294.40625000,11.26115417,0
2035.12509369,133254.28125000,11.25059414,0
2035.14552548,133297.90625000,11.24420166,0
2035.16595707,133266.78125000,11.23016357,0
2035.20682055,133267.81250000,11.24233913,0
2035.22725214,133261.18750000,11.25180531,0
2035.24768383,133231.20312500,11.26257801,0
2035.26811562,133212.85937500,11.26609421,0
2035.28854731,133208.01562500,11.26688480,0
2035.30897900,133143.18750000,11.26532745,0
2035.32941069,133203.07812500,11.26847363,0
2035.34984238,133203.15625000,11.26393986,0
2035.37027407,133228.21875000,11.25791645,0
2035.39070576,133229.01562500,11.24788857,0
2035.41113746,133215.95312500,11.23499393,0
2035.45200084,133219.51562500,11.26500607,0
2035.47243253,133211.46875000,11.26523495,0
2035.49286432,133214.35937500,11.26463890,0
2035.51329592,133217.15625000,11.25928116,0
2035.53372771,133199.43750000,11.24957561,0
2035.55415940,133157.20312500,11.24934673,0
2035.57459099,133242.54687500,11.24418259,0
2035.59502278,133241.89062500,11.23974800,0
2035.61545448,133308.81250000,11.23158836,262144
2035.63588607,133338.42187500,11.22497749,0
2035.65631786,133296.84375000,11.21599865,0
2035.69718125,133155.34375000,11.25980186,262144
2035.71761294,133186.48437500,11.25840187,0
2035.73804454,133192.60937500,11.24853897,262144
2035.75847633,133242.70312500,11.24695301,262144
2035.77890802,133285.75000000,11.23983669,0
2035.79933972,133168.51562500,11.23110485,0
2035.81977141,133205.82812500,11.21935368,0
2035.84020310,133198.10937500,11.20401764,0
2035.86063490,133241.89062500,11.18523884,0
2035.88106649,133256.76562500,11.15637398,0
2035.90149819,133258.04687500,11.13566303,0
2035.94236168,133111.01562500,11.26283073,0
2035.96279327,133147.17187500,11.26205349,0
2035.98322507,133119.78125000,11.25267410,0
2036.00365676,133174.95312500,11.24946690,0
2036.02408836,133154.17187500,11.23473835,0
2036.04452015,133112.65625000,11.22584438,262144
2036.06495185,132947.57812500,11.20961094,0
2036.08538364,132925.95312500,11.19919777,0
2036.10581524,132811.53125000,11.17454529,262144
2036.12624693,132861.28125000,11.15093899,0
2036.14667873,132865.37500000,11.12645531,0
2036.18754202,133102.48437500,11.25158119,393216
2036.20797382,133109.28125000,11.24461842,0
2036.22840541,133108.42187500,11.23740578,0
2036.24883721,133106.15625000,11.22523594,0
2036.26926881,133129.75000000,11.21077347,393216
2036.28970050,133121.06250000,11.19334126,0
2036.31013230,133210.18750000,11.16503811,0
2036.33056400,133200.81250000,11.13281441,0
2036.35099559,133066.95312500,11.09157181,0
2036.37142739,132950.21875000,11.02836609,0
2036.39185899,132796.70312500,10.95922756,0
2036.43272248,133071.82812500,11.27088642,0
2036.45315408,133078.01562500,11.26978016,0
2036.47358588,133050.31250000,11.26177120,0
2036.49401758,133175.85937500,11.26228046,0
2036.51444927,133133.15625000,11.25480461,0
2036.53488097,133113.43750000,11.24777126,0
2036.55531267,133102.62500000,11.23782444,0
2036.57574437,133075.92187500,11.22137547,0
2036.59617617,133114.79687500,11.20411110,0
2036.61660777,133155.75000000,11.18460464,0
2036.63703957,133137.62500000,11.15132141,0
2036.67790286,132984.23437500,11.26497173,0
2036.69833466,133014.46875000,11.26766014,0
2036.71876636,133059.20312500,11.26488209,0
2036.73919796,133045.21875000,11.26228619,0
2036.75962976,133021.78125000,11.25271320,0
2036.78006146,132990.59375000,11.24454308,0
2036.80049326,133033.21875000,11.23375320,0
2036.82092486,133043.21875000,11.22679424,0
2036.84135656,133065.40625000,11.19813824,0
2036.86178836,133102.40625000,11.18409634,0
2036.88221996,133110.43750000,11.14757156,0
2036.92308346,132962.59375000,11.26405525,0
2036.94351507,132993.75000000,11.26711559,0
2036.96394677,132999.50000000,11.26920128,262144
2036.98437857,133042.79687500,11.26414204,262144
2037.00481017,132992.73437500,11.25572491,0
2037.02524197,133008.46875000,11.24936295,0
2037.04567357,132963.70312500,11.23619080,0
2037.06610527,132972.62500000,11.22708702,262144
2037.08653707,133031.93750000,11.21122646,0
2037.10696878,133057.21875000,11.19112492,0
2037.12740038,133027.95312500,11.14701939,0
2037.16826388,133099.67187500,11.21992970,0
2037.18869559,132962.89062500,11.23973465,0
2037.20912729,133005.35937500,11.25855541,0
2037.22955899,132955.73437500,11.26700687,0
2037.24999069,132940.78125000,11.26952553,0
2037.27042240,132903.62500000,11.26816654,0
2037.29085410,132939.32812500,11.26864243,0
2037.31128590,132963.50000000,11.26402855,0
2037.33171751,132980.84375000,11.25652313,0
2037.35214931,132958.45312500,11.24574280,0
2037.37258101,132934.31250000,11.23492908,0
2037.41344442,132962.45312500,11.25795364,0
2037.43387613,132962.89062500,11.25742722,0
2037.45430773,132984.57812500,11.25591183,0
2037.47473953,132954.29687500,11.24713707,0
2037.49517124,132944.00000000,11.24452114,0
2037.51560284,132944.14062500,11.23206902,0
2037.53603465,132953.20312500,11.22178268,0
2037.55646635,132981.31250000,11.21434689,0
2037.57689816,133016.17187500,11.20709705,0
2037.59732976,133107.42187500,11.17364216,0
2037.61776147,133064.12500000,11.15719128,0
2037.65862488,132924.82812500,11.26499462,0
2037.67905659,132903.21875000,11.26784515,0
2037.69948829,132859.56250000,11.26069069,0
2037.71992000,132934.34375000,11.26058578,0
2037.74035180,132974.32812500,11.26416492,0
2037.76078341,132933.17187500,11.25557899,0
2037.78121512,132937.37500000,11.24920845,0
2037.80164692,132930.71875000,11.24109364,0
2037.82207863,132881.90625000,11.23283482,0
2037.84251024,132956.40625000,11.21606636,0
2037.86294204,133000.76562500,11.21131611,0
2037.90380546,132875.92187500,11.26829147,0
2037.92423717,132879.75000000,11.26997852,0
2037.94466887,132873.68750000,11.26310921,0
2037.96510068,132916.28125000,11.26341343,0
2037.98553229,132963.29687500,11.25360680,0
2038.00596400,132898.98437500,11.24764538,0
2038.02639580,132903.14062500,11.24011230,0
2038.04682741,132901.45312500,11.22616577,0
2038.06725912,132900.79687500,11.21138382,0
2038.08769093,132991.60937500,11.19390583,0
2038.10812254,133019.00000000,11.17293739,393216
2038.14898606,133006.39062500,11.19240379,0
2038.16941767,132968.75000000,11.22112083,0
2038.18984948,132911.09375000,11.23580456,0
2038.21028118,132897.76562500,11.25188351,393216
2038.23071279,132915.14062500,11.26215267,0
2038.25114460,132895.62500000,11.26451874,0
2038.27157631,132855.32812500,11.26923370,0
2038.29200802,132865.18750000,11.26909351,393216
2038.31243973,132902.56250000,11.26789856,0
2038.33287144,132798.73437500,11.27002144,0
2038.35330316,132859.81250000,11.26359463,0
2038.37373487,132876.03125000,11.26095009,0
2038.39416658,132884.00000000,11.25626278,0
2038.41459829,132875.85937500,11.25064373,0
2038.43503000,132892.56250000,11.24387455,0
2038.45546181,132860.32812500,11.23244572,0
2038.47589352,132867.12500000,11.22361660,0
2038.49632513,132882.78125000,11.20962143,0
2038.51675694,132942.07812500,11.18296909,0
2038.53718866,132946.53125000,11.16013432,0
2038.55762027,132896.53125000,11.10665131,8192
2038.57805208,132841.42187500,11.07382774,0
2038.59848379,132676.54687500,11.00374889,0
2038.63934722,132910.14062500,11.27385712,0
2038.65977893,132838.79687500,11.27155113,0
2038.68021074,132819.14062500,11.26668453,0
2038.70064236,132858.28125000,11.26727104,0
2038.72107407,132836.21875000,11.26073074,0
2038.74150588,132844.78125000,11.25055218,0
2038.76193750,132834.56250000,11.24036694,0
2038.78236921,132857.00000000,11.22498989,0
2038.80280102,132889.85937500,11.21038723,0
2038.82323264,132918.31250000,11.18654060,0
2038.84366445,132916.71875000,11.14078140,0
2038.88452778,132823.39062500,11.26435089,0
2038.90495959,132786.40625000,11.25686932,0
2038.92539131,132829.73437500,11.24567699,0
2038.94582302,132849.76562500,11.23418713,0
2038.96625474,132845.03125000,11.21926785,393216
2038.98668645,132919.79687500,11.19408512,0
2039.00711817,132910.64062500,11.17125034,0
2039.02754988,132831.79687500,11.11439514,0
2039.04798160,132796.89062500,11.07611942,0
2039.06841332,132600.34375000,10.99027729,0
2039.12970856,132784.84375000,11.24995422,0
2039.15014018,132847.92187500,11.24615192,0
2039.17057190,132801.37500000,11.22626877,0
2039.19100371,132830.87500000,11.20917034,0
2039.21143533,132953.82812500,11.16796303,0
2039.23186715,132875.46875000,11.12982082,0
2039.25229886,132787.10937500,11.09036446,0
2039.27273048,132639.56250000,11.01458168,0
2039.29316230,132378.62500000,10.90079594,0
2039.33402563,131072.92187500,10.93428898,2048
2039.39532099,132790.90625000,11.26598549,0
2039.41575261,132802.07812500,11.26522827,0
2039.43618433,132799.06250000,11.27141666,0
2039.45661614,132822.21875000,11.27382851,0
2039.47704776,132812.35937500,11.27426815,0
2039.49747948,132755.89062500,11.27294064,0
2039.51791130,132769.85937500,11.26821899,0
2039.53834292,132779.25000000,11.26636505,0
2039.55877464,132787.68750000,11.26832390,0
2039.57920646,132809.04687500,11.26931763,0
2039.59963818,133082.64062500,11.26947498,0
2039.62006990,132993.45312500,11.25601101,0
2039.64050162,132857.03125000,11.24528027,0
2039.66093324,132796.09375000,11.24573612,393216
2039.68136506,132791.65625000,11.22708225,0
2039.70179678,132792.39062500,11.22470284,0
2039.72222840,132766.23437500,11.20776176,262144
2039.74266022,132904.54687500,11.17971134,0
2039.76309194,132823.42187500,11.16373158,262144
2039.78352377,132809.03125000,11.12355614,262144
2039.80395539,132731.07812500,11.10307026,0
2039.82438711,132637.43750000,11.03852272,0
2039.86525055,132816.60937500,11.27322674,0
2039.88568227,132736.35937500,11.27239037,0
2039.90611410,132696.67187500,11.27241421,0
2039.92654572,132728.70312500,11.27060127,0
2039.94697744,132726.92187500,11.26818085,0
2039.96740926,132711.29687500,11.25996017,262144
2039.98784089,132787.62500000,11.25693703,0
2040.00827271,132764.64062500,11.24600315,0
2040.02870443,132774.34375000,11.23846626,262144
2040.04913606,132738.78125000,11.22434998,393216
2040.06956788,132725.76562500,11.21160984,0
2040.11043123,132777.68750000,11.26555347,393216
2040.13086305,132760.95312500,11.26158333,0
2040.15129478,132795.35937500,11.25601482,393216
2040.17172660,132736.15625000,11.24507046,0
2040.19215822,132707.35937500,11.23096371,0
2040.21258995,132745.20312500,11.21648598,393216
2040.23302177,132845.17187500,11.20452023,393216
2040.25345350,132785.75000000,11.17613983,0
2040.27388512,132833.84375000,11.15506077,0
2040.29431695,132743.14062500,11.11241627,0
2040.31474868,132720.98437500,11.08681679,0
2040.35561213,132767.37500000,11.27464771,0
2040.37604385,132695.60937500,11.27044487,0
2040.39647558,132689.20312500,11.26268101,0
2040.41690731,132724.50000000,11.25348663,0
2040.43733893,132781.46875000,11.25200176,0
2040.45777076,132750.57812500,11.24685574,0
2040.47820249,132743.01562500,11.23104763,0
2040.49863411,132744.90625000,11.21972370,0
2040.51906594,132802.42187500,11.19569969,0
2040.53949767,132797.07812500,11.17481136,0
2040.55992949,132779.17187500,11.13535309,8192
2040.60079285,132680.59375000,11.27660084,0
2040.62122468,132731.06250000,11.27563095,0
2040.64165631,132699.43750000,11.27191639,262144
2040.66208803,132730.70312500,11.27661514,0
2040.68251986,132737.67187500,11.26621342,0
2040.70295149,132751.92187500,11.25700283,262144
2040.72338332,132731.43750000,11.25201607,262144
2040.74381505,132725.03125000,11.23898697,0
2040.76424678,132729.15625000,11.22757149,0
2040.78467851,132783.03125000,11.21284485,0
2040.80511024,132781.25000000,11.18732929,32768
2040.84597370,132688.39062500,11.27251339,0
2040.86640543,132735.79687500,11.27245045,0
2040.88683726,132736.75000000,11.26936150,0
2040.90726889,132739.07812500,11.26680279,0
2040.92770062,132755.81250000,11.25570393,0
2040.94813245,132731.40625000,11.24137497,0
2040.96856418,132735.67187500,11.23375511,0
2040.98899581,132725.79687500,11.21679020,0
2041.00942764,132792.71875000,11.19863415,0
2041.02985927,132772.62500000,11.16539288,0
2041.05029101,132774.31250000,11.13626766,0
2041.09115447,132725.26562500,11.26886654,0
2041.11158630,132725.07812500,11.25940037,0
2041.13201803,132703.76562500,11.25529480,0
2041.15244967,132717.98437500,11.23924351,0
2041.17288150,132757.70312500,11.22506142,0
2041.19331323,132798.21875000,11.19803905,0
2041.21374486,132795.26562500,11.17510033,0
2041.23417670,132741.95312500,11.12928200,0
2041.25460843,132652.01562500,11.06696129,0
2041.27504026,132490.59375000,11.00159073,0
2041.35676710,132774.82812500,11.26490116,0
2041.37719883,132751.40625000,11.26615143,0
2041.39763067,132749.70312500,11.27497482,0
2041.41806230,132736.57812500,11.27857494,0
2041.43849404,132759.39062500,11.28233051,0
2041.45892587,132880.40625000,11.27617264,0
2041.47935761,132802.87500000,11.28360748,0
2041.49978934,132817.96875000,11.27752495,0
2041.52022108,132774.32812500,11.27686024,0
2041.54065282,132707.07812500,11.27676201,0
2041.56108455,132681.07812500,11.27334881,0
2041.58151629,132754.81250000,11.26702213,0
2041.60194802,132791.01562500,11.26660442,0
2041.62237986,132719.96875000,11.26507282,0
2041.64281150,132712.46875000,11.25640297,0
2041.66324334,132715.76562500,11.24840927,0
2041.68367497,132690.90625000,11.23875427,0
2041.70410671,132741.15625000,11.23084259,0
2041.72453855,132824.07812500,11.21519756,16384
2041.74497018,132793.54687500,11.19925499,0
2041.76540192,132792.15625000,11.18647480,0
2041.78583376,132780.79687500,11.14840794,0
2041.82669724,132667.67187500,11.27544022,0
2041.84712898,132752.85937500,11.27804756,0
2041.86756061,132740.60937500,11.26773834,262144
2041.88799245,132713.48437500,11.26371765,0
2041.90842419,132690.43750000,11.25658798,0
2041.92885583,132669.28125000,11.23909283,0
2041.94928767,132734.04687500,11.23709106,262144
2041.96971941,132807.17187500,11.21406078,393216
2041.99015115,132799.35937500,11.20496559,262144
2042.01058289,132848.59375000,11.17278671,0
2042.03101463,132752.29687500,11.15343094,262144
2042.07187811,132739.60937500,11.28099918,0
2042.09230985,132783.84375000,11.28299522,262144
2042.11274169,132765.65625000,11.28782654,262144
2042.13317343,132725.26562500,11.28488827,0
2042.15360507,132724.37500000,11.28685188,0
2042.17403692,132688.14062500,11.28401184,262144
2042.19446866,132732.35937500,11.28190041,0
2042.21490040,132729.84375000,11.28145790,0
2042.23533214,132744.70312500,11.27873611,0
2042.25576388,132739.23437500,11.27091217,0
2042.27619573,132734.79687500,11.26522827,0
2042.31705911,132858.35937500,11.23208237,393216
2042.33749085,132827.26562500,11.24751759,0
2042.35792260,132803.34375000,11.26343536,0
2042.37835444,132788.35937500,11.27424431,0
2042.39878608,132796.31250000,11.27851105,0
2042.41921783,132770.79687500,11.28427792,393216
2042.43964967,132722.79687500,11.28574467,8192
2042.46008132,132751.34375000,11.28908157,0
2042.48051306,132734.92187500,11.28712654,0
2042.50094490,132743.50000000,11.28683281,0
2042.52137655,132748.65625000,11.28866673,0
2042.54180829,132698.60937500,11.28213406,0
2042.56224014,132689.93750000,11.27439785,393216
2042.58267178,132734.00000000,11.26893806,0
2042.60310363,132742.17187500,11.26497746,0
2042.62353538,132707.76562500,11.25613880,0
2042.64396712,132732.23437500,11.23519516,0
2042.66439887,132762.26562500,11.22243309,0
2042.68483061,132818.96875000,11.19591045,0
2042.70526236,132800.32812500,11.16721439,0
2042.72569411,132727.89062500,11.12139130,262144
2042.74612585,132657.43750000,11.07997036,0
2042.76655770,132542.90625000,11.00913715,0
2042.80742109,132752.48437500,11.29158592,0
2042.82785294,132714.51562500,11.28521633,0
2042.84828469,132732.10937500,11.28139782,0
2042.86871634,132736.70312500,11.27418804,0
2042.88914818,132710.92187500,11.26899815,0
2042.90957993,132721.65625000,11.26003551,0
2042.93001168,132768.09375000,11.24439621,0
2042.95044343,132783.09375000,11.22710991,0
2042.97087518,132822.32812500,11.20389652,0
2042.99130693,132787.64062500,11.16918850,0
2043.01173868,132750.48437500,11.13050175,0
2043.05260218,132818.21875000,11.27906418,0
2043.07303393,132791.71875000,11.28350067,0
2043.09346558,132837.43750000,11.28976250,0
2043.11389743,132799.50000000,11.29616261,0
2043.13432918,132780.48437500,11.29275703,0
2043.15476103,132756.79687500,11.29316235,0
2043.17519268,132743.42187500,11.29140186,0
2043.19562443,132735.79687500,11.28960037,0
2043.21605628,132742.29687500,11.28785515,262144
2043.23648793,132754.45312500,11.27917385,0
2043.25691968,132740.04687500,11.26728153,0
2043.29778319,132777.87500000,11.29120064,0
2043.31821504,132760.42187500,11.28885078,0
2043.33864679,132759.60937500,11.28916931,0
2043.35907854,132736.46875000,11.28573799,0
2043.37951029,132754.68750000,11.28667545,0
2043.39994205,132716.45312500,11.27620506,0
2043.42037380,132779.65625000,11.27682018,0
2043.44080565,132746.82812500,11.26887131,0
2043.46123731,132749.25000000,11.26948547,0
2043.48166916,132917.21875000,11.26046371,0
2043.50210092,132899.51562500,11.25759029,393216
2043.54296442,132806.56250000,11.28789806,0
2043.56339618,132761.10937500,11.28585148,393216
2043.58382783,132746.82812500,11.28125477,0
2043.60425969,132771.48437500,11.27487373,0
2043.62469144,132809.07812500,11.27002239,0
2043.64512330,132868.37500000,11.25981140,0
2043.66555495,132716.82812500,11.25583839,0
2043.68598671,132772.45312500,11.25087929,0
2043.70641846,132772.21875000,11.23987293,0
2043.72685022,132797.39062500,11.22761345,0
2043.74728188,132797.87500000,11.20178032,0
2043.78814549,132823.15625000,11.29602432,0
2043.80857715,132748.04687500,11.29131413,0
2043.82900900,132787.31250000,11.29376698,0
2043.84944076,132755.04687500,11.29057980,0
2043.86987262,132770.34375000,11.28520203,262144
2043.89030428,132772.37500000,11.27809429,0
2043.91073603,132734.32812500,11.27416897,0
2043.93116789,132762.96875000,11.26764107,0
2043.95159955,132733.00000000,11.26244831,0
2043.97203131,132786.89062500,11.24323368,0
2043.99246317,132819.45312500,11.22805691,0
2044.03332668,132827.25000000,11.29432774,0
2044.05375844,132868.87500000,11.28880978,0
2044.07419020,132750.03125000,11.28247929,0
2044.09462196,132735.57812500,11.27503586,0
2044.11505372,132739.60937500,11.25869370,0
2044.13548548,132782.71875000,11.24593163,0
2044.15591734,132815.79687500,11.22103405,0
2044.17634900,132810.28125000,11.20495129,0
2044.19678086,132809.68750000,11.16896343,0
2044.21721263,132765.81250000,11.13786125,0
2044.23764429,132728.28125000,11.08005047,0
2044.27850791,132873.28125000,11.29450321,0
2044.29893957,132858.37500000,11.29832172,0
2044.31937143,132847.73437500,11.29855061,0
2044.33980319,132813.21875000,11.29931259,0
2044.36023486,132844.79687500,11.30373478,0
2044.38066672,132908.89062500,11.29972172,0
2044.40109838,132757.45312500,11.30404282,0
2044.42153025,132764.14062500,11.29723549,0
2044.44196201,132759.18750000,11.29503441,0
2044.46239367,132774.89062500,11.28183746,0
2044.48282554,132783.25000000,11.27660084,0
2044.52368906,132923.59375000,11.25442505,0
2044.54412083,132859.26562500,11.27115917,0
2044.56455259,132959.26562500,11.28069496,16384
2044.58498446,132881.32812500,11.29223919,0
2044.60541612,132829.75000000,11.29625416,0
2044.62584789,132803.89062500,11.29930592,0
2044.64627975,132843.01562500,11.30484486,0
2044.66671152,132854.89062500,11.30502987,0
2044.68714318,132818.12500000,11.30471706,262144
2044.70757505,132813.67187500,11.30087090,262144
2044.72800681,132770.07812500,11.29859638,0
2044.74843858,132806.92187500,11.29732609,0
2044.76887035,132805.50000000,11.28836155,262144
2044.78930211,132769.67187500,11.27752018,0
2044.80973398,132804.31250000,11.27197647,0
2044.83016565,132795.32812500,11.26382351,0
2044.85059741,132827.25000000,11.25275993,0
2044.87102928,132844.57812500,11.23110485,0
2044.89146095,132840.59375000,11.21161461,262144
2044.91189272,132880.43750000,11.18090630,0
2044.93232459,132848.57812500,11.14927673,0
2044.95275625,132744.53125000,11.11647987,262144
2044.97318812,132716.10937500,11.08386040,0
2045.01405156,132821.90625000,11.30025196,262144
2045.03448343,132808.92187500,11.29759216,0
2045.05491520,132778.18750000,11.29153252,0
2045.07534687,132869.90625000,11.28788185,262144
2045.09577874,132800.68750000,11.27984810,0
2045.11621041,132769.79687500,11.27039433,262144
2045.13664228,132819.98437500,11.25496101,262144
2045.15707405,132866.04687500,11.24207592,0
2045.17750572,132879.18750000,11.21578598,0
2045.19793759,132873.73437500,11.18962860,0
2045.21836936,132796.20312500,11.13297367,262144
2045.25923290,132903.28125000,11.30412483,393216
2045.27966468,132989.34375000,11.30719280,393216
2045.30009655,133015.26562500,11.31346703,2048
2045.32052832,132957.53125000,11.30082989,393216
2045.34095999,132846.40625000,11.30218506,0
2045.36139187,132798.17187500,11.29760933,0
2045.38182364,132789.39062500,11.29308033,0
2045.40225531,132790.57812500,11.28876686,0
2045.42268719,132812.79687500,11.28232861,0
2045.44311896,132795.45312500,11.27669430,8192
2045.46355063,132788.17187500,11.27321434,0
2045.50441428,132893.51562500,11.28627300,0
2045.52484615,132926.50000000,11.29575157,0
2045.54527783,132905.14062500,11.30309868,0
2045.56570960,132905.07812500,11.30621338,0
2045.58614148,132898.17187500,11.30589390,0
2045.60657315,133049.17187500,11.30235958,262144
2045.62700493,132990.21875000,11.31127453,0
2045.64743681,133019.29687500,11.30230331,0
2045.66786848,132888.71875000,11.31002140,393216
2045.68830036,132872.56250000,11.31329632,0
2045.70873213,132846.98437500,11.30879974,0
2045.72916381,132924.00000000,11.30065060,0
2045.74959569,132900.71875000,11.30958652,0
2045.77002736,132888.82812500,11.30493355,0
2045.79045914,132836.39062500,11.30468082,0
2045.81089102,132864.45312500,11.30280876,0
2045.83132280,132814.56250000,11.29432297,0
2045.85175457,132830.81250000,11.28698158,262144
2045.87218635,132860.29687500,11.28261757,0
2045.89261813,132908.84375000,11.26822472,0
2045.91304991,132872.40625000,11.26461506,262144
2045.93348169,132846.21875000,11.25169373,0
2045.95391347,132868.32812500,11.24395752,0
2045.99477702,132921.79687500,11.31216812,0
2046.01520890,132939.84375000,11.30915070,0
2046.03564068,132972.54687500,11.31022835,0
2046.05607236,132932.12500000,11.31786251,0
2046.07650424,132875.64062500,11.31516361,0
2046.09693603,132871.37500000,11.31373978,0
2046.11736771,132869.51562500,11.31207180,0
2046.13779959,132952.09375000,11.31562805,0
2046.15823137,132925.46875000,11.30781364,0
2046.17866305,132917.04687500,11.31063938,0
2046.19909493,132915.32812500,11.30895901,0
2046.23995859,132914.54687500,11.31743908,0
2046.26039028,132925.84375000,11.31772995,0
2046.28082206,132854.79687500,11.31451797,0
2046.30125394,132900.87500000,11.31429195,0
2046.32168563,132852.20312500,11.31043720,401408
2046.34211741,132870.07812500,11.31103706,0
2046.36254919,132909.53125000,11.31084538,0
2046.38298098,132972.34375000,11.30149651,0
2046.40341286,132922.60937500,11.30153179,0
2046.42384454,132914.23437500,11.29132938,0
2046.44427633,132890.39062500,11.28686428,0
2046.48513990,132970.34375000,11.31714725,0
2046.50557168,133032.51562500,11.31991196,0
2046.52600357,132950.79687500,11.31993008,0
2046.54643535,132939.00000000,11.31956673,393216
2046.56686714,132925.10937500,11.31779766,0
2046.58729892,132921.50000000,11.31559372,0
2046.60773071,132896.68750000,11.31161213,0
2046.62816250,132924.71875000,11.30900383,0
2046.64859428,132885.76562500,11.30359364,0
2046.66902607,132922.50000000,11.29928112,0
2046.68945796,132922.15625000,11.28939533,0
2046.73032143,133012.64062500,11.31462193,0
2046.75075332,132989.50000000,11.31478500,0
2046.77118501,132988.06250000,11.31688023,0
2046.79161690,132999.14062500,11.32063961,0
2046.81204868,133001.35937500,11.32024670,0
2046.83248037,132974.92187500,11.32403564,0
2046.85291226,132977.34375000,11.31892109,0
2046.87334405,132929.29687500,11.31914139,0
2046.89377574,132935.89062500,11.32139397,393216
2046.91420763,132961.79687500,11.31485939,0
2046.93463942,132938.98437500,11.31142902,0
2046.97550300,133108.09375000,11.29663086,0
2046.99593479,133061.31250000,11.30916023,0
2047.01636658,133008.81250000,11.31652164,393216
2047.03679837,133032.71875000,11.31684780,0
2047.05723016,132993.62500000,11.32132912,262144
2047.07766195,133019.56250000,11.32421780,0
2047.09809375,133068.42187500,11.32707310,0
2047.11852564,133013.21875000,11.32347679,262144
2047.13895733,133023.65625000,11.32312107,0
2047.15938912,132996.35937500,11.31837177,0
2047.17982101,132979.53125000,11.31642437,0
2047.22068450,133042.20312500,11.32062721,0
2047.24111639,133077.40625000,11.32201385,262144
2047.26154819,133069.48437500,11.32419491,262144
2047.28197988,133044.98437500,11.32586288,0
2047.30241177,132992.85937500,11.32695866,0
2047.32284357,133023.95312500,11.32865238,0
2047.34327546,132967.06250000,11.32273197,0
2047.36370716,132958.48437500,11.32619476,0
2047.38413895,132985.87500000,11.32297802,0
2047.40457085,133067.21875000,11.31990623,0
2047.42500254,133040.40625000,11.31808949,0
2047.46586623,133165.84375000,11.30068207,393216
2047.48629793,133110.84375000,11.31370449,0
2047.50672983,133070.03125000,11.31883335,0
2047.52716162,133045.93750000,11.32374477,0
2047.54759332,133122.39062500,11.31802177,0
2047.56802522,133174.62500000,11.31765079,0
2047.58845701,133119.42187500,11.32361794,0
2047.60888871,133083.65625000,11.33042622,0
2047.62932061,133087.17187500,11.33002090,0
2047.64975241,133020.35937500,11.33120441,0
2047.67018421,132992.73437500,11.32525730,0
2047.69061600,133074.81250000,11.33068180,0
2047.71104780,133095.93750000,11.32906342,0
2047.73147970,133086.32812500,11.32521057,0
2047.75191140,133029.78125000,11.32301712,0
2047.77234320,133031.43750000,11.32196236,0
2047.79277500,133016.71875000,11.31724548,0
2047.81320680,133024.09375000,11.31192207,262144
2047.83363860,133044.87500000,11.30499363,0
2047.85407050,133051.35937500,11.30192566,0
2047.87450220,133041.17187500,11.28624630,0
2047.89493410,133026.64062500,11.28216553,0
2047.91536590,133044.89062500,11.26613808,0
2047.95622951,133129.21875000,11.31040001,0
2047.97666131,133172.07812500,11.32006836,0
2047.99709301,133256.76562500,11.32329655,0
2048.01752491,133187.85937500,11.32927895,0
2048.03795671,133154.62500000,11.33258724,0
2048.05838862,133122.95312500,11.33362007,0
2048.07882032,133103.04687500,11.33316040,0
2048.09925212,133135.31250000,11.33339405,0
2048.11968403,133115.92187500,11.33331585,0
2048.14011573,133058.73437500,11.33087444,0
2048.16054753,133096.62500000,11.32794666,0
2048.18097944,133065.70312500,11.32609653,0
2048.20141114,133118.45312500,11.32012177,0
2048.22184305,133145.26562500,11.31558037,0
2048.24227485,133087.25000000,11.31067276,262144
2048.26270656,133089.65625000,11.30228424,0
2048.28313846,133083.76562500,11.28725910,0
2048.30357027,133150.62500000,11.27139759,0
2048.32400207,133145.48437500,11.25043678,0
2048.34443388,133183.87500000,11.22941494,0
2048.36486569,133161.39062500,11.19068527,0
2048.38529739,133126.06250000,11.17331505,0
2048.40572930,133001.01562500,11.12377739,0
2048.44659292,133203.06250000,11.33539677,0
2048.46702472,133207.62500000,11.34053993,0
2048.48745653,133197.93750000,11.33720779,0
2048.50788844,133184.06250000,11.34055328,0
2048.52832015,133165.14062500,11.33879089,0
2048.54875196,133157.29687500,11.34023857,0
2048.56918386,133153.35937500,11.33444500,0
2048.58961557,133114.34375000,11.33018017,0
2048.61004748,133110.26562500,11.33234501,0
2048.63047929,133133.28125000,11.32519150,0
2048.65091100,133147.42187500,11.32072258,0
2048.69177472,133310.32812500,11.30923462,8192
2048.71220643,133247.14062500,11.32357979,0
2048.73263834,133277.43750000,11.32784367,0
2048.75307015,133246.50000000,11.33466721,0
2048.77350207,133236.54687500,11.33857155,0
2048.79393378,133190.67187500,11.34187031,0
2048.81436559,133240.60937500,11.34268951,393216
2048.83479750,133182.26562500,11.34162426,0
2048.85522921,133221.39062500,11.34009933,0
2048.87566103,133159.07812500,11.34248924,0
2048.89609294,133211.82812500,11.33777237,0
2048.91652465,133174.90625000,11.33535767,0
2048.93695647,133177.56250000,11.32747650,0
2048.95738838,133135.85937500,11.32266617,0
2048.97782019,133174.26562500,11.31088924,0
2048.99825201,133133.40625000,11.30495739,0
2049.01868382,133163.65625000,11.29319477,0
2049.03911564,133180.35937500,11.27489281,0
2049.05954745,133227.67187500,11.25203609,0
2049.07997927,133242.39062500,11.23223400,0
2049.10041108,133208.18750000,11.19925022,0
2049.12084290,133173.35937500,11.16148376,0
2049.14127471,133053.03125000,11.11453915,0
2049.18213834,133330.71875000,11.29704952,0
2049.20257016,133359.50000000,11.31154156,0
2049.22300208,133317.95312500,11.31014538,0
2049.24343379,133353.75000000,11.32014656,262144
2049.26386561,133307.76562500,11.32869434,262144
2049.28429753,133313.59375000,11.33655643,8192
2049.30472925,133281.14062500,11.33954525,0
2049.32516107,133279.79687500,11.34099579,262144
2049.34559298,133317.10937500,11.34062290,262144
2049.36602470,133308.21875000,11.34801674,0
2049.38645662,133363.85937500,11.34724331,0
2049.40688844,133352.43750000,11.34787369,262144
2049.42732016,133410.81250000,11.34652042,262144
2049.44775208,133338.46875000,11.34876347,0
2049.46818390,133308.93750000,11.34747028,0
2049.48861572,133248.81250000,11.34631634,0
2049.50904754,133248.37500000,11.34523964,0
2049.52947936,133284.06250000,11.34176254,0
2049.54991128,133267.64062500,11.33983994,0
2049.57034300,133375.18750000,11.33534431,0
2049.59077482,133306.57812500,11.32970619,0
2049.61120675,133241.35937500,11.32919312,0
2049.63163847,133219.20312500,11.32194328,0
2049.67250221,133286.01562500,11.34976196,0
2049.69293403,133364.98437500,11.34853172,0
2049.71336586,133345.76562500,11.35095501,0
2049.73379768,133386.64062500,11.35268307,0
2049.75422940,133334.17187500,11.34941101,0
2049.77466133,133284.75000000,11.35111809,0
2049.79509315,133257.93750000,11.34465790,0
2049.81552488,133289.28125000,11.34775734,0
2049.83595680,133288.10937500,11.34309292,0
2049.85638862,133329.57812500,11.33390617,0
2049.87682035,133269.48437500,11.33212852,0
2049.91768410,133343.17187500,11.35431480,0
2049.93811603,133279.32812500,11.35391521,0
2049.95854775,133311.87500000,11.35235214,0
2049.97897958,133280.56250000,11.34466076,0
2049.99941150,133387.93750000,11.34267330,0
2050.01984323,133296.31250000,11.33948898,0
2050.04027506,133326.32812500,11.33649254,0
2050.06070699,133264.51562500,11.32578659,0
2050.08113871,133287.23437500,11.32184029,0
2050.10157064,133286.00000000,11.30819511,0
2050.12200247,133291.70312500,11.30163097,0
2050.16286613,133301.28125000,11.34641075,0
2050.18329796,133272.32812500,11.34088516,0
2050.20372978,133300.62500000,11.33515930,0
2050.22416161,133297.68750000,11.32504368,0
2050.24459344,133374.25000000,11.31406307,0
2050.26502537,133271.67187500,11.30699062,0
2050.28545710,133310.35937500,11.29034042,0
2050.30588893,133324.89062500,11.28129578,393216
2050.32632086,133360.26562500,11.25735092,0
2050.34675270,133367.25000000,11.24735928,0
2050.36718443,133380.25000000,11.20112038,393216
2050.40804809,133346.81250000,11.35097790,0
2050.42847992,133346.37500000,11.35203457,0
2050.44891185,133360.70312500,11.34601784,0
2050.46934359,133326.57812500,11.33910179,0
2050.48977552,133333.23437500,11.32642269,0
2050.51020735,133312.56250000,11.31754780,0
2050.53063909,133331.23437500,11.30490398,0
2050.55107102,133346.26562500,11.28309822,0
2050.57150285,133415.82812500,11.26804352,0
2050.59193459,133402.60937500,11.23568535,0
2050.61236652,133315.85937500,11.21384621,0
2050.65323029,133358.90625000,11.35206795,0
2050.67366203,133341.93750000,11.34183121,0
2050.69409386,133368.46875000,11.33689785,0
2050.71452580,133373.43750000,11.33021069,0
2050.73495753,133353.26562500,11.32091618,0
2050.75538937,133337.15625000,11.30496025,0
2050.77582131,133335.14062500,11.29142094,262144
2050.79625304,133350.62500000,11.27726364,0
2050.81668498,133392.40625000,11.25549221,0
2050.83711682,133393.87500000,11.22522068,0
2050.85754866,133394.20312500,11.20006752,0
2050.89841233,133572.93750000,11.26622295,0
2050.91884417,133545.56250000,11.28659821,0
2050.93927601,133549.79687500,11.30898476,0
2050.95970785,133544.70312500,11.32587719,0
2050.98013969,133554.14062500,11.34051132,0
2051.00057163,133536.31250000,11.35196209,0
2051.02100337,133517.10937500,11.35989761,0
2051.04143531,133511.54687500,11.35890293,0
2051.06186705,133491.12500000,11.36377239,0
2051.08229889,133500.42187500,11.36717796,0
2051.10273083,133459.48437500,11.36469364,0
2051.14359441,133537.20312500,11.36483574,0
2051.16402635,133535.96875000,11.35993671,0
2051.18445809,133469.85937500,11.36189461,0
2051.20489004,133499.34375000,11.36422634,393216
2051.22532188,133498.89062500,11.36780357,0
2051.24575362,133504.23437500,11.36579800,0
2051.26618556,133635.34375000,11.37444878,393216
2051.28661741,133531.65625000,11.36736012,0
2051.30704915,133644.34375000,11.36666203,0
2051.32748109,133525.01562500,11.36709785,393216
2051.34791294,133496.23437500,11.36512947,0
2051.36834488,133413.03125000,11.36145306,0
2051.38877663,133394.07812500,11.35894871,393216
2051.40920847,133386.75000000,11.35389805,0
2051.42964042,133409.56250000,11.34979534,0
2051.45007216,133417.39062500,11.34468842,393216
2051.47050401,133509.98437500,11.33764172,0
2051.49093595,133404.14062500,11.32931709,0
2051.51136780,133381.29687500,11.32363510,0
2051.53179955,133380.23437500,11.31213856,0
2051.55223149,133394.71875000,11.30416679,0
2051.57266334,133415.37500000,11.28664684,0
2051.59309519,133476.12500000,11.26618195,0
2051.63395888,133527.28125000,11.36729813,0
2051.65439073,133477.96875000,11.37037659,0
2051.67482258,133418.10937500,11.36876488,0
2051.69525443,133400.92187500,11.36413383,0
2051.71568628,133417.95312500,11.36179066,0
2051.73611813,133421.35937500,11.35801029,0
2051.75655008,133493.43750000,11.35124969,0
2051.77698183,133438.73437500,11.34747982,0
2051.79741368,133413.67187500,11.33970165,0
2051.81784563,133383.50000000,11.33184338,0
2051.83827738,133360.18750000,11.32258034,0
2051.87914118,133464.17187500,11.37096596,0
2051.89957293,133576.00000000,11.36732197,0
2051.92000488,133523.46875000,11.36504078,0
2051.94043674,133471.75000000,11.36456013,0
2051.96086849,133415.75000000,11.35823154,0
2051.98130044,133421.82812500,11.35456944,0
2052.00173229,133428.98437500,11.35009193,0
2052.02216405,133429.76562500,11.33929157,0
2052.04259600,133406.60937500,11.32811737,0
2052.06302785,133384.29687500,11.31701660,0
2052.08345981,133401.40625000,11.30975628,0
2052.12432342,133469.43750000,11.37104797,0
2052.14475537,133509.59375000,11.36918163,0
2052.16518723,133450.43750000,11.36849117,0
2052.18561898,133443.46875000,11.36193180,262144
2052.20605094,133421.65625000,11.36006355,0
2052.22648279,133459.25000000,11.34813595,0
2052.24691455,133446.21875000,11.34815598,0
2052.26734651,133450.35937500,11.33330059,0
2052.28777836,133472.09375000,11.32514668,0
2052.30821032,133466.87500000,11.29642010,0
2052.32864208,133457.81250000,11.29270649,0
2052.36950589,133480.71875000,11.37500191,0
2052.38993765,133456.21875000,11.37121964,0
2052.41036951,133478.79687500,11.37039566,0
2052.43080137,133496.17187500,11.36655712,0
2052.45123323,133458.26562500,11.36162186,0
2052.47166519,133459.29687500,11.35757637,0
2052.49209695,133473.51562500,11.35648537,0
2052.51252881,133505.40625000,11.34623337,0
2052.53296077,133439.48437500,11.33218479,0
2052.55339253,133459.26562500,11.32157230,0
2052.57382439,133465.50000000,11.30258465,0
2052.61468811,133505.17187500,11.37738228,0
2052.63512007,133588.64062500,11.37722206,0
2052.65555193,133500.71875000,11.37288380,0
2052.67598370,133513.71875000,11.36700439,0
2052.69641566,133481.29687500,11.36078262,0
2052.71684752,133471.21875000,11.35251141,0
2052.73727938,133480.60937500,11.34442806,0
2052.75771125,133459.82812500,11.33578014,0
2052.77814311,133470.50000000,11.31648636,0
2052.79857497,133516.31250000,11.30220318,393216
2052.81900684,133528.29687500,11.27471066,0
2052.85987067,133658.75000000,11.38196564,0
2052.88030253,133621.54687500,11.37965584,0
2052.90073430,133579.10937500,11.38339806,0
2052.92116626,133560.09375000,11.38253403,0
2052.94159813,133587.35937500,11.37720680,0
2052.96202990,133507.82812500,11.38048553,0
2052.98246186,133543.96875000,11.37397766,0
2053.00289373,133504.81250000,11.37342548,0
2053.02332570,133503.82812500,11.36646175,393216
2053.04375746,133488.50000000,11.36239052,0
2053.06418933,133488.78125000,11.35261822,0
2053.12548484,133513.43750000,11.38190746,0
2053.14591680,133595.39062500,11.38219643,0
2053.16634867,133530.92187500,11.37995243,0
2053.18678064,133618.25000000,11.38145447,0
2053.20721241,133538.53125000,11.37474442,0
2053.22764428,133512.87500000,11.36233807,0
2053.24807625,133514.90625000,11.36499977,0
2053.26850802,133494.12500000,11.36426830,0
2053.28893989,133558.45312500,11.35739613,0
2053.30937186,133579.95312500,11.35288525,0
2053.35023561,133598.96875000,11.38322258,0
2053.37066748,133620.53125000,11.38515091,0
2053.39109935,133744.54687500,11.38097477,0
2053.41153122,133814.68750000,11.36605549,0
2053.43196310,133698.28125000,11.37128735,0
2053.45239497,133605.23437500,11.37406921,262144
2053.47282684,133522.60937500,11.36927223,0
2053.49325872,133491.59375000,11.36572075,0
2053.51369059,133514.96875000,11.36716270,262144
2053.53412257,133532.35937500,11.36473179,0
2053.55455434,133534.70312500,11.35013199,0
2053.59541819,133536.62500000,11.37992382,0
2053.61584997,133523.20312500,11.38064384,0
2053.63628194,133513.90625000,11.37898731,0
2053.65671382,133554.51562500,11.37808228,0
2053.67714559,133586.98437500,11.37417984,0
2053.69757757,133507.09375000,11.36549187,0
2053.71800945,133510.73437500,11.35939693,0
2053.73844132,133548.06250000,11.35282135,0
2053.75887320,133630.90625000,11.34300137,0
2053.77930508,133547.67187500,11.34026146,0
2053.79973696,133652.65625000,11.32794476,0
2053.84060062,133562.01562500,11.38479042,0
2053.86103259,133560.35937500,11.38656902,0
2053.88146447,133568.37500000,11.38197613,0
2053.90189645,133583.45312500,11.38434601,0
2053.92232823,133658.23437500,11.37592316,0
2053.94276011,133680.64062500,11.37221050,0
2053.96319209,133534.06250000,11.36599827,0
2053.98362387,133528.45312500,11.35813141,0
2054.00405576,133524.25000000,11.35438728,0
2054.02448774,133479.70312500,11.34035301,0
2054.04491962,133526.21875000,11.33728409,0
2054.08578338,133714.17187500,11.38957405,0
2054.10621527,133715.04687500,11.39361572,0
2054.12664715,133688.62500000,11.39213848,0
2054.14707903,133696.54687500,11.39101505,0
2054.16751091,133648.53125000,11.38982868,0
2054.18794290,133568.62500000,11.38654613,0
2054.20837468,133570.76562500,11.38862038,0
2054.22880657,133613.64062500,11.38350296,0
2054.24923855,133580.62500000,11.38105965,0
2054.26967034,133563.96875000,11.37433815,0
2054.29010232,133519.48437500,11.36563969,0
2054.33096599,133611.25000000,11.38983536,0
2054.35139798,133653.75000000,11.39215946,0
2054.37182987,133655.79687500,11.38822937,0
2054.39226165,133689.90625000,11.38390732,0
2054.41269364,133671.29687500,11.37976360,0
2054.43312553,133606.10937500,11.37602329,0
2054.45355741,133558.70312500,11.36950493,0
2054.47398930,133552.64062500,11.36613846,0
2054.49442109,133557.32812500,11.35196209,0
2054.51485308,133559.18750000,11.34434700,0
2054.53528497,133581.51562500,11.32572365,0
2054.57614875,133577.96875000,11.38240242,0
2054.59658064,133581.09375000,11.37950897,262144
2054.61701263,133538.17187500,11.37301064,0
2054.63744442,133568.57812500,11.36073494,0
2054.65787631,133610.92187500,11.35515499,0
2054.67830830,133557.00000000,11.34576702,0
2054.69874009,133575.53125000,11.33355713,0
2054.71917198,133580.65625000,11.32222462,0
2054.73960397,133626.56250000,11.30415344,0
2054.76003587,133597.06250000,11.29782486,0
2054.78046776,133647.84375000,11.25872803,0
2054.82133154,133627.50000000,11.38456249,0
2054.84176344,133548.06250000,11.38177204,0
2054.86219533,133582.48437500,11.37745571,262144
2054.88262722,133541.64062500,11.37187767,0
2054.90305922,133548.95312500,11.35923195,0
2054.92349101,133588.50000000,11.35158730,262144
2054.94392291,133566.07812500,11.33597946,0
2054.96435490,133584.03125000,11.31528473,0
2054.98478670,133578.87500000,11.29975796,0
2055.00521869,133607.98437500,11.27948570,0
2055.02565059,133650.65625000,11.24892426,0
2055.06651438,133710.54687500,11.40092373,0
2055.08694618,133698.09375000,11.39673138,0
2055.10737808,133734.50000000,11.39810371,8192
2055.12781008,133697.79687500,11.40026760,0
2055.14824187,133710.70312500,11.39813519,0
2055.16867387,133723.15625000,11.39579296,0
2055.18910577,133743.26562500,11.39776325,0
2055.20953757,133812.57812500,11.39456844,0
2055.22996957,133787.50000000,11.39134216,0
2055.25040147,133838.43750000,11.39039040,0
2055.27083337,133667.42187500,11.39177799,0
2055.29126527,133599.96875000,11.39156628,0
2055.31169717,133580.20312500,11.38815117,0
2055.33212917,133588.75000000,11.38262463,0
2055.35256097,133580.73437500,11.37787342,0
2055.37299287,133590.42187500,11.37850094,0
2055.39342487,133579.78125000,11.36791325,0
2055.41385678,133555.00000000,11.36908436,0
2055.43428858,133583.20312500,11.36189175,0
2055.45472058,133607.07812500,11.36510086,0
2055.47515248,133575.54687500,11.35394382,0
2055.49558439,133674.87500000,11.34793663,393216
2055.51601629,133549.18750000,11.31885147,0
2055.55688020,133706.64062500,11.39582539,393216
2055.57731200,133732.50000000,11.39980984,0
2055.59774391,133775.15625000,11.39496803,0
2055.61817591,133661.90625000,11.39439678,0
2055.63860772,133759.98437500,11.39308643,0
2055.65903962,133668.59375000,11.39601517,0
2055.67947163,133648.07812500,11.38440990,0
2055.69990344,133586.93750000,11.38753033,262144
2055.72033544,133672.28125000,11.38190556,0
2055.74076725,133647.12500000,11.38733101,0
2055.76119916,133692.53125000,11.36558914,0
2055.80206297,133669.78125000,11.39921856,0
2055.82249488,133665.50000000,11.39704227,0
2055.84292689,133612.90625000,11.39374638,0
2055.86335870,133620.93750000,11.39196682,0
2055.88379071,133585.65625000,11.38798237,0
2055.90422262,133620.56250000,11.37975979,0
2055.92465453,133629.18750000,11.36714172,0
2055.94508644,133646.03125000,11.35908508,393216
2055.96551835,133634.50000000,11.35630035,0
2055.98595026,133591.76562500,11.33493423,0
2056.00638217,133598.96875000,11.32394600,393216
2056.04724609,133769.35937500,11.34953690,262144
2056.06767800,133772.62500000,11.36885548,0
2056.08810982,133784.20312500,11.37293339,0
2056.10854183,133836.43750000,11.39042950,262144
2056.12897374,133780.92187500,11.39520645,262144
2056.14940556,133774.43750000,11.40150642,0
2056.16983757,133780.53125000,11.39978313,0
2056.19026948,133743.06250000,11.40983391,0
2056.21070150,133772.14062500,11.40470219,0
2056.23113331,133748.70312500,11.40509129,0
2056.25156523,133859.73437500,11.40656567,0
2056.27199724,133803.84375000,11.40407276,0
2056.29242906,133777.10937500,11.40500164,0
2056.31286097,133704.51562500,11.40184402,0
2056.33329299,133635.50000000,11.39699459,393216
2056.35372481,133650.43750000,11.39785290,0
2056.37415672,133634.48437500,11.39387131,0
2056.39458864,133615.75000000,11.39118290,0
2056.41502056,133631.90625000,11.39198017,0
2056.43545257,133616.96875000,11.38979816,0
2056.45588449,133583.60937500,11.38079834,0
2056.47631631,133617.93750000,11.37378693,0
2056.49674833,133641.18750000,11.35915375,0
2056.53761207,133773.62500000,11.40448856,0
2056.55804409,133669.89062500,11.40376091,0
2056.57847601,133656.00000000,11.39800549,0
2056.59890793,133664.81250000,11.40043449,0
2056.61933985,133685.43750000,11.39702606,0
2056.63977177,133613.50000000,11.40052509,0
2056.66020369,133639.57812500,11.38452435,0
2056.68063561,133718.84375000,11.38867855,0
2056.70106753,133635.04687500,11.37562084,0
2056.72149946,133645.35937500,11.37095833,0
2056.74193138,133617.45312500,11.35369110,0
2056.78279532,133713.50000000,11.40454006,0
2056.80322715,133708.35937500,11.40675545,0
2056.82365917,133694.56250000,11.40226173,0
2056.84409110,133689.87500000,11.40101624,0
2056.86452292,133623.32812500,11.39561462,0
2056.88495494,133649.56250000,11.39610481,0
2056.90538687,133739.09375000,11.39629650,0
2056.92581890,133630.70312500,11.38065147,0
2056.94625072,133609.62500000,11.37630463,0
2056.96668265,133611.75000000,11.36512470,0
2056.98711467,133598.04687500,11.36011505,0
2057.02797843,133770.89062500,11.40843773,0
2057.04841045,133838.35937500,11.41017723,0
2057.06884228,133711.29687500,11.40839577,0
2057.08927421,133711.79687500,11.40194416,8192
2057.10970614,133648.40625000,11.40019417,0
2057.13013807,133660.00000000,11.39833927,0
2057.15057010,133630.35937500,11.39740562,0
2057.17100193,133640.01562500,11.38928604,0
2057.19143386,133635.40625000,11.38458157,0
2057.21186589,133657.59375000,11.36936665,0
2057.23229782,133674.50000000,11.35925770,0
2057.27316168,133845.34375000,11.40774822,0
2057.29359361,133785.01562500,11.41456318,262144
2057.31402554,133804.14062500,11.41555882,0
2057.33445747,133781.82812500,11.41635609,786432
