time_bkjd,pdcsap_flux,pdcsap_flux_err,sap_quality
1977.36461078,350611.78125000,16.25456810,0
1977.38504304,350633.09375000,16.26950645,0
1977.40547530,350619.00000000,16.27241325,0
1977.42590757,350468.71875000,16.27302361,0
1977.44633993,350516.93750000,16.27923584,0
1977.46677209,350559.65625000,16.28950882,0
1977.48720444,350659.34375000,16.27980232,0
1977.50763670,350526.12500000,16.28512764,262144
1977.52806886,350595.00000000,16.29778671,0
1977.54850122,350567.87500000,16.30034065,0
1977.56893348,350511.68750000,16.29332542,0
1977.58936563,350440.78125000,16.29636002,0
1977.60979799,350564.21875000,16.28796959,0
1977.63023025,350476.84375000,16.29613495,0
1977.65066240,350436.68750000,16.30154228,0
1977.67109476,350530.75000000,16.30499077,0
1977.69152701,350526.37500000,16.30344772,0
1977.71195917,350417.53125000,16.30607224,0
1977.73239152,350382.62500000,16.29383278,0
1977.75282377,350377.53125000,16.30578423,0
1977.77325593,350421.28125000,16.31362724,0
1977.79368828,350431.68750000,16.31915855,0
1977.81412053,350412.96875000,16.31147385,0
1977.83455278,350386.93750000,16.31542397,0
1977.85498503,350372.40625000,16.31869316,0
1977.87541728,350341.46875000,16.31885719,0
1977.89584953,350409.12500000,16.31368637,0
1977.91628178,350432.90625000,16.31076622,0
1977.93671403,350427.34375000,16.31978226,0
1977.95714638,350395.06250000,16.30282021,0
1977.97757853,350372.59375000,16.32157135,0
1977.99801077,350263.93750000,16.32276535,0
1978.01844312,350281.84375000,16.32595825,0
1978.03887527,350335.56250000,16.31636620,0
1978.05930751,350327.71875000,16.33715248,0
1978.07973986,350405.53125000,16.31539536,0
1978.10017200,350343.56250000,16.33831787,0
1978.12060425,350270.18750000,16.33839989,0
1978.14103659,350338.18750000,16.34056282,0
1978.16146874,350194.62500000,16.33384514,0
1978.18190098,350156.59375000,16.34635735,0
1978.20233332,350155.12500000,16.33495903,0
1978.22276547,350096.84375000,16.35461235,0
1978.24319781,350145.15625000,16.35987091,0
1978.26363005,350080.31250000,16.35730553,0
1978.28406229,350072.09375000,16.35473251,0
1978.30449453,350067.62500000,16.36217690,0
1978.32492677,349959.71875000,16.35706902,0
1978.34535901,350044.50000000,16.35827065,0
1978.36579125,350035.96875000,16.36192513,0
1978.38622349,348829.09375000,16.44465828,2048
1978.40665573,349913.59375000,16.36191940,0
1978.42708796,350020.53125000,16.36050415,0
1978.44752020,349987.43750000,16.36122704,0
1978.46795244,350017.40625000,16.36587715,0
1978.48838467,349926.50000000,16.35480118,0
1978.50881691,349880.00000000,16.35965347,0
1978.52924905,349883.84375000,16.35807610,0
1978.57011362,350643.46875000,16.19188881,0
1978.59054575,350756.43750000,16.19944382,0
1978.61097808,350718.40625000,16.19181061,0
1978.63141032,350750.96875000,16.18869400,8192
1978.65184265,350734.03125000,16.19040871,0
1978.67227478,350713.81250000,16.20762444,8192
1978.69270701,350678.12500000,16.20445633,0
1978.71313934,350692.50000000,16.21111107,0
1978.73357147,350760.03125000,16.20506287,0
1978.75400370,350679.90625000,16.21080208,0
1978.77443603,350712.03125000,16.21468353,0
1978.79486826,350603.06250000,16.22048759,0
1978.81530039,350554.37500000,16.22197151,0
1978.83573272,350593.03125000,16.23533058,262144
1978.85616495,350572.53125000,16.23680878,0
1978.87659708,350573.50000000,16.23871231,0
1978.89702940,350588.78125000,16.23704338,16384
1978.91746163,350498.31250000,16.23138618,0
1978.93789376,350520.68750000,16.22851181,0
1978.95832608,350536.93750000,16.23633194,0
1978.97875831,350601.96875000,16.24538612,0
1978.99919043,350571.81250000,16.24963379,0
1979.01962276,350514.37500000,16.24765015,0
1979.06048710,350538.84375000,16.25852394,0
1979.08091943,350493.84375000,16.25717354,0
1979.10135165,350507.00000000,16.25523567,0
1979.12178397,350542.68750000,16.25465202,0
1979.14221609,350542.53125000,16.24903870,0
1979.16264831,350513.68750000,16.25121498,0
1979.18308053,350535.21875000,16.24844742,0
1979.20351276,350479.50000000,16.24498177,0
1979.22394497,350307.84375000,16.24459648,0
1979.24437719,350154.68750000,16.23207283,0
1979.26480941,350147.78125000,16.24280548,0
1979.28524163,350133.00000000,16.23230553,0
1979.30567385,350164.15625000,16.22225952,0
1979.32610607,350243.84375000,16.21548843,0
1979.34653828,350440.46875000,16.24235725,0
1979.36697060,350554.18750000,16.23983574,0
1979.38740272,350534.75000000,16.24255943,0
1979.40783493,350587.46875000,16.24927330,0
1979.42826725,350551.81250000,16.24974823,0
1979.44869936,350515.90625000,16.24947929,0
1979.46913158,350468.59375000,16.25432014,0
1979.48956389,350446.31250000,16.24617386,0
1979.50999600,350463.68750000,16.25583839,0
1979.53042822,350537.18750000,16.25831223,0
1979.55086053,350524.43750000,16.25217247,0
1979.57129264,350557.68750000,16.25473595,0
1979.59172495,350631.28125000,16.24912071,0
1979.61215716,350517.15625000,16.26052094,0
1979.63258937,350527.93750000,16.25580215,0
1979.65302158,350518.62500000,16.25437164,0
1979.67345379,350433.59375000,16.25194931,0
1979.69388600,350558.43750000,16.25370216,0
1979.71431821,350495.34375000,16.25480080,0
1979.73475042,350527.93750000,16.26103592,0
1979.75518263,349241.12500000,16.26712418,2048
1979.77561484,350503.87500000,16.24039650,0
1979.79604704,350520.90625000,16.23969269,0
1979.81647925,350452.53125000,16.24257660,0
1979.83691155,350416.78125000,16.24029922,0
1979.85734366,350485.06250000,16.23454094,0
1979.87777587,350521.84375000,16.23820114,0
1979.89820807,350398.31250000,16.21175575,0
1979.91864027,350453.56250000,16.23059082,0
1979.93907248,350514.25000000,16.23474121,0
1979.95950468,350544.90625000,16.22988701,0
1979.97993688,350569.03125000,16.22738075,0
1980.00036909,350598.81250000,16.22627831,0
1980.02080129,350616.59375000,16.22033691,0
1980.04123349,350535.50000000,16.21823502,0
1980.06166579,350485.18750000,16.21337128,0
1980.08209789,350548.25000000,16.21806717,0
1980.10253009,350584.09375000,16.21436882,0
1980.12296239,350526.34375000,16.21786308,0
1980.14339449,350478.84375000,16.22050667,0
1980.16382669,350494.09375000,16.21849442,0
1980.18425899,350512.34375000,16.22047806,0
1980.20469119,350608.96875000,16.22302055,0
1980.22512328,350542.87500000,16.22035408,0
1980.24555558,350478.65625000,16.21032333,0
1980.26598778,350448.90625000,16.20824814,0
1980.28641987,350603.78125000,16.21593666,0
1980.30685217,350566.37500000,16.20130157,0
1980.32728436,350536.62500000,16.21159935,0
1980.34771646,350510.50000000,16.21189880,0
1980.36814875,350314.59375000,16.20459175,0
1980.38858095,350091.81250000,16.19041443,0
1980.40901304,350050.96875000,16.17907715,0
1980.42944533,350073.65625000,16.17786407,0
1980.44987753,350040.75000000,16.17234993,0
1980.47030972,350440.46875000,16.18467712,262144
1980.49074191,350621.75000000,16.19051933,262144
1980.51117410,350636.46875000,16.18704033,0
1980.53160639,350621.00000000,16.19289017,0
1980.55203848,350626.50000000,16.18085480,0
1980.57247067,350592.71875000,16.18162918,0
1980.59290296,350656.43750000,16.17999458,0
1980.61333505,350566.31250000,16.17871666,0
1980.63376724,350703.21875000,16.18318367,0
1980.65419953,350607.75000000,16.18073082,0
1980.67463162,350613.46875000,16.17973137,0
1980.69506380,350546.81250000,16.17176056,262144
1980.71549609,350559.28125000,16.16655922,262144
1980.73592818,350533.65625000,16.17289925,0
1980.75636036,350584.62500000,16.16688728,262144
1980.77679265,350543.06250000,16.16862679,0
1980.79722473,350528.90625000,16.16098022,0
1980.81765692,350673.15625000,16.16657448,0
1980.83808920,350724.78125000,16.15948486,0
1980.85852128,350616.06250000,16.13441658,0
1980.87895347,350698.21875000,16.14471054,0
1980.89938575,350661.87500000,16.14812660,0
1980.91981783,350731.96875000,16.13638878,262144
1980.94025001,350674.18750000,16.14046478,0
1980.96068230,350757.75000000,16.14049149,0
1980.98111438,350743.65625000,16.13697624,0
1981.02197884,350537.03125000,16.20088005,0
1981.04241102,350444.93750000,16.19543648,0
1981.06284320,350487.12500000,16.19363594,0
1981.08327537,350492.06250000,16.19640732,0
1981.10370755,350528.18750000,16.20613480,0
1981.12413973,350593.06250000,16.20017433,0
1981.14457191,350631.34375000,16.20036316,0
1981.16500409,350654.68750000,16.19587517,0
1981.18543636,350648.31250000,16.19061852,262144
1981.20586844,350584.18750000,16.18696594,0
1981.22630061,350593.65625000,16.18580246,0
1981.24673289,350581.21875000,16.17045593,0
1981.26716496,350697.90625000,16.17159843,0
1981.28759714,350692.37500000,16.17607307,0
1981.30802941,350551.37500000,16.17270851,0
1981.32846148,350609.25000000,16.16793633,0
1981.34889366,350567.46875000,16.15784454,0
1981.36932593,350579.06250000,16.16216469,0
1981.38975800,350564.90625000,16.15320015,0
1981.41019017,350629.06250000,16.14802361,0
1981.43062235,350615.75000000,16.13384438,0
1981.45105452,350716.25000000,16.14169312,0
1981.47148679,350696.40625000,16.12975693,0
1981.51235103,350237.43750000,16.32519722,262144
1981.59407980,350220.06250000,16.31977081,0
1981.61451197,350265.06250000,16.32284546,0
1981.63494403,350290.59375000,16.31522369,0
1981.65537630,350283.31250000,16.31674385,0
1981.67580847,350309.28125000,16.32168961,0
1981.69624053,350346.90625000,16.31620407,0
1981.71667280,350378.03125000,16.31828499,0
1981.73710496,350361.59375000,16.31514549,0
1981.75753703,350384.50000000,16.31484604,0
1981.77796929,350324.68750000,16.31369209,0
1981.79840145,350301.06250000,16.31419563,0
1981.81883352,350341.90625000,16.31186104,0
1981.83926578,350314.68750000,16.30655861,0
1981.85969794,350317.40625000,16.30920029,0
1981.88013010,350301.25000000,16.30887222,0
1981.90056226,350300.87500000,16.30629730,0
1981.92099442,350369.65625000,16.30785179,0
1981.94142668,350349.21875000,16.30491829,0
1981.96185874,350304.59375000,16.29690552,0
1981.98229090,350406.59375000,16.30125427,0
1982.00272316,350433.31250000,16.29878616,0
1982.02315532,350312.53125000,16.29501915,0
1982.04358738,350364.21875000,16.29457474,0
1982.06401964,350414.78125000,16.29889488,0
1982.08445179,350377.06250000,16.28903198,0
1982.10488385,350335.28125000,16.27976227,0
1982.12531611,350331.93750000,16.27372551,0
1982.14574816,350400.59375000,16.27169609,0
1982.16618032,350404.93750000,16.27086830,0
1982.18661257,350482.93750000,16.27173233,0
1982.20704463,350442.15625000,16.27103043,0
1982.22747678,350394.18750000,16.26411819,0
1982.24790904,350432.34375000,16.25897789,0
1982.26834109,350278.62500000,16.25308037,0
1982.28877324,350130.53125000,16.24198914,0
1982.30920549,350274.53125000,16.24444199,0
1982.32963755,350476.84375000,16.24056625,0
1982.35006970,350536.18750000,16.24329185,0
1982.37050195,350433.06250000,16.24295998,0
1982.39093410,350405.71875000,16.23082161,0
1982.41136625,350480.96875000,16.23966217,0
1982.43179840,350547.93750000,16.23884201,0
1982.45223055,350460.06250000,16.22526360,0
1982.47266270,350492.96875000,16.23820496,8192
1982.49309485,350545.28125000,16.23797798,0
1982.51352700,350513.31250000,16.23930359,0
1982.53395924,350497.06250000,16.24214172,0
1982.55439129,350525.81250000,16.23594284,0
1982.57482344,350448.06250000,16.23559952,0
1982.59525568,350418.59375000,16.24524307,0
1982.61568773,350448.65625000,16.24246025,0
1982.63611988,350549.28125000,16.24870682,0
1982.65655212,350507.28125000,16.24521255,0
1982.67698416,350486.81250000,16.23983383,0
1982.69741631,350436.75000000,16.23998642,0
1982.71784855,350536.93750000,16.24467468,0
1982.73828060,350481.00000000,16.24204063,0
1982.75871274,350484.78125000,16.23917770,262144
1982.77914498,350409.93750000,16.22556877,0
1982.79957702,350466.84375000,16.22671318,0
1982.82000917,350526.53125000,16.22557449,0
1982.84044141,350464.15625000,16.22277641,0
1982.86087355,350554.06250000,16.23307991,0
1982.88130569,350547.37500000,16.22422791,0
1982.90173783,350507.18750000,16.21135330,0
1982.92216987,350518.06250000,16.21455765,0
1982.94260211,350583.50000000,16.21136093,0
1982.98346628,350556.78125000,16.19717407,0
1983.00389852,350546.40625000,16.20223045,0
1983.02433066,350507.25000000,16.19249344,0
1983.04476270,350585.31250000,16.20027924,0
1983.06519493,350688.09375000,16.18984604,0
1983.08562707,350728.96875000,16.19301987,0
1983.10605910,350657.71875000,16.18653107,262144
1983.12649134,350667.31250000,16.18330765,0
1983.14692347,350699.75000000,16.17296219,0
1983.16735551,350484.93750000,16.17224884,0
1983.18778774,350673.28125000,16.17454910,0
1983.20821988,350701.37500000,16.16687393,0
1983.22865201,350746.96875000,16.16800117,0
1983.24908414,350739.78125000,16.16267204,0
1983.26951628,350675.93750000,16.15860558,0
1983.28994841,350709.56250000,16.15627480,0
1983.31038054,350946.59375000,16.15283966,0
1983.33081267,350790.15625000,16.14906311,0
1983.35124490,350746.50000000,16.14039421,0
1983.37167703,350758.84375000,16.13168335,0
1983.39210906,350699.90625000,16.13472176,0
1983.41254129,350711.62500000,16.11036491,0
1983.43297342,350882.43750000,16.12723351,0
1983.47383768,350429.62500000,16.30020714,0
1983.49426980,350447.81250000,16.28970718,0
1983.51470183,350395.59375000,16.28477287,0
1983.53513406,350474.65625000,16.27925873,0
1983.55556618,350524.00000000,16.28140259,0
1983.57599821,350575.34375000,16.26983261,0
1983.59643043,350559.87500000,16.26473808,0
1983.61686256,350534.71875000,16.26998138,0
1983.63729458,350560.71875000,16.26715088,0
1983.65772681,350490.03125000,16.26403046,262144
1983.67815883,350548.15625000,16.25953102,262144
1983.69859106,350537.15625000,16.25096893,0
1983.71902318,350414.93750000,16.24598122,0
1983.73945520,350523.56250000,16.25164413,0
1983.75988732,350534.56250000,16.24507713,0
1983.78031955,350424.53125000,16.23844147,0
1983.80075167,350526.71875000,16.24198914,0
1983.82118379,350613.31250000,16.23838234,0
1983.84161591,350570.65625000,16.23292732,0
1983.86204803,350568.96875000,16.21830559,0
1983.88248025,350597.50000000,16.22452736,0
1983.90291227,350617.25000000,16.21645355,0
1983.92334439,350619.15625000,16.21377182,0
1983.94377660,350616.00000000,16.20304871,0
1983.96420862,350714.78125000,16.19997025,0
1983.98464074,350566.03125000,16.17803574,0
1984.00507296,350635.56250000,16.16528893,0
1984.02550497,350724.46875000,16.15128517,0
1984.04593709,350755.78125000,16.16191483,0
1984.06636931,350780.43750000,16.16048813,0
1984.08680132,350813.81250000,16.16077042,0
1984.10723344,350769.90625000,16.15815353,0
1984.12766565,350791.62500000,16.15975380,0
1984.14809767,350800.96875000,16.14618301,0
1984.16852978,350777.59375000,16.13732719,0
1984.18896199,350869.09375000,16.14396667,0
1984.20939411,350790.15625000,16.13995171,0
1984.22982612,350928.06250000,16.13592148,0
1984.25025833,350838.06250000,16.13117790,0
1984.27069044,350758.65625000,16.10716629,0
1984.29112255,350901.87500000,16.10752678,0
1984.31155466,350955.18750000,16.10153580,0
1984.33198677,350927.15625000,16.08968735,0
1984.35241899,350927.81250000,16.08594131,0
1984.37285099,351008.18750000,16.07937431,0
1984.39328300,351012.75000000,16.06635666,0
1984.41371521,351041.56250000,16.03914833,0
1984.45457933,350516.25000000,16.26377296,0
1984.47501154,350513.25000000,16.26226807,0
1984.49544364,350661.40625000,16.25439262,0
1984.51587565,350522.78125000,16.24781418,0
1984.53630786,350661.18750000,16.23875999,0
1984.55673996,350674.96875000,16.23224831,0
1984.57717197,350612.84375000,16.21328926,0
1984.59760417,350679.59375000,16.21430206,0
1984.61803628,350610.43750000,16.20680237,0
1984.63846838,350715.15625000,16.19671059,0
1984.65890049,350742.78125000,16.18046570,0
1984.67933259,350801.03125000,16.17532158,0
1984.69976469,350778.18750000,16.17265892,0
1984.72019689,350765.00000000,16.15882492,0
1984.74062890,350826.71875000,16.15015411,0
1984.76106110,350855.87500000,16.13597679,0
1984.78149320,350843.75000000,16.11432266,0
1984.80192520,350926.84375000,16.11072922,0
1984.82235740,350886.53125000,16.10727501,0
1984.84278950,350875.21875000,16.09483719,0
1984.86322150,351043.81250000,16.08328056,0
1984.88365370,350934.75000000,16.08158112,0
1984.90408580,350905.15625000,16.06338882,0
1984.96538209,350591.40625000,16.28215218,0
1984.98581409,350566.25000000,16.27279282,0
1985.00624629,350528.81250000,16.27247238,0
1985.02667838,350561.21875000,16.26538467,0
1985.04711048,350609.18750000,16.25871658,0
1985.06754258,350597.21875000,16.25844193,0
1985.08797467,350606.18750000,16.24831581,0
1985.10840677,350718.37500000,16.24444008,0
1985.12883886,350556.46875000,16.23266792,0
1985.14927095,350677.00000000,16.22155952,0
1985.16970295,350694.50000000,16.22551918,0
1985.19013514,350677.34375000,16.21393013,0
1985.21056723,350598.15625000,16.19241905,0
1985.23099943,350541.25000000,16.17472649,0
1985.25143142,350752.28125000,16.18726540,0
1985.27186351,350715.06250000,16.16823387,0
1985.29229570,350751.12500000,16.18386269,0
1985.31272769,350782.75000000,16.16486931,0
1985.33315978,350880.71875000,16.15774155,0
1985.35359197,351020.93750000,16.15505791,0
1985.37402396,350973.50000000,16.14098740,0
1985.39445605,350952.00000000,16.14446640,0
1985.43532023,350522.56250000,16.28271866,0
1985.45575232,350562.56250000,16.28204155,0
1985.47618450,350606.03125000,16.27007103,0
1985.49661649,350622.40625000,16.26694489,0
1985.51704858,350660.00000000,16.24463463,0
1985.53748076,350642.50000000,16.25226593,0
1985.55791285,350627.50000000,16.22496033,0
1985.57834483,350623.75000000,16.24209785,0
1985.59877702,350641.46875000,16.24255562,0
1985.61920910,350726.37500000,16.23260117,0
1985.63964109,350670.68750000,16.22793961,0
1985.66007327,350643.59375000,16.22235870,0
1985.68050536,350726.15625000,16.21559334,0
1985.70093754,350630.87500000,16.20838928,0
1985.72136952,350749.46875000,16.19788551,0
1985.74180160,350817.00000000,16.19838905,0
1985.76223378,350832.53125000,16.19433212,0
1985.78266577,350801.62500000,16.18375969,0
1985.80309785,350782.56250000,16.17557716,0
1985.82353003,350927.06250000,16.17123985,0
1985.84396201,350799.09375000,16.14192772,0
1985.86439409,350816.37500000,16.14164352,0
1985.88482617,350788.68750000,16.13719559,262144
1985.92569033,350561.31250000,16.29892731,0
1985.94612240,350524.68750000,16.29123688,0
1985.96655448,350578.12500000,16.28632164,0
1985.98698656,350562.25000000,16.27560616,0
1986.00741864,350554.50000000,16.26971054,0
1986.02785071,350741.50000000,16.26398659,0
1986.04828279,350682.96875000,16.25611687,0
1986.06871496,350682.03125000,16.25249290,0
1986.08914694,350735.15625000,16.24180031,0
1986.10957901,350663.46875000,16.23647118,8192
1986.13001119,350607.09375000,16.21204758,0
1986.15044316,350742.28125000,16.21731186,0
1986.17087534,350677.65625000,16.21004105,0
1986.19130741,350656.96875000,16.20107460,0
1986.21173938,350745.37500000,16.20345116,0
1986.23217156,350824.50000000,16.20152283,262144
1986.25260363,350782.90625000,16.18306923,0
1986.27303560,350838.87500000,16.16173553,0
1986.29346777,350786.78125000,16.16625595,0
1986.31389984,350762.62500000,16.15649986,0
1986.33433181,350895.28125000,16.14154434,0
1986.35476398,350872.28125000,16.12944984,0
1986.37519605,350917.87500000,16.12925339,0
1986.39562812,350970.00000000,16.12018204,0
1986.41606019,350978.65625000,16.11513710,0
1986.43649226,350885.37500000,16.08964920,0
1986.45692433,351057.62500000,16.08806229,0
1986.47735640,350995.78125000,16.05215454,262144
1986.49778846,350974.31250000,16.04655075,0
1986.51822053,351020.06250000,16.02747917,0
1986.53865270,350951.78125000,16.00535202,393216
1986.55908466,351050.50000000,15.97993755,0
1986.57951673,350792.75000000,15.91746807,0
1986.59994879,350777.09375000,15.88647842,0
1986.62038086,350664.37500000,15.84828758,0
1986.66124499,350687.53125000,16.21754265,0
1986.68167705,350735.40625000,16.21309090,0
1986.70210922,350829.93750000,16.20239258,0
1986.72254118,350746.87500000,16.19509888,0
1986.74297324,350768.18750000,16.17653275,0
1986.76340540,350756.68750000,16.17576790,0
1986.78383736,350769.37500000,16.15892220,0
1986.80426943,350875.46875000,16.13263130,0
1986.82470159,350829.53125000,16.13207054,0
1986.84513355,350941.46875000,16.13241005,0
1986.86556561,350803.46875000,16.11257744,0
1986.90642983,350834.18750000,16.16696167,0
1986.92686179,350808.81250000,16.15090942,0
1986.94729395,350938.96875000,16.13073158,0
1986.96772600,350830.65625000,16.13066483,0
1986.98815796,350858.18750000,16.12674713,0
1987.00859012,350967.84375000,16.11866760,262144
1987.02902218,350975.25000000,16.11025238,0
1987.04945413,350951.84375000,16.10139847,0
1987.06988629,350954.00000000,16.09413338,262144
1987.09031835,351003.21875000,16.08474731,0
1987.11075050,350984.87500000,16.07425499,0
1987.15161451,350645.56250000,16.25692177,0
1987.17204667,350659.96875000,16.24630165,0
1987.19247862,350659.34375000,16.22782516,0
1987.21291067,350559.21875000,16.21717453,0
1987.23334283,350737.93750000,16.23163223,0
1987.25377478,350725.18750000,16.22155190,0
1987.27420683,350727.03125000,16.21310806,0
1987.29463898,350672.25000000,16.20357513,0
1987.31507094,350824.43750000,16.20034599,0
1987.33550299,350696.93750000,16.16834259,0
1987.35593514,350763.21875000,16.17445374,0
1987.37636709,350849.53125000,16.16895866,0
1987.39679914,350777.93750000,16.16292191,0
1987.41723119,350808.31250000,16.15169144,0
1987.43766324,350829.25000000,16.13866234,0
1987.45809529,350918.06250000,16.12639427,0
1987.47852743,350967.62500000,16.10087013,0
1987.49895938,350995.78125000,16.09680939,0
1987.51939153,350901.15625000,16.08444405,0
1987.53982358,351000.25000000,16.09434509,0
1987.56025552,350970.68750000,16.07445908,262144
1987.58068767,351080.87500000,16.05620003,0
1987.60111972,351072.84375000,16.04407120,0
1987.64198381,350658.43750000,16.22231293,0
1987.66241585,350708.09375000,16.22172737,0
1987.68284780,350762.31250000,16.20969582,0
1987.70327994,350847.71875000,16.20374680,0
1987.72371199,350798.15625000,16.19271851,0
1987.74414403,350794.28125000,16.18638802,0
1987.76457607,350840.78125000,16.17310333,0
1987.78500812,350815.81250000,16.14413834,0
1987.80544016,350946.93750000,16.14089966,0
1987.82587220,350853.56250000,16.13463593,0
1987.84630424,350799.68750000,16.12161255,0
1987.88716832,350643.12500000,16.29983711,0
1987.90760036,350610.12500000,16.29040146,0
1987.92803240,350651.50000000,16.28302574,0
1987.94846454,350619.00000000,16.28058624,0
1987.96889648,350688.15625000,16.27275658,0
1987.98932862,350707.03125000,16.25985909,0
1988.00976066,350668.84375000,16.24642563,0
1988.03019260,350644.15625000,16.22911835,0
1988.05062474,350670.34375000,16.23249245,0
1988.07105677,350634.37500000,16.22054291,0
1988.09148871,350764.09375000,16.21646309,0
1988.11192085,350664.65625000,16.19676018,0
1988.13235278,350892.65625000,16.19786835,0
1988.15278482,350854.68750000,16.17325974,0
1988.17321696,350833.65625000,16.16143036,0
1988.19364889,350903.28125000,16.15018654,0
1988.21408093,351008.68750000,16.14588356,393216
1988.23451306,350934.43750000,16.13187027,0
1988.25494499,350964.25000000,16.11443138,0
1988.27537703,351063.37500000,16.09841347,0
1988.29580916,350946.62500000,16.07592201,0
1988.31624119,351070.78125000,16.06650925,0
1988.33667313,351131.37500000,16.04168892,0
1988.37753729,350631.71875000,16.24728966,0
1988.39796922,350717.59375000,16.24162483,0
1988.41840135,350731.62500000,16.22886467,0
1988.43883338,350747.28125000,16.21115494,0
1988.45926551,350787.09375000,16.20351982,0
1988.47969744,350833.65625000,16.17426300,0
1988.50012947,350924.21875000,16.16499710,0
1988.52056160,350884.00000000,16.15221977,0
1988.54099353,350903.25000000,16.14141273,0
1988.56142556,351003.56250000,16.12515640,0
1988.58185768,351029.71875000,16.11490059,0
1988.62272164,350610.25000000,16.30052948,0
1988.64315377,350581.75000000,16.28924561,0
1988.66358569,350704.81250000,16.28334236,0
1988.68401772,350618.40625000,16.27128792,0
1988.70444984,350632.93750000,16.26393127,0
1988.72488177,350658.90625000,16.26335526,0
1988.74531379,350705.03125000,16.25573349,0
1988.76574592,350686.78125000,16.24353409,0
1988.78617794,350694.62500000,16.21771622,0
1988.80660987,350761.34375000,16.21616364,0
1988.82704199,350695.87500000,16.20159912,0
1988.88833806,350731.59375000,16.31381798,0
1988.90876998,350727.78125000,16.31745911,0
1988.92920210,350695.93750000,16.30679893,0
1988.94963412,350803.46875000,16.30635643,0
1988.97006604,350756.00000000,16.30098724,0
1988.99049816,350729.28125000,16.30178833,0
1989.01093018,350759.43750000,16.27959824,0
1989.03136210,350805.78125000,16.26993942,0
1989.05179422,350790.90625000,16.27903366,0
1989.07222624,350643.43750000,16.26371002,0
1989.09265816,350728.56250000,16.26228142,0
1989.11309028,350717.59375000,16.25348282,0
1989.13352229,350677.46875000,16.22760773,0
1989.15395431,350744.09375000,16.21181107,0
1989.17438633,350848.18750000,16.21381378,0
1989.19481834,350864.31250000,16.20597649,0
1989.21525036,350857.81250000,16.21540451,0
1989.23568238,350859.84375000,16.21161079,0
1989.25611439,350945.46875000,16.19485664,0
1989.27654641,350789.46875000,16.18129539,0
1989.29697852,350901.00000000,16.16893387,0
1989.35827456,350687.90625000,16.30655098,0
1989.37870648,350715.37500000,16.30445862,0
1989.39913859,350707.06250000,16.29746437,0
1989.41957060,350740.62500000,16.28400993,0
1989.44000251,350815.43750000,16.28327942,0
1989.46043463,350728.03125000,16.26860428,0
1989.48086664,350720.84375000,16.26143265,0
1989.50129855,350762.34375000,16.23962975,0
1989.52173066,350819.43750000,16.25871658,0
1989.54216267,350824.40625000,16.24281883,0
1989.56259458,350757.31250000,16.23538017,0
1989.58302669,350904.62500000,16.22799683,0
1989.60345870,350706.59375000,16.20204544,0
1989.62389061,350794.71875000,16.19941902,0
1989.64432271,350734.28125000,16.18522835,0
1989.66475472,350860.84375000,16.18361664,0
1989.68518663,350840.90625000,16.16413879,0
1989.70561874,350820.40625000,16.15894890,0
1989.72605074,350868.59375000,16.14268112,0
1989.74648265,350919.90625000,16.12722015,0
1989.76691476,350898.15625000,16.09384346,0
1989.78734676,350860.43750000,16.07609177,0
1989.80777867,351055.12500000,16.07671928,0
1989.84864278,350721.84375000,16.26723480,262144
1989.86907488,350686.56250000,16.25354385,262144
1989.88950679,350749.75000000,16.24007797,262144
1989.90993879,350613.40625000,16.21468353,262144
1989.93037089,350709.40625000,16.22261047,0
1989.95080280,350735.90625000,16.19944763,0
1989.97123480,350783.46875000,16.19491577,0
1989.99166690,350782.68750000,16.17956352,0
1990.01209880,350781.81250000,16.16392136,0
1990.03253080,350836.93750000,16.13410378,0
1990.05296291,350780.43750000,16.12794685,0
1990.07339481,350813.53125000,16.11097717,0
1990.09382681,350907.65625000,16.09383392,0
1990.11425891,350982.12500000,16.07322884,0
1990.13469091,350920.37500000,16.06166649,0
1990.15512281,351002.56250000,16.03955650,0
1990.17555490,350885.40625000,16.00123024,0
1990.19598690,350910.21875000,15.95234680,0
1990.21641880,350838.65625000,15.91949844,0
1990.23685090,350634.50000000,15.84802151,0
1990.25728290,350442.37500000,15.72397995,0
1990.29814689,349021.62500000,15.85576916,2048
1990.33901088,350642.78125000,16.15717506,0
1990.35944288,350872.40625000,16.13753510,0
1990.37987477,350875.06250000,16.11793137,0
1990.40030687,350933.25000000,16.09855080,0
1990.42073886,350738.43750000,16.04425621,0
1990.44117076,350516.03125000,16.01760483,0
1990.46160285,350507.59375000,15.97934914,0
1990.48203484,350295.46875000,15.90945816,0
1990.50246684,350308.43750000,15.85075665,0
1990.52289883,350202.81250000,15.73804569,0
1990.58419480,350692.21875000,16.16198921,0
1990.60462680,350781.56250000,16.14981270,0
1990.62505879,350677.53125000,16.10897064,0
1990.64549088,350723.71875000,16.11731911,0
1990.66592277,350814.43750000,16.10294533,0
1990.68635476,350895.71875000,16.08870888,0
1990.70678685,350836.93750000,16.07104492,0
1990.72721874,350924.81250000,16.05736542,0
1990.74765082,350868.46875000,16.03574371,0
1990.76808281,350823.53125000,16.01752281,0
1990.78851470,350760.84375000,15.98667717,0
1990.82937878,350573.15625000,16.28171349,0
1990.84981066,350616.06250000,16.27450562,0
1990.87024275,350555.40625000,16.27439117,0
1990.89067474,350572.87500000,16.26513481,0
1990.91110662,350648.15625000,16.25714493,0
1990.93153871,350570.81250000,16.24982452,0
1990.95197069,350467.15625000,16.25248146,0
1990.97240268,350538.15625000,16.24423409,393216
1990.99283466,350517.59375000,16.23176956,0
1991.01326665,350445.53125000,16.22555923,0
1991.03369863,350527.00000000,16.21829605,0
1991.05413061,350398.71875000,16.20926094,0
1991.07456260,350514.15625000,16.20465279,0
1991.09499448,350554.65625000,16.19209099,0
1991.11542656,350548.46875000,16.17427635,0
1991.13585854,350660.87500000,16.17920303,0
1991.15629062,350654.62500000,16.17274857,0
1991.17672251,350622.25000000,16.16626549,0
1991.19715449,350692.00000000,16.16071892,0
1991.21758657,350577.90625000,16.15365791,0
1991.23801845,350494.37500000,16.12847328,0
1991.25845043,350718.68750000,16.13768196,0
1991.27888251,350655.84375000,16.13493347,0
1991.31974636,350516.75000000,16.29142189,0
1991.34017844,350579.34375000,16.28436089,0
1991.36061032,350501.68750000,16.27582169,0
1991.38104230,350428.31250000,16.26880264,0
1991.40147438,350481.87500000,16.27153397,0
1991.42190625,350526.65625000,16.27229118,0
1991.44233823,350446.28125000,16.26814461,0
1991.46277031,350561.06250000,16.26770782,0
1991.48320228,350555.71875000,16.25917053,0
1991.50363416,350502.34375000,16.24183273,0
1991.52406623,350481.46875000,16.25032043,262144
1991.54449821,350446.40625000,16.23401833,262144
1991.56493008,350519.12500000,16.23511124,0
1991.58536216,350562.78125000,16.23121071,0
1991.60579413,350498.78125000,16.22661400,0
1991.62622620,350444.31250000,16.20425797,262144
1991.64665808,350492.93750000,16.20330238,0
1991.66709005,350532.71875000,16.20027351,0
1991.68752212,350477.37500000,16.18853378,0
1991.70795399,350476.12500000,16.18918037,0
1991.72838596,350530.96875000,16.17798233,0
1991.74881794,350554.06250000,16.15780067,0
1991.76924991,350595.40625000,16.14304352,0
1991.78968188,350598.62500000,16.13705063,0
1991.81011385,350433.00000000,16.13177490,0
1991.83054582,350591.21875000,16.12221146,0
1991.85097779,350711.78125000,16.11056709,0
1991.87140976,350660.37500000,16.08676338,0
1991.89184173,350755.75000000,16.06517220,0
1991.91227369,350710.15625000,16.05841827,0
1991.93270566,350778.15625000,16.03485680,0
1991.95313763,350763.46875000,16.00972748,0
1991.97356960,350808.46875000,16.00247002,0
1991.99400167,350632.28125000,15.95667171,0
1992.01443353,350592.00000000,15.89258480,0
1992.05529756,350387.65625000,16.22400475,0
1992.07572943,350445.50000000,16.21296883,0
1992.09616150,350448.00000000,16.20593643,393216
1992.11659346,350470.31250000,16.19185829,0
1992.13702533,350394.68750000,16.18346786,393216
1992.15745739,350543.50000000,16.17507744,393216
1992.17788935,350504.37500000,16.16433716,393216
1992.19832122,350498.81250000,16.12847328,0
1992.21875328,350618.34375000,16.13722038,393216
1992.23918524,350610.15625000,16.12104797,393216
1992.25961711,350627.96875000,16.10513687,0
1992.30048113,350324.65625000,16.27275276,0
1992.32091309,350449.34375000,16.26427460,262144
1992.34134505,350324.96875000,16.25227165,0
1992.36177701,350339.93750000,16.24536133,0
1992.38220898,350371.00000000,16.23335266,0
1992.40264094,350459.65625000,16.22695923,0
1992.42307290,350447.18750000,16.21280479,0
1992.44350496,350535.93750000,16.20496178,0
1992.46393691,350420.09375000,16.18895721,0
1992.48436877,350479.28125000,16.17514610,0
1992.50480083,350521.75000000,16.16161537,0
1992.52523269,350563.93750000,16.15706444,0
1992.54566465,350523.56250000,16.14351463,0
1992.56609671,350603.00000000,16.12593460,0
1992.58652856,350584.03125000,16.10098076,0
1992.60696052,350727.21875000,16.09756279,0
1992.62739258,350610.43750000,16.07492256,16384
1992.64782443,350718.68750000,16.06880188,0
1992.66825639,350646.28125000,16.05114365,0
1992.68868844,350665.68750000,16.03359985,0
1992.70912030,350681.25000000,16.00867271,0
1992.72955225,350643.71875000,15.98065567,0
1992.74998431,350511.12500000,15.93372631,0
1992.79084812,350351.28125000,16.23311806,0
1992.81128017,350359.21875000,16.23661423,0
1992.83171212,350403.31250000,16.22956848,0
1992.85214407,350329.65625000,16.22299194,0
1992.87257603,350427.03125000,16.21826553,0
1992.89300798,350394.46875000,16.20795250,0
1992.91343993,350416.15625000,16.19482803,0
1992.93387188,350360.00000000,16.18759918,0
1992.95430383,350375.90625000,16.18015099,0
1992.97473588,350477.50000000,16.17634773,0
1992.99516773,350549.12500000,16.16005325,0
1993.01559968,350398.75000000,16.15828705,0
1993.03603173,350430.25000000,16.15101242,0
1993.05646358,350504.09375000,16.12182236,0
1993.07689553,350504.90625000,16.10935593,0
1993.09732758,350592.56250000,16.10509682,0
1993.11775943,350565.25000000,16.09814644,0
1993.13819138,350595.28125000,16.09471130,262144
1993.15862342,350397.53125000,16.07784653,262144
1993.17905527,350390.59375000,16.07608032,0
1993.19948722,350361.62500000,16.05709839,0
1993.21991926,350323.03125000,16.03352356,0
1993.24035111,350366.37500000,15.99642563,0
1993.28121500,350200.68750000,16.22239113,0
1993.30164695,350205.87500000,16.21349716,0
1993.32207899,350413.09375000,16.21043015,0
1993.34251094,350426.09375000,16.20438385,0
1993.36294278,350424.21875000,16.18573570,0
1993.38337483,350376.31250000,16.17511368,0
1993.40380677,350395.40625000,16.17098427,262144
1993.42423861,350462.75000000,16.15932846,0
1993.44467066,350421.31250000,16.15017128,0
1993.46510260,350448.34375000,16.13934135,0
1993.48553444,350478.50000000,16.13159180,262144
1993.52639842,350444.78125000,16.26907158,0
1993.54683027,350404.28125000,16.25926590,0
1993.56726231,350329.68750000,16.25175095,0
1993.58769425,350333.00000000,16.24378777,0
1993.60812609,350445.28125000,16.23091698,0
1993.62855813,350190.34375000,16.20799828,0
1993.64899007,350333.31250000,16.19991875,0
1993.66942211,350310.75000000,16.21098328,0
1993.68985394,350322.43750000,16.20310783,0
1993.71028588,350271.53125000,16.20105743,0
1993.73071792,350357.37500000,16.18712044,0
1993.75114976,350437.18750000,16.17464828,0
1993.77158170,350429.81250000,16.16481209,0
1993.79201373,350370.40625000,16.14905167,0
1993.81244567,350389.43750000,16.13757133,0
1993.83287751,350421.87500000,16.12696838,0
1993.85330954,350349.21875000,16.10627747,0
1993.87374148,350420.28125000,16.08908272,0
1993.89417332,350505.21875000,16.08704185,0
1993.91460535,350527.75000000,16.07112312,0
1993.93503729,350416.62500000,16.06088066,0
1993.95546912,350537.75000000,16.04430962,0
1993.97590115,350602.68750000,16.01394463,0
1994.01676492,350278.90625000,16.23039818,0
1994.03719696,350235.53125000,16.21816063,0
1994.05762879,350233.53125000,16.20755959,0
1994.07806082,350372.93750000,16.19373322,0
1994.09849275,350210.81250000,16.17966843,0
1994.11892459,350360.09375000,16.16342545,0
1994.13935662,350331.18750000,16.15357018,0
1994.15978855,350374.00000000,16.14240265,0
1994.18022048,350289.28125000,16.12758064,0
1994.20065241,350380.81250000,16.10902977,0
1994.22108434,350386.03125000,16.08835602,0
1994.26194820,350178.90625000,16.27648926,0
1994.28238013,350115.75000000,16.26357269,0
1994.30281206,350231.53125000,16.24969292,0
1994.32324399,350238.96875000,16.23894119,0
1994.34367592,350124.56250000,16.23474121,0
1994.36410784,350175.65625000,16.22168922,0
1994.38453987,350237.06250000,16.20765114,0
1994.40497170,350165.25000000,16.19515991,0
1994.42540363,350165.34375000,16.17777061,0
1994.44583565,350239.28125000,16.16338730,0
1994.46626748,350295.21875000,16.15184402,0
1994.48669950,350296.25000000,16.13573456,0
1994.50713143,350336.40625000,16.12278366,0
1994.52756326,350295.28125000,16.10032463,0
1994.54799528,350295.87500000,16.07343864,0
1994.56842721,350344.78125000,16.06006432,0
1994.58885903,350421.12500000,16.04156494,0
1994.60929105,350376.28125000,16.02152634,0
1994.62972298,350322.12500000,15.98529148,0
1994.65015490,350286.50000000,15.95213413,0
1994.67058683,350152.93750000,15.90922070,0
1994.69101875,350090.37500000,15.85713291,0
1994.71145057,349913.56250000,15.77244759,0
1994.75231451,350302.87500000,16.12616158,0
1994.77274634,350249.31250000,16.11131477,0
1994.79317836,350280.00000000,16.09346390,0
1994.81361028,350380.25000000,16.06637383,0
1994.83404210,350314.03125000,16.04990578,0
1994.85447412,350351.15625000,16.03437424,0
1994.87490604,350419.18750000,16.00871277,0
1994.89533806,350409.15625000,15.97993755,0
1994.91576988,350360.40625000,15.94676590,0
1994.93620180,350321.68750000,15.89971161,0
1994.95663382,350196.46875000,15.83236980,0
1994.99749755,350170.87500000,16.18682289,0
1995.01792957,350137.62500000,16.15727425,0
1995.03836139,350192.53125000,16.17149162,0
1995.05879330,350204.93750000,16.15424919,0
1995.07922532,350194.93750000,16.14467239,0
1995.09965714,350281.37500000,16.13094139,0
1995.12008905,350292.46875000,16.11720085,0
1995.14052107,350421.03125000,16.08507156,0
1995.16095288,350345.18750000,16.07463646,0
1995.18138480,350290.87500000,16.05433655,0
1995.20181681,350356.90625000,16.03936768,0
1995.24268054,350147.65625000,16.24273872,0
1995.26311256,350215.40625000,16.23101425,0
1995.28354447,350176.75000000,16.22106934,0
1995.30397638,350211.21875000,16.21866226,0
1995.32440830,350134.06250000,16.21190834,0
1995.34484021,350153.37500000,16.20057869,0
1995.36527212,350184.46875000,16.19113350,0
1995.38570403,350177.56250000,16.17447281,0
1995.40613595,350091.50000000,16.15832138,0
1995.42656786,350243.50000000,16.14990234,0
1995.44699977,350198.84375000,16.13774109,0
1995.46743168,350219.46875000,16.12757301,0
1995.48786359,350298.78125000,16.11212730,0
1995.50829550,350296.09375000,16.09626770,0
1995.52872731,350254.40625000,16.06728745,0
1995.54915932,350287.87500000,16.04862213,262144
1995.56959123,350287.25000000,16.04031944,0
1995.59002314,350362.03125000,16.02211380,0
1995.61045504,350389.65625000,15.99015045,0
1995.63088695,350352.40625000,15.95351601,0
1995.65131886,350242.15625000,15.92138195,0
1995.67175077,350216.00000000,15.87644196,0
1995.69218268,350154.75000000,15.84106255,0
1995.73304659,350053.78125000,16.20510292,0
1995.75347840,349966.06250000,16.17272758,393216
1995.77391040,350091.53125000,16.16733742,0
1995.79434231,350050.81250000,16.16490555,0
1995.81477411,350076.68750000,16.15028381,0
1995.83520612,350108.09375000,16.13419342,0
1995.85563802,350173.43750000,16.11820030,0
1995.87606983,350135.15625000,16.09242821,0
1995.89650183,350223.78125000,16.08170891,0
1995.91693373,350162.81250000,16.06718826,0
1995.93736554,350326.56250000,16.05397224,0
1995.97822944,350030.56250000,16.25163078,0
1995.99866125,349937.65625000,16.24027061,0
1996.01909325,350039.50000000,16.23067284,0
1996.03952515,349966.87500000,16.22179031,0
1996.05995705,349994.87500000,16.20536804,0
1996.08038895,349984.25000000,16.20218658,0
1996.10082085,349944.15625000,16.18716049,0
1996.12125276,349974.34375000,16.17362785,0
1996.14168466,350017.31250000,16.15853882,0
1996.16211656,350127.50000000,16.14330292,0
1996.18254846,350057.78125000,16.13306999,0
1996.20298036,350097.50000000,16.11861610,0
1996.22341225,350128.40625000,16.10361862,0
1996.24384425,350268.71875000,16.09145737,0
1996.26427605,350225.06250000,16.07651711,0
1996.28470795,350235.09375000,16.05208397,0
1996.30513995,350250.81250000,16.02014542,0
1996.32557175,350288.31250000,15.99132156,0
1996.34600364,350026.84375000,15.93646526,0
1996.36643564,350061.09375000,15.89402962,0
1996.38686744,349946.15625000,15.84276962,0
1996.40729933,349733.21875000,15.75661087,0
1996.46859502,350134.59375000,16.12315369,0
1996.48902702,350053.84375000,16.07250595,0
1996.50945881,350215.15625000,16.06952667,0
1996.52989080,350226.96875000,16.04876328,0
1996.55032270,350171.15625000,16.02799034,0
1996.57075459,350144.62500000,15.99315834,0
1996.59118649,350031.96875000,15.94407177,0
1996.61161838,349999.21875000,15.92534637,0
1996.63205027,349895.87500000,15.85733223,0
1996.65248217,349695.78125000,15.79533958,0
1996.71377794,350024.53125000,16.16901779,0
1996.73420973,349948.21875000,16.14993858,0
1996.75464162,350060.28125000,16.14524078,0
1996.77507361,350200.03125000,16.15209198,0
1996.79550541,350124.96875000,16.13533974,0
1996.81593730,350123.12500000,16.11902237,0
1996.83636929,350215.00000000,16.09925461,0
1996.85680108,350207.28125000,16.08791733,0
1996.87723296,350206.53125000,16.07844925,0
1996.89766485,350146.96875000,16.05968094,0
1996.91809674,350165.65625000,16.04911995,0
1996.95896052,349994.40625000,16.20409393,0
1996.97939241,350073.93750000,16.19884682,0
1996.99982439,349933.25000000,16.18431854,0
1997.02025618,349964.59375000,16.18002510,0
1997.04068807,350010.65625000,16.16223907,0
1997.06112006,350169.68750000,16.16889000,0
1997.08155194,350007.00000000,16.15988541,16384
1997.10198373,350109.18750000,16.15252304,0
1997.12241571,350155.87500000,16.14614487,0
1997.14284760,350021.18750000,16.11343575,0
1997.16327938,350146.18750000,16.10969353,0
1997.20414325,350043.53125000,16.24355698,0
1997.22457504,350041.46875000,16.23721123,0
1997.24500702,350053.50000000,16.23214340,0
1997.26543891,349976.59375000,16.20636559,0
1997.28587069,350009.06250000,16.19544220,0
1997.30630267,350042.78125000,16.19969749,0
1997.32673455,349996.87500000,16.18625259,0
1997.34716654,350044.75000000,16.18442154,0
1997.36759832,350018.18750000,16.17454720,0
1997.38803020,350092.59375000,16.16579819,0
1997.40846218,350021.18750000,16.14303970,0
1997.42889396,350137.12500000,16.14336014,0
1997.44932584,350145.15625000,16.12697220,0
1997.46975783,350111.75000000,16.11279106,0
1997.49018961,350140.00000000,16.09947205,0
1997.51062149,350181.62500000,16.08846283,0
1997.53105347,350174.15625000,16.06122971,0
1997.55148534,350123.12500000,16.02882004,0
1997.57191712,350190.25000000,16.03436852,0
1997.59234910,350199.62500000,16.01568794,0
1997.61278088,350280.37500000,15.98941135,0
1997.63321276,350190.09375000,15.95153332,0
1997.65364474,350088.71875000,15.91041088,262144
1997.69450849,350092.84375000,16.20027542,0
1997.71494037,350080.00000000,16.18884659,0
1997.73537215,350039.15625000,16.16666412,8192
1997.75580412,350059.71875000,16.16264725,0
1997.77623600,350085.90625000,16.15026665,0
1997.79666778,350146.78125000,16.15091515,0
1997.81709975,350159.50000000,16.14309311,0
1997.83753163,350116.75000000,16.12874031,0
1997.85796340,350134.21875000,16.12453461,0
1997.87839538,350058.96875000,16.10834885,0
1997.89882725,350077.09375000,16.09421539,0
1997.93969100,350095.25000000,16.28516579,0
1997.96012287,350041.56250000,16.27800751,0
1997.98055475,349949.00000000,16.27122688,0
1998.00098662,349997.43750000,16.26639175,0
1998.02141849,349944.96875000,16.26354790,0
1998.04185036,349981.40625000,16.24909782,0
1998.06228234,350134.21875000,16.24534035,0
1998.08271411,350076.53125000,16.23554039,0
1998.10314608,350010.46875000,16.23040581,0
1998.12357795,350002.25000000,16.21770477,0
1998.14400972,349991.59375000,16.20808220,0
1998.16444169,350020.03125000,16.19260597,0
1998.18487356,350057.25000000,16.18223572,0
1998.20530533,350093.00000000,16.17424393,0
1998.22573730,350039.71875000,16.16373825,0
1998.24616917,350066.18750000,16.14896965,0
1998.26660094,350028.93750000,16.14070892,0
1998.28703291,350059.28125000,16.12557411,0
1998.30746478,350111.75000000,16.11349487,0
1998.32789655,350114.34375000,16.09522057,16384
1998.34832851,350125.37500000,16.08439827,0
1998.36876028,350238.25000000,16.06961823,0
1998.38919225,350252.93750000,16.05451775,0
1998.43005598,350057.31250000,16.23905945,0
1998.45048775,350063.15625000,16.25666809,0
1998.47091972,350134.75000000,16.25071526,0
1998.49135158,350091.03125000,16.23851585,0
1998.51178345,350073.93750000,16.21625519,0
1998.53221531,350133.87500000,16.21884727,0
1998.55264718,350106.12500000,16.19285393,0
1998.57307914,350113.50000000,16.18639946,0
1998.59351091,350110.09375000,16.16654587,0
1998.61394277,350220.09375000,16.14835167,0
1998.63437474,350103.75000000,16.12219048,0
1998.67523836,350193.15625000,16.26932716,0
1998.69567033,350232.62500000,16.26291847,8192
1998.71610209,350002.15625000,16.21733284,262144
1998.73653395,350038.75000000,16.23741150,262144
1998.75696592,350153.15625000,16.25189781,0
1998.77739768,350286.43750000,16.25313187,0
1998.79782954,350194.59375000,16.24661636,0
1998.81826150,350216.90625000,16.23615265,0
1998.83869326,350088.65625000,16.22374916,0
1998.85912512,350143.93750000,16.21855545,0
1998.87955708,350212.21875000,16.21007538,0
1998.89998894,350202.90625000,16.20349884,0
1998.92042080,350249.62500000,16.19098854,0
1998.94085266,350230.15625000,16.18542480,0
1998.96128452,350219.00000000,16.17586136,0
1998.98171638,350203.84375000,16.16460419,0
1999.00214824,350211.56250000,16.14747047,0
1999.02258010,350200.53125000,16.15250015,0
1999.04301206,350360.06250000,16.15418053,0
1999.06344382,350303.62500000,16.15160179,0
1999.08387567,350255.18750000,16.14765739,0
1999.10430753,350325.75000000,16.14103889,0
1999.12473939,350259.46875000,16.12741470,0
1999.16560310,350264.84375000,16.27026749,0
1999.18603496,350234.78125000,16.26461411,0
1999.20646671,350198.71875000,16.25841713,0
1999.22689867,350260.18750000,16.25591278,0
1999.24733053,350165.50000000,16.24722099,0
1999.26776248,350193.96875000,16.22160149,0
1999.28819424,350351.78125000,16.22057152,0
1999.30862609,350260.84375000,16.21644020,0
1999.32905804,350208.59375000,16.20249557,0
1999.34948980,350230.75000000,16.19232178,0
1999.36992165,350205.50000000,16.17531586,0
1999.39035361,350265.81250000,16.15697479,0
1999.41078546,350215.53125000,16.12394905,0
1999.43121721,350284.37500000,16.12324715,0
1999.45164917,350213.34375000,16.10569572,0
1999.47208102,350312.40625000,16.08740616,0
1999.49251277,350396.12500000,16.06767845,0
1999.51294472,350379.21875000,16.03860664,0
1999.53337657,350350.09375000,16.01165009,0
1999.55380832,350369.78125000,15.98067665,0
1999.57424028,350342.09375000,15.95667553,0
1999.59467213,350195.31250000,15.91842365,0
1999.61510388,350196.84375000,15.87045956,0
1999.65596768,350238.56250000,16.16469574,0
1999.67639963,350416.56250000,16.14715576,0
1999.69683138,350325.09375000,16.13544464,0
1999.71726323,350319.53125000,16.11695290,0
1999.73769517,350276.93750000,16.10382080,0
1999.75812692,350382.09375000,16.09408379,0
1999.77855877,350359.84375000,16.08523941,0
1999.79899072,350315.56250000,16.06647491,0
1999.81942247,350503.50000000,16.04795074,0
1999.83985431,350439.43750000,16.03302383,0
1999.86028616,350390.71875000,16.02572632,0
1999.90114985,350312.78125000,16.24887466,0
1999.92158170,350485.18750000,16.24559212,0
1999.94201355,350363.56250000,16.23759460,0
1999.96244539,350270.18750000,16.23209381,0
1999.98287734,350251.25000000,16.22669220,0
2000.00330908,350245.18750000,16.22113228,0
2000.02374103,350201.62500000,16.20816040,0
2000.04417287,350150.96875000,16.20281792,0
2000.06460462,350221.31250000,16.19519234,0
2000.08503656,350244.15625000,16.19211578,0
2000.10546841,350264.25000000,16.18214607,0
2000.12590015,350292.78125000,16.17127800,0
2000.14633209,350227.75000000,16.16211891,0
2000.16676394,350353.43750000,16.15939331,0
2000.18719568,350337.21875000,16.15347672,0
2000.20762762,350447.06250000,16.14827919,0
2000.22805946,350329.65625000,16.13642693,0
2000.24849131,350391.46875000,16.13058853,0
2000.26892315,350436.87500000,16.11056328,0
2000.28935499,350377.03125000,16.10310364,0
2000.30978683,350357.18750000,16.08371162,0
2000.33021867,350436.43750000,16.09372139,0
2000.35065051,350276.71875000,16.06460381,262144
2000.39151429,350441.09375000,16.29242134,0
2000.41194603,350373.25000000,16.28301239,0
2000.43237797,350477.87500000,16.27944946,0
2000.45280981,350400.71875000,16.27823067,0
2000.47324155,350185.87500000,16.26994133,0
2000.49367349,349884.18750000,16.25569725,0
2000.51410533,349885.43750000,16.24423599,0
2000.53453707,349950.62500000,16.24563980,0
2000.55496900,349960.00000000,16.24290657,0
2000.57540084,350196.18750000,16.23451042,0
2000.59583258,350260.65625000,16.22644234,0
2000.63669625,350439.28125000,16.22298622,0
2000.65712809,350369.25000000,16.21236229,0
2000.67756003,350328.90625000,16.20270538,0
2000.69799176,350340.12500000,16.19257927,0
2000.71842360,350406.93750000,16.18957138,0
2000.73885553,350418.06250000,16.18397331,0
2000.75928727,350364.46875000,16.17175293,0
2000.77971920,350450.25000000,16.17375565,0
2000.80015104,350343.78125000,16.16695213,0
2000.82058287,350435.93750000,16.14350510,0
2000.84101471,350369.53125000,16.12953758,0
2000.86144654,350260.28125000,16.12205696,0
2000.88187837,350439.06250000,16.14067268,0
2000.90231021,350407.03125000,16.12943840,0
2000.92274204,350431.25000000,16.12496376,0
2000.94317387,350455.78125000,16.11618614,16384
2000.96360581,350401.43750000,16.11083412,0
2000.98403754,350505.81250000,16.09761238,0
2001.00446937,350413.31250000,16.08191299,0
2001.02490130,350441.25000000,16.07829857,0
2001.04533304,350462.53125000,16.07063866,0
2001.06576487,350474.28125000,16.06187057,0
2001.08619680,350516.68750000,16.04264069,0
2001.12706036,350462.50000000,16.23923874,0
2001.14749229,350492.90625000,16.23322678,0
2001.16792402,350435.37500000,16.21879005,0
2001.18835595,350538.81250000,16.21764374,0
2001.20878778,350496.96875000,16.21407318,0
2001.22921961,350343.06250000,16.18691635,0
2001.24965144,350484.43750000,16.19717979,0
2001.27008317,350503.03125000,16.18051529,0
2001.29051509,350443.15625000,16.17901993,0
2001.31094692,350410.06250000,16.17250824,0
2001.33137875,350481.84375000,16.15699387,0
2001.35181048,350365.87500000,16.12910080,0
2001.37224240,350484.87500000,16.13328934,0
2001.39267423,350481.28125000,16.13026047,0
2001.41310596,350445.28125000,16.13062477,0
2001.43353789,350522.78125000,16.11827469,0
2001.45396971,350512.25000000,16.10117340,0
2001.47440144,350478.40625000,16.08890152,0
2001.49483336,350559.25000000,16.08213234,0
2001.51526519,350563.78125000,16.06831932,0
2001.53569711,350630.31250000,16.04688644,0
2001.55612884,350541.84375000,16.02082825,0
2001.57656066,350575.62500000,16.01212692,0
2001.61742431,350650.90625000,16.27345657,0
2001.63785614,350576.25000000,16.27115250,0
2001.65828806,350597.06250000,16.26005745,0
2001.67871978,350427.06250000,16.23847198,0
2001.69915161,350620.56250000,16.23844719,0
2001.71958353,350534.65625000,16.23308563,0
2001.74001525,350605.78125000,16.22309494,0
2001.76044708,350467.37500000,16.21128654,0
2001.78087900,350509.40625000,16.20504189,0
2001.80131082,350554.18750000,16.19792938,0
2001.82174254,350578.93750000,16.19218445,0
2001.84217446,350594.78125000,16.18066216,0
2001.86260628,350564.25000000,16.16678047,0
2001.88303821,350562.37500000,16.16364670,0
2001.90346993,350517.40625000,16.15623283,0
2001.92390175,350613.34375000,16.14505959,0
2001.94433367,350508.37500000,16.12297058,0
2001.96476539,350580.62500000,16.11062431,0
2001.98519721,350498.06250000,16.10094070,0
2002.00562903,350676.18750000,16.09180641,0
2002.02606085,350640.96875000,16.07635689,0
2002.04649266,350655.12500000,16.06734467,0
2002.06692448,350662.25000000,16.05786324,0
2002.10778802,350700.50000000,16.28516960,0
2002.12821994,350704.59375000,16.27161598,0
2002.14865176,350599.71875000,16.26734734,0
2002.16908357,350689.78125000,16.26250839,0
2002.18951539,350607.12500000,16.25112724,0
2002.20994721,350598.90625000,16.24712563,0
2002.23037912,350652.06250000,16.24133301,0
2002.25081084,350711.40625000,16.23613930,0
2002.27124266,350632.71875000,16.22081184,0
2002.29167457,350566.62500000,16.21261024,0
2002.31210639,350604.31250000,16.20750427,0
2002.33253810,350640.81250000,16.19246674,0
2002.35297002,350602.28125000,16.18229485,0
2002.37340183,350555.28125000,16.17552948,0
2002.39383355,350577.75000000,16.16324806,0
2002.41426546,350608.46875000,16.15577888,0
2002.43469728,350633.31250000,16.14619064,0
2002.45512899,350624.68750000,16.12821770,0
2002.47556090,350600.03125000,16.12024689,0
2002.49599272,350783.37500000,16.11566925,0
2002.51642443,350740.78125000,16.09446526,393216
2002.53685634,350669.68750000,16.08683777,0
2002.55728816,350800.78125000,16.06534386,0
2002.59815178,350696.25000000,16.18651772,0
2002.61858359,350618.71875000,16.18654633,16384
2002.63901550,350705.93750000,16.18200874,0
2002.65944721,350684.43750000,16.18359756,0
2002.67987903,350822.71875000,16.17127800,0
2002.70031094,350618.90625000,16.15819740,0
2002.72074265,350515.15625000,16.14455795,0
2002.74117446,350588.81250000,16.15591049,0
2002.76160627,350673.71875000,16.14699936,0
2002.78203808,350698.87500000,16.15399933,0
2002.80246989,350682.53125000,16.14493752,0
2002.82290180,350657.50000000,16.12919807,0
2002.84333351,350698.06250000,16.13094139,0
2002.86376532,350680.28125000,16.11985970,0
2002.88419722,350619.50000000,16.11135292,0
2002.90462893,350724.12500000,16.10620308,0
2002.92506074,350770.21875000,16.10077667,0
2002.94549265,350770.68750000,16.09242249,0
2002.96592436,350732.34375000,16.08343124,0
2002.98635626,350692.40625000,16.04901886,0
2003.00678807,350675.53125000,16.04109192,0
2003.02721978,350753.53125000,16.04495239,0
2003.04765168,350588.28125000,16.03034782,0
2003.08851520,350742.59375000,16.20786285,0
2003.10894710,350800.06250000,16.20143127,0
2003.12937891,350766.37500000,16.19774818,0
2003.14981071,350842.59375000,16.17937279,0
2003.17024252,350706.56250000,16.18297195,0
2003.19067433,350732.90625000,16.17564201,0
2003.21110613,350716.12500000,16.17173195,0
2003.23153793,350755.43750000,16.16392136,0
2003.25196974,350741.31250000,16.16314316,0
2003.27240154,350677.96875000,16.14241600,393216
2003.29283345,350662.62500000,16.13644028,0
2003.31326515,350688.87500000,16.13637352,0
2003.33369705,350664.31250000,16.13212776,0
2003.35412886,350728.53125000,16.12131310,0
2003.37456056,350674.34375000,16.11865425,0
2003.39499246,350566.50000000,16.09527588,0
2003.41542426,350766.53125000,16.10557747,0
2003.43585597,350713.81250000,16.09815407,0
2003.45628787,350764.68750000,16.08474350,0
2003.47671957,350753.18750000,16.07719994,0
2003.49715137,350726.12500000,16.06710052,0
2003.51758327,350682.34375000,16.01992989,0
2003.53801497,350692.03125000,16.03258705,0
2003.57887867,350825.56250000,16.20640373,0
2003.59931038,350797.53125000,16.20446587,0
2003.61974218,350798.15625000,16.19368172,0
2003.64017407,350774.37500000,16.19034386,0
2003.66060587,350769.00000000,16.18429184,0
2003.68103767,350798.53125000,16.17654037,0
2003.70146947,350694.59375000,16.16107750,0
2003.72190127,350666.81250000,16.15330315,0
2003.74233307,350788.18750000,16.15175247,0
2003.76276487,350770.96875000,16.15265656,0
2003.78319667,350696.53125000,16.14209747,0
2003.80362856,350765.43750000,16.12912369,0
2003.82406026,350698.81250000,16.11957741,0
2003.84449206,350698.90625000,16.11552048,0
2003.86492396,350466.59375000,16.10865974,0
2003.88535565,350453.37500000,16.09604073,0
2003.90578745,350523.93750000,16.09064102,0
2003.92621935,350451.62500000,16.07928085,0
2003.94665104,350490.31250000,16.07199287,0
2003.96708284,350538.25000000,16.05746269,0
2003.98751473,350657.81250000,16.04498863,0
2004.00794643,350710.65625000,16.02214622,0
2004.02837832,350732.00000000,16.01397705,0
2004.06924181,350767.65625000,16.21911430,0
2004.08967371,350760.34375000,16.20705605,0
2004.11010550,350829.50000000,16.19945526,0
2004.13053730,350743.37500000,16.18721199,0
2004.15096909,350713.71875000,16.19123077,0
2004.17140089,350712.18750000,16.18667221,0
2004.19183268,350740.90625000,16.17693710,0
2004.21226447,350827.37500000,16.16928864,0
2004.23269626,350767.09375000,16.15318680,0
2004.25312796,350714.28125000,16.15045166,0
2004.27355985,350763.65625000,16.14477539,262144
2004.29399164,350680.71875000,16.12594986,262144
2004.31442333,350718.59375000,16.11979485,0
2004.33485523,350659.62500000,16.10180283,0
2004.35528702,350757.43750000,16.09584236,0
2004.37571891,350727.78125000,16.08420372,0
2004.39615060,350908.53125000,16.07316780,0
2004.41658239,350728.37500000,16.04506302,0
2004.43701428,350774.84375000,16.03359604,0
2004.45744597,350681.00000000,16.01449013,0
2004.47787776,350684.03125000,15.97949505,0
2004.49830965,350527.34375000,15.93254375,0
2004.51874134,350377.03125000,15.87713623,0
2004.55960502,350801.25000000,16.16861916,0
2004.58003671,350840.68750000,16.16537666,0
2004.60046850,350753.93750000,16.16000748,0
2004.62090039,350854.62500000,16.14636421,0
2004.64133217,350704.34375000,16.14536476,0
2004.66176386,350843.78125000,16.14075851,0
2004.68219575,350711.12500000,16.12988663,0
2004.70262754,350652.40625000,16.10449409,0
2004.72305933,350667.71875000,16.11054993,0
2004.74349111,350823.15625000,16.11667824,0
2004.76392290,350742.03125000,16.10964394,0
2004.80478647,351079.12500000,16.22274780,0
2004.82521826,350978.40625000,16.21055031,0
2004.84565004,350879.40625000,16.21891594,0
2004.86608183,350930.68750000,16.21504021,0
2004.88651362,350945.03125000,16.20986366,0
2004.90694540,350973.37500000,16.20165253,8192
2004.92737719,350931.00000000,16.20345116,0
2004.94780897,350913.12500000,16.18655396,0
2004.96824076,350798.25000000,16.18529892,0
2004.98867254,350898.12500000,16.18234634,0
2005.00910432,350896.40625000,16.18354988,0
2005.02953611,350910.84375000,16.17851067,0
2005.04996789,350881.43750000,16.16758347,0
2005.07039978,350791.96875000,16.15137672,0
2005.09083146,350917.53125000,16.16243744,0
2005.11126324,350730.84375000,16.15668488,0
2005.13169513,350869.50000000,16.14674950,0
2005.15212691,350876.62500000,16.14195633,0
2005.17255859,350803.21875000,16.13717079,0
2005.19299047,350747.28125000,16.10466003,0
2005.21342225,350757.12500000,16.12348938,0
2005.23385394,350789.25000000,16.11775970,0
2005.25428582,350767.43750000,16.11799431,0
2005.29514928,350894.90625000,16.17775345,0
2005.31558116,350868.09375000,16.17309380,0
2005.33601294,350870.15625000,16.16927719,0
2005.35644462,350823.37500000,16.16688156,0
2005.37687650,350754.21875000,16.15948486,0
2005.39730828,350758.21875000,16.14404488,0
2005.41774016,350662.03125000,16.14525604,0
2005.43817184,350753.50000000,16.14517975,0
2005.45860362,350833.59375000,16.13858032,0
2005.47903550,350847.15625000,16.13456345,0
2005.49946718,350806.50000000,16.11906052,0
2005.51989896,350824.81250000,16.12490082,0
2005.54033084,350798.50000000,16.11603165,393216
2005.56076251,350745.65625000,16.11574554,0
2005.58119429,350738.93750000,16.10428047,0
2005.60162617,350772.75000000,16.10088539,0
2005.62205785,350749.71875000,16.09363174,0
2005.64248963,350778.96875000,16.08098602,0
2005.66292140,350702.34375000,16.07685471,0
2005.68335318,350705.40625000,16.05573845,0
2005.70378496,350868.09375000,16.06232262,0
2005.72421683,350733.09375000,16.04906654,0
2005.74464851,350712.43750000,16.03576851,0
2005.78551216,350949.93750000,16.22497368,0
2005.80594384,350974.75000000,16.21785355,0
2005.82637571,350931.90625000,16.21355820,0
2005.84680749,350887.37500000,16.21047783,0
2005.86723916,350773.93750000,16.20137596,0
2005.88767104,350901.71875000,16.20303154,0
2005.90810281,350848.90625000,16.19314384,0
2005.92853449,350853.03125000,16.18023491,0
2005.94896636,350829.65625000,16.18369484,0
2005.96939813,350747.71875000,16.17909241,0
2005.98982991,350805.96875000,16.17185783,0
2006.01026168,350731.09375000,16.15503883,0
2006.03069345,350789.46875000,16.16008568,0
2006.05112523,350898.03125000,16.16055679,0
2006.07155700,350841.96875000,16.14909172,0
2006.09198877,350796.12500000,16.15218735,0
2006.11242064,350684.90625000,16.14029694,0
2006.13285232,350701.28125000,16.12335396,0
2006.15328409,350818.84375000,16.13210106,0
2006.17371596,350711.84375000,16.12614822,0
2006.19414773,350750.00000000,16.12014771,0
2006.21457940,350757.62500000,16.10622597,0
2006.23501127,350681.28125000,16.10859108,0
2006.25544304,350761.81250000,16.09491539,0
2006.27587472,350623.71875000,16.09384155,0
2006.29630659,350806.12500000,16.09027863,0
2006.31673836,350637.09375000,16.07721710,0
2006.33717003,350683.87500000,16.06679535,262144
2006.35760190,350741.71875000,16.06373787,0
2006.37803357,350627.21875000,16.02466202,0
2006.39846533,350623.15625000,16.03322411,0
2006.41889720,350705.25000000,16.01531219,0
2006.43932887,350667.06250000,15.98736668,0
2006.45976074,350474.93750000,15.95176125,0
2006.48019251,350414.43750000,15.92105865,0
2006.52105605,350889.18750000,16.20547867,0
2006.54148781,350861.28125000,16.19655228,0
2006.56191958,350855.87500000,16.18568611,262144
2006.58235135,350972.78125000,16.18463898,0
2006.60278312,350856.68750000,16.17094040,0
2006.62321488,350770.21875000,16.17096329,0
2006.64364675,350715.18750000,16.15426445,0
2006.66407842,350675.40625000,16.13966560,0
2006.68451018,350679.06250000,16.13684464,0
2006.70494205,350711.12500000,16.14129829,0
2006.72537372,350832.40625000,16.13664055,0
2006.74580548,350779.40625000,16.13047218,0
2006.76623735,350798.81250000,16.12211609,0
2006.78666901,350832.53125000,16.11676788,0
2006.80710088,350695.71875000,16.09215164,0
2006.82753264,350683.56250000,16.09811974,0
2006.84796431,350679.12500000,16.09510994,0
2006.86839617,350750.59375000,16.08405113,0
2006.88882794,350782.50000000,16.07302094,0
2006.90925960,350624.90625000,16.05817032,0
2006.92969147,350629.90625000,16.04883003,0
2006.95012323,350746.75000000,16.02590179,0
2006.97055489,350597.50000000,16.02149391,0
2007.01141852,350979.50000000,16.20266342,0
2007.03185028,350784.87500000,16.18901062,0
2007.05228204,350834.43750000,16.18868065,0
2007.07271381,350879.00000000,16.18047142,0
2007.09314557,350847.31250000,16.17382050,0
2007.11357733,350825.50000000,16.17538834,8192
2007.13400909,350703.96875000,16.14768219,0
2007.15444086,350721.68750000,16.13864899,0
2007.17487262,350818.37500000,16.15451813,0
2007.19530438,350739.00000000,16.15215683,0
2007.21573624,350822.40625000,16.14411163,0
2007.23616790,350810.59375000,16.14133453,0
2007.25659966,350786.84375000,16.13367081,0
2007.27703152,350803.93750000,16.12626839,0
2007.29746318,350806.37500000,16.12275887,0
2007.31789494,350734.71875000,16.11305237,0
2007.33832680,350707.43750000,16.09641647,0
2007.35875846,350638.62500000,16.09508705,0
2007.37919022,350678.12500000,16.08107758,0
2007.39962208,350697.81250000,16.09230232,0
2007.42005374,350784.65625000,16.07493591,0
2007.44048560,350716.68750000,16.07834816,0
2007.46091736,350681.25000000,16.05342674,0
2007.50178087,351016.12500000,16.22706032,0
2007.52221263,350956.53125000,16.22729874,0
2007.54264439,350836.78125000,16.21212959,0
2007.56307615,350982.75000000,16.21022797,0
2007.58350790,350899.62500000,16.20533180,0
2007.60393966,350904.53125000,16.20498657,0
2007.62437152,350767.25000000,16.19092369,0
2007.64480318,350878.50000000,16.18770981,0
2007.66523493,350900.53125000,16.19159126,0
2007.68566679,350769.53125000,16.18368149,0
2007.70609844,350791.34375000,16.16980553,0
2007.72653020,350718.50000000,16.16890717,0
2007.74696196,350771.65625000,16.16320229,0
2007.76739371,350806.62500000,16.15430832,0
2007.78782557,350692.53125000,16.15826988,0
2007.80825732,350775.37500000,16.15078163,0
2007.82868898,350720.03125000,16.14389420,0
2007.84912083,350734.12500000,16.13797760,393216
2007.86955249,350740.90625000,16.12233543,0
2007.88998424,350770.81250000,16.12150574,0
2007.91041610,350768.40625000,16.11695671,0
2007.93084775,350755.03125000,16.11106873,393216
2007.95127950,350672.40625000,16.09772682,0
2007.97171136,350705.18750000,16.09738350,0
2007.99214301,350771.75000000,16.09315872,0
2008.01257477,350622.40625000,16.07809639,0
2008.03300662,350624.09375000,16.07433319,0
2008.05343837,350634.37500000,16.08550644,0
2008.07387002,350666.18750000,16.05527115,0
2008.09430188,350636.87500000,16.05562592,0
2008.11473363,350706.84375000,16.04901695,0
2008.13516538,350636.43750000,16.03064728,0
2008.15559713,350567.56250000,16.01310539,0
2008.17602888,350584.87500000,15.99845028,0
2008.19646074,350488.62500000,15.98225975,0
2008.23732414,350897.40625000,16.21489143,0
2008.25775599,350790.90625000,16.20896721,0
2008.27818764,350877.93750000,16.20475006,0
2008.29861939,350840.68750000,16.19767189,0
2008.31905124,350831.68750000,16.18857002,0
2008.33948289,350744.56250000,16.18558502,0
2008.35991464,350755.37500000,16.17013741,0
2008.38034649,350803.53125000,16.17229080,0
2008.40077814,350685.09375000,16.16698456,0
2008.42120989,350691.25000000,16.15062714,0
2008.44164174,350684.28125000,16.15568542,0
2008.50293689,351026.53125000,16.19671249,0
2008.52336874,350850.62500000,16.19922256,0
2008.54380048,350827.15625000,16.19669342,0
2008.56423223,350933.84375000,16.18690300,0
2008.58466388,350828.50000000,16.18511772,0
2008.60509573,350808.09375000,16.18491936,0
2008.62552747,350846.03125000,16.17743301,0
2008.64595912,350778.34375000,16.17418098,0
2008.66639097,350854.81250000,16.16984177,0
2008.68682272,350786.12500000,16.15546608,0
2008.70725436,350670.37500000,16.14385796,0
2008.72768621,350694.56250000,16.15020180,0
2008.74811796,350570.75000000,16.11285210,0
2008.76854980,350791.43750000,16.15232277,0
2008.78898145,350717.96875000,16.14207649,0
2008.80941319,350737.62500000,16.14072227,0
2008.82984504,350702.62500000,16.13255692,0
2008.85027669,350684.78125000,16.13254547,0
2008.87070843,350768.37500000,16.11360168,0
2008.89114028,350734.34375000,16.10546875,0
2008.91157192,350809.84375000,16.10927963,0
2008.93200367,350726.06250000,16.10217094,0
2008.95243551,350615.00000000,16.09168434,0
2008.97286715,350695.78125000,16.08986282,0
2008.99329890,350579.43750000,16.05425072,0
2009.01373074,350544.40625000,16.05838013,0
2009.03416249,350599.34375000,16.06964302,0
2009.05459413,350786.56250000,16.06743240,0
2009.07502597,350577.46875000,16.05291748,0
2009.09545772,350645.40625000,16.04634666,0
2009.11588946,350645.81250000,16.03466415,0
2009.13632120,350662.46875000,16.03920937,0
2009.15675295,350620.96875000,16.03241158,0
2009.17718479,350537.62500000,16.01806450,0
2009.21804817,350821.34375000,16.19962311,0
2009.23847991,350861.15625000,16.17333794,0
2009.25891166,350757.65625000,16.18584442,0
2009.27934330,350826.25000000,16.17337608,0
2009.29977514,350769.75000000,16.17463112,0
2009.32020688,350726.28125000,16.17396355,0
2009.34063852,350852.28125000,16.16836929,0
2009.36107036,350826.00000000,16.16502380,0
2009.38150210,350668.53125000,16.15716553,0
2009.40193394,350820.12500000,16.15680122,0
2009.42236558,350808.93750000,16.15445518,0
2009.44279732,350694.96875000,16.14791489,0
2009.46322916,350751.96875000,16.13991356,0
2009.48366080,350662.31250000,16.12825394,0
2009.50409254,350667.50000000,16.12359428,0
2009.52452438,350774.90625000,16.12923241,0
2009.54495612,350715.46875000,16.12297058,0
2009.56538776,350678.56250000,16.12083054,0
2009.58581960,350682.81250000,16.11032677,0
2009.60625134,350766.81250000,16.10824966,0
2009.62668298,350740.75000000,16.10728264,0
2009.64711481,350558.37500000,16.09580612,0
2009.66754655,350573.28125000,16.09369087,0
2009.68797819,350533.96875000,16.08657074,0
2009.70841003,350543.62500000,16.08773804,0
2009.72884177,350667.93750000,16.08230972,0
2009.74927360,350707.81250000,16.06847572,0
2009.76970524,350513.15625000,16.06316376,0
2009.79013698,350623.75000000,16.06239700,0
2009.81056881,350519.59375000,16.05303574,0
2009.83100045,350634.00000000,16.05184174,0
2009.85143219,350604.93750000,16.04139900,0
2009.87186392,350636.03125000,16.03973961,0
2009.89229566,350546.25000000,16.01760483,0
2009.91272740,350589.06250000,16.02279854,0
2009.95359087,350973.03125000,16.22563171,0
2009.97402260,350893.28125000,16.22207451,0
2009.99445434,350913.62500000,16.22077560,0
2010.01488607,350851.53125000,16.20690346,0
2010.03531781,350911.78125000,16.20828819,0
2010.05574954,350878.15625000,16.20857620,0
2010.07618128,350850.03125000,16.20311165,0
2010.09661311,350830.78125000,16.20273018,0
2010.11704485,350895.50000000,16.19371414,0
2010.13747648,350757.06250000,16.19178772,0
2010.15790832,350796.84375000,16.18338966,0
2010.17834005,350794.00000000,16.17327499,0
2010.19877168,350784.09375000,16.17304230,0
2010.21920352,350801.93750000,16.17153549,0
2010.23963525,350809.37500000,16.16796684,0
2010.26006688,350731.37500000,16.15642929,0
2010.28049871,350685.37500000,16.15704918,0
2010.30093045,350781.37500000,16.15696716,0
2010.32136208,350773.00000000,16.14999390,0
2010.34179391,350693.90625000,16.14312363,0
2010.36222564,350752.78125000,16.14221573,0
2010.38265748,350715.06250000,16.12658882,0
2010.40308911,350636.81250000,16.11870003,0
2010.44395267,350793.93750000,16.18337631,0
2010.46438430,350907.12500000,16.18493843,0
2010.48481603,350865.62500000,16.17988205,0
2010.50524786,350786.25000000,16.17803192,0
2010.52567960,350912.46875000,16.16909218,0
2010.54611123,350547.78125000,16.16443634,0
2010.56654306,350208.06250000,16.15428734,0
2010.58697479,350201.21875000,16.13938713,0
2010.60740642,350255.12500000,16.13371658,0
2010.62783825,350487.34375000,16.13200378,0
2010.64826998,350780.03125000,16.15563583,0
2010.66870161,350868.15625000,16.15338898,0
2010.68913344,350733.56250000,16.15110397,0
2010.70956507,350770.15625000,16.14665222,0
2010.72999689,350817.62500000,16.14084244,0
2010.75042862,350762.50000000,16.13799667,0
2010.77086025,350783.53125000,16.12918091,0
2010.79129208,350746.12500000,16.12634659,0
2010.81172381,350805.87500000,16.12015152,0
2010.83215544,350688.65625000,16.12149048,0
2010.85258727,350711.15625000,16.11772537,0
2010.87301899,350495.84375000,16.08720779,0
2010.89345062,350613.75000000,16.09749031,0
2010.91388245,350718.65625000,16.10822105,0
2010.93431418,350601.21875000,16.10650063,0
2010.95474590,350711.53125000,16.10443306,0
2010.97517763,350675.53125000,16.09707642,0
2010.99560936,350612.28125000,16.08378029,0
2011.01604118,350662.06250000,16.08808708,0
2011.03647291,350635.43750000,16.08583069,0
2011.05690454,350677.81250000,16.07594681,0
2011.07733636,350656.93750000,16.07066727,0
2011.09776809,350687.93750000,16.06546402,0
2011.11819972,350554.53125000,16.05669212,0
2011.13863154,350573.18750000,16.05753899,0
2011.17949489,350702.43750000,16.12836838,0
2011.19992672,350673.81250000,16.11742210,0
2011.22035844,350725.37500000,16.10950470,0
2011.24079007,350556.21875000,16.10010338,0
2011.26122189,350668.00000000,16.09781075,0
2011.28165362,350578.93750000,16.09288025,0
2011.30208524,350652.37500000,16.08259010,0
2011.32251707,350715.15625000,16.07584763,0
2011.34294879,350493.40625000,16.06113052,0
2011.36338051,350488.96875000,16.06800652,0
2011.38381224,350610.25000000,16.05776215,0
2011.42467569,350904.84375000,16.23810005,0
2011.44510741,350884.81250000,16.23344231,0
2011.46553913,350869.34375000,16.23067665,0
2011.48597085,350992.03125000,16.22729111,0
2011.50640258,350964.59375000,16.21956825,0
2011.52683430,350987.03125000,16.20833206,0
2011.54726612,350870.46875000,16.20403290,0
2011.56769774,350852.59375000,16.20184135,0
2011.58812947,350987.75000000,16.20045662,0
2011.60856129,350913.00000000,16.19623947,0
2011.62899291,350910.40625000,16.19496155,0
2011.64942473,350812.03125000,16.17235565,0
2011.66985645,350751.75000000,16.18098068,0
2011.69028808,350793.53125000,16.17795563,262144
2011.71071990,350798.53125000,16.17588615,0
2011.73115162,350662.87500000,16.16529083,0
2011.75158324,350728.56250000,16.16393661,0
2011.77201506,350570.81250000,16.16102028,0
2011.79244678,350714.09375000,16.15536690,262144
2011.81287840,350701.93750000,16.14858437,0
2011.83331022,350737.06250000,16.15101051,0
2011.85374194,350724.31250000,16.14559937,0
2011.87417366,350713.37500000,16.13977051,0
2011.89460538,350634.15625000,16.13421631,0
2011.91503710,350698.90625000,16.13338089,0
2011.93546892,350624.56250000,16.12180138,0
2011.95590054,350654.34375000,16.12050629,0
2011.97633226,350664.28125000,16.10824013,0
2011.99676408,350646.18750000,16.10551643,0
2012.01719580,350590.87500000,16.10643196,0
2012.03762742,350608.96875000,16.09617043,0
2012.05805923,350577.59375000,16.08697319,0
2012.07849085,350642.50000000,16.08270264,0
2012.09892257,350668.84375000,16.08854294,0
2012.11935439,350600.03125000,16.07640266,0
2012.13978601,350588.59375000,16.06486702,0
2012.16021772,350483.40625000,16.04939651,0
2012.18064954,350605.90625000,16.06135750,0
2012.20108116,350545.59375000,16.05296135,0
2012.22151288,350587.81250000,16.04583931,0
2012.24194469,350478.06250000,16.03513718,0
2012.26237631,350533.90625000,16.02385139,0
2012.28280813,350430.65625000,16.00459099,0
2012.30323984,350425.56250000,15.99586010,0
2012.32367146,350415.28125000,15.98800850,0
2012.34410328,350390.81250000,15.98517323,0
2012.36453499,350314.87500000,15.95887470,0
2012.40539843,350659.28125000,16.14861298,0
2012.42583014,350762.28125000,16.15013885,0
2012.44626186,350745.81250000,16.14240837,0
2012.46669357,350624.53125000,16.13852310,0
2012.48712529,350694.34375000,16.12779617,0
2012.50755700,350682.18750000,16.12599373,0
2012.52798872,350611.81250000,16.12248993,0
2012.54842043,350699.65625000,16.11628342,0
2012.56885225,350708.37500000,16.09907150,0
2012.58928396,350611.15625000,16.10433388,0
2012.60971558,350593.75000000,16.09911919,0
2012.63014739,350553.06250000,16.09125519,0
2012.65057911,350436.62500000,16.03421021,0
2012.67101072,350540.50000000,16.07950401,0
2012.69144253,350625.90625000,16.07776642,0
2012.71187425,350569.03125000,16.07195091,0
2012.73230586,350643.09375000,16.06705856,0
2012.75273767,350632.65625000,16.05647659,0
2012.77316939,350432.75000000,16.04591560,0
2012.79360100,350493.78125000,16.04549217,0
2012.81403281,350394.03125000,16.04013443,0
2012.83446453,350530.59375000,16.03606796,393216
2012.85489624,350495.62500000,16.03531647,262144
2012.89575956,350825.34375000,16.21880722,0
2012.91619138,350918.56250000,16.22257614,262144
2012.93662309,350864.03125000,16.20930290,0
2012.95705480,350940.87500000,16.20991707,0
2012.97748651,350923.68750000,16.20837593,8192
2012.99791822,350880.75000000,16.19495964,0
2013.01834994,350833.31250000,16.19848251,0
2013.03878165,350923.56250000,16.19149399,0
2013.05921336,350852.84375000,16.19200897,0
2013.07964507,350822.56250000,16.18728828,0
2013.10007688,350790.56250000,16.17620659,0
2013.12050849,350621.90625000,16.14887047,0
2013.14094030,350747.59375000,16.17316437,8192
2013.16137201,350901.65625000,16.17172623,0
2013.18180362,350736.46875000,16.16292191,0
2013.20223543,350766.21875000,16.16253662,0
2013.22266714,350761.81250000,16.16470337,0
2013.24309875,350804.56250000,16.15459251,0
2013.26353056,350718.34375000,16.15640640,0
2013.28396227,350586.18750000,16.13414574,0
2013.30439388,350711.00000000,16.14619827,0
2013.32482569,350681.31250000,16.14470100,0
2013.34525740,350680.96875000,16.13991547,0
2013.36568901,350660.96875000,16.13367081,0
2013.38612082,350578.03125000,16.12539291,0
2013.40655253,350655.00000000,16.11931801,0
2013.42698424,350677.93750000,16.11498260,0
2013.44741594,350579.12500000,16.11457253,0
2013.46784765,350653.53125000,16.10499191,0
2013.48827936,350550.71875000,16.10338402,0
2013.50871107,350608.75000000,16.09022522,0
2013.52914278,350686.68750000,16.09080887,262144
2013.54957448,350570.03125000,16.06949425,0
2013.57000619,350633.50000000,16.07316589,0
2013.59043790,350441.93750000,16.05906296,0
2013.61086971,350470.46875000,16.05776024,0
2013.63130131,350320.25000000,16.04193306,0
2013.65173302,350453.90625000,16.04233932,0
2013.67216483,350449.34375000,16.02803993,0
2013.69259643,350412.25000000,16.02131844,0
2013.71302814,350404.68750000,16.00527000,0
2013.73345995,350352.28125000,15.99764252,0
2013.75389155,350320.71875000,15.99670315,0
2013.77432336,350215.56250000,15.97382069,0
2013.79475507,350222.87500000,15.97499275,0
2013.81518667,350291.18750000,15.96448135,0
2013.83561848,350171.12500000,15.95224190,0
2013.87648179,350792.90625000,16.21509552,0
2013.89691360,350754.31250000,16.21440125,0
2013.91734530,350864.06250000,16.20980263,0
2013.93777701,350811.68750000,16.20898628,0
2013.95820871,350806.93750000,16.20080757,0
2013.97864042,350790.90625000,16.20493889,0
2013.99907212,350703.25000000,16.19043350,0
2014.01950382,350798.90625000,16.18936920,0
2014.03993553,350857.53125000,16.19580841,0
2014.06036733,350670.93750000,16.18081665,0
2014.08079904,350743.25000000,16.17233276,0
2014.10123064,350678.37500000,16.17903709,0
2014.12166245,350740.81250000,16.18391609,0
2014.14209415,350680.21875000,16.18118095,0
2014.16252575,350628.62500000,16.16713905,0
2014.18295756,350654.50000000,16.16442871,0
2014.20338926,350752.59375000,16.15574646,0
2014.22382086,350749.59375000,16.15753174,0
2014.24425267,350683.68750000,16.15106010,0
2014.26468427,350706.93750000,16.15824509,0
2014.28511597,350653.40625000,16.15934181,0
2014.30554778,350561.62500000,16.14030075,0
2014.32597938,350638.12500000,16.15495300,0
2014.34641118,350639.25000000,16.14444351,0
2014.36684288,350579.43750000,16.14410591,0
2014.38727448,350495.00000000,16.13461304,0
2014.40770629,350636.00000000,16.13504601,0
2014.42813799,350543.78125000,16.12752151,0
2014.44856969,350480.31250000,16.10960388,0
2014.46900139,350386.59375000,16.10490036,0
2014.48943309,350488.25000000,16.11479759,0
2014.50986479,350537.18750000,16.10985374,0
2014.53029650,350502.59375000,16.09727097,0
2014.55072820,350466.62500000,16.09510422,0
2014.57115990,350578.75000000,16.08724785,0
2014.59159170,350413.90625000,16.06727409,0
2014.61202330,350491.25000000,16.05078125,0
2014.63245510,350499.12500000,16.03358269,0
2014.65288680,350484.25000000,16.04060364,0
2014.67331840,350409.65625000,16.03688240,0
2014.69375020,350426.56250000,16.03869629,0
2014.71418190,350393.78125000,16.02979851,0
2014.73461350,350474.28125000,16.00952911,262144
2014.75504530,350400.40625000,15.99681091,262144
2014.77547700,350406.12500000,16.00562477,262144
2014.79590860,350281.56250000,15.96830654,262144
2014.81634040,350132.84375000,15.97619724,0
2014.85720370,350710.50000000,16.17250252,0
2014.87763550,350627.43750000,16.19504929,0
2014.89806720,350778.75000000,16.18235588,0
2014.91849890,350713.71875000,16.17485237,0
2014.93893059,350634.53125000,16.17951393,0
2014.95936229,350611.90625000,16.15841675,0
2017.86066291,350684.00000000,16.13840103,0
2017.88109469,350734.25000000,16.15713501,0
2017.90152627,350775.03125000,16.15806770,0
2017.92195796,350677.18750000,16.15622711,0
2017.94238974,350710.62500000,16.14361763,0
2017.96282132,350703.75000000,16.14182663,0
2017.98325300,350650.53125000,16.14305115,0
2018.00368478,350795.81250000,16.13368034,0
2018.02411637,350739.15625000,16.11463737,0
2018.04454805,350559.71875000,16.13116837,0
2018.06497983,350586.90625000,16.12448502,0
2018.08541141,350613.75000000,16.10493469,262144
2018.10584319,350358.34375000,16.10503960,0
2018.12627487,350579.34375000,16.11004448,0
2018.14670656,350550.31250000,16.10900307,0
2018.16713824,350474.34375000,16.11171532,0
2018.18756992,350499.68750000,16.10375023,0
2018.20800160,350475.65625000,16.09371567,262144
2018.22843328,350373.62500000,16.08315277,262144
2018.24886496,350459.03125000,16.10108757,0
2018.26929664,350360.40625000,16.08694077,0
2018.28972842,350340.75000000,16.08090591,0
2018.31016000,350504.12500000,16.08335114,0
2018.33059168,350252.75000000,16.06678200,0
2018.35102346,350330.43750000,16.07044983,0
2018.37145504,350223.50000000,16.06650925,0
2018.39188682,350276.78125000,16.07297325,0
2018.41231851,350363.78125000,16.06643867,0
2018.43275009,350181.40625000,16.06076813,0
2018.45318187,350307.78125000,16.06152153,0
2018.47361355,350227.87500000,16.06355476,0
2018.49404513,350319.09375000,16.06213760,0
2018.51447690,350277.68750000,16.04765701,0
2018.53490848,350304.12500000,16.05304146,0
2018.55534016,350119.78125000,16.04270554,0
2018.57577194,350158.00000000,16.05000687,0
2018.59620352,350152.15625000,16.04792404,0
2018.61663530,350230.68750000,16.04585266,0
2018.63706698,350156.78125000,16.04522896,0
2018.65749866,350222.31250000,16.03346825,0
2018.67793034,350162.50000000,16.02641869,0
2018.69836202,350102.68750000,16.02149200,0
2018.71879370,350038.50000000,16.01281166,0
2018.73922538,350126.03125000,16.00922966,0
2018.78008873,350533.00000000,16.14552879,0
2018.80052051,350594.06250000,16.14032173,0
2018.82095209,350618.65625000,16.13434982,0
2018.84138387,350496.40625000,16.11338043,0
2018.86181555,350610.43750000,16.12337685,0
2018.88224712,350448.96875000,16.11244202,0
2018.90267890,350488.40625000,16.10669327,0
2018.92311058,350342.90625000,16.10827065,8192
2018.94354216,350354.62500000,16.09952164,0
2018.96397394,350454.34375000,16.09025383,0
2018.98440561,350414.81250000,16.08898544,0
2019.00483719,350237.03125000,16.07809830,0
2019.02526897,350273.09375000,16.07986832,0
2019.04570065,350328.62500000,16.06674957,0
2019.06613222,350340.00000000,16.07408142,0
2019.08656400,350284.12500000,16.07875061,0
2019.10699568,350305.40625000,16.08379745,0
2019.12742735,350325.87500000,16.08269691,0
2019.14785903,350356.15625000,16.08077812,0
2019.16829071,350222.28125000,16.08599854,0
2019.18872239,350292.62500000,16.07632446,0
2019.20915406,350267.84375000,16.07276535,262144
2019.22958574,350220.00000000,16.07489204,262144
2019.25001742,350294.12500000,16.07484436,0
2019.27044909,350269.59375000,16.07464027,0
2019.29088077,350235.06250000,16.08015060,0
2019.31131245,350293.15625000,16.07673836,0
2019.33174412,350364.68750000,16.08309555,0
2019.35217590,350393.00000000,16.09460449,0
2019.37260757,350452.75000000,16.10410690,0
2019.39303915,350316.18750000,16.10096931,0
2019.41347093,350376.75000000,16.11170197,0
2019.43390260,350423.71875000,16.10563087,0
2019.45433418,350385.06250000,16.10149765,0
2019.47476595,350458.71875000,16.10571480,0
2019.49519763,350362.43750000,16.09791946,0
2019.51562920,350333.00000000,16.09469986,0
2019.53606098,350437.37500000,16.10483742,0
2019.55649265,350416.34375000,16.10169792,0
2019.57692423,350400.56250000,16.10580063,0
2019.59735601,350275.75000000,16.10682297,0
2019.61778768,350284.53125000,16.09530067,0
2019.63821946,350371.15625000,16.09144974,0
2019.65865103,350354.25000000,16.08576393,0
2019.67908271,350195.62500000,16.07542610,0
2019.69951448,350317.78125000,16.07654572,0
2019.71994605,350236.40625000,16.06700706,0
2019.76080950,350560.90625000,16.16647720,0
2019.78124118,350642.65625000,16.15974808,0
2019.80167275,350703.65625000,16.16943550,262144
2019.82210453,350663.71875000,16.17121887,0
2019.84253620,350643.59375000,16.16110802,0
2019.86296788,350630.68750000,16.16596794,0
2019.88339955,350526.28125000,16.16028976,0
2019.90383112,350637.81250000,16.15743828,0
2019.92426290,350542.87500000,16.15531158,0
2019.94469457,350642.81250000,16.15608406,0
2019.96512615,350675.25000000,16.14775085,0
2019.98555792,350653.71875000,16.15623093,0
2020.00598959,350503.87500000,16.12076378,0
2020.02642117,350463.18750000,16.14557076,0
2020.04685294,350455.09375000,16.13309860,0
2020.06728461,350525.43750000,16.14344597,393216
2020.08771619,350521.25000000,16.14713287,0
2020.10814796,350482.31250000,16.13518333,262144
2020.12857963,350546.65625000,16.13791275,0
2020.14901141,350392.87500000,16.12827873,0
2020.16944298,350446.56250000,16.14770699,0
2020.18987465,350545.75000000,16.13637543,0
2020.21030643,350511.75000000,16.12571907,0
2020.23073800,350521.71875000,16.13316727,0
2020.25116967,350469.87500000,16.11851883,0
2020.27160144,350357.18750000,16.11816216,0
2020.29203312,350431.93750000,16.12484169,0
2020.31246469,350492.34375000,16.12598991,0
2020.33289646,350536.40625000,16.12876701,0
2020.35332813,350471.71875000,16.13276100,0
2020.37375981,350439.31250000,16.12035179,0
2020.39419148,350496.65625000,16.12079239,0
2020.41462315,350422.46875000,16.12740707,0
2020.43505492,350459.78125000,16.11721039,0
2020.45548649,350393.37500000,16.11377335,0
2020.47591817,350409.28125000,16.10533905,0
2020.49634984,350277.00000000,16.09813118,0
2020.51678151,350346.53125000,16.11616707,0
2020.53721318,350425.96875000,16.12649345,0
2020.55764485,350396.15625000,16.11590767,0
2020.57807653,350429.87500000,16.10545921,0
2020.59850820,350045.90625000,16.10605240,0
2020.61893987,349867.87500000,16.10020065,0
2020.63937154,349844.06250000,16.09848213,0
2020.65980331,349871.90625000,16.09525681,0
2020.68023488,350040.87500000,16.10503387,0
2020.70066655,350339.12500000,16.12329674,0
2020.72109833,350424.12500000,16.12239265,0
2020.74152990,350378.59375000,16.11694145,0
2020.76196157,350266.37500000,16.10321236,0
2020.78239334,350342.71875000,16.11079788,0
2020.80282501,350335.40625000,16.11271477,0
2020.82325658,350281.87500000,16.11209297,0
2020.84368835,350272.28125000,16.11220741,0
2020.86412002,350479.25000000,16.11593819,0
2020.88455169,350410.68750000,16.11379623,0
2020.90498336,350433.06250000,16.11154556,0
2020.92541503,350247.34375000,16.10540581,0
2020.94584670,350226.96875000,16.10590363,0
2020.96627837,350242.81250000,16.09604454,0
2020.98671004,350238.06250000,16.10219574,0
2021.00714181,350174.21875000,16.10140800,0
2021.02757338,350362.87500000,16.11000061,262144
2021.04800505,350370.87500000,16.08338928,0
2021.06843682,350307.62500000,16.10841370,0
2021.08886839,350277.31250000,16.09737968,0
2021.10930006,350284.59375000,16.10008621,0
2021.12973183,350265.50000000,16.10036659,0
2021.15016340,350290.21875000,16.10219765,0
2021.17059517,350221.62500000,16.10108948,0
2021.19102684,350290.06250000,16.09392929,0
2021.21145841,350334.68750000,16.10007095,0
2021.23189018,350312.21875000,16.09413147,0
2021.25232185,350313.50000000,16.09851837,262144
2021.27275342,350296.46875000,16.10919189,0
2021.29318519,350289.87500000,16.10883331,0
2021.31361676,350414.84375000,16.10306168,0
2021.33404843,350426.31250000,16.10237312,0
2021.35448020,350298.34375000,16.09359550,0
2021.37491187,350320.56250000,16.09884262,0
2021.39534354,350305.03125000,16.10825539,0
2021.41577520,350322.40625000,16.10582542,0
2021.43620687,350348.18750000,16.10905457,0
2021.45663854,350372.78125000,16.10710144,262144
2021.47707021,350333.62500000,16.10827065,0
2021.49750188,350320.93750000,16.11261368,0
2021.51793365,350412.78125000,16.10969353,0
2021.53836522,350437.75000000,16.12152672,0
2021.55879689,350421.40625000,16.11937714,0
2021.57922865,350381.87500000,16.11761856,0
2021.59966022,350447.25000000,16.12495995,0
2021.62009199,350487.59375000,16.12551308,0
2021.64052366,350517.75000000,16.12826920,0
2021.66095523,350528.96875000,16.14159393,0
2021.68138700,350444.12500000,16.13382339,0
2021.72225023,350401.59375000,16.12254524,0
2021.74268200,350430.87500000,16.12142563,0
2021.76311367,350460.81250000,16.12073517,0
2021.78354524,350496.71875000,16.12669563,0
2021.80397700,350369.06250000,16.12644958,0
2021.82440867,350326.53125000,16.12146378,0
2021.84484034,350294.59375000,16.12582016,0
2021.86527201,350344.28125000,16.12139893,262144
2021.88570367,350491.53125000,16.14331245,0
2021.90613534,350420.71875000,16.14299774,0
2021.92656701,350461.31250000,16.14721680,0
2021.94699868,350526.84375000,16.12638092,0
2021.96743034,350376.18750000,16.12874985,0
2021.98786201,350415.87500000,16.15336800,0
2022.00829368,350666.25000000,16.15872192,0
2022.02872545,350567.90625000,16.16129684,0
2022.04915701,350582.84375000,16.16168594,0
2022.06958868,350529.90625000,16.15652084,0
2022.09002045,350428.12500000,16.15286827,0
2022.11045201,350586.93750000,16.17710876,0
2022.13088378,350645.68750000,16.17925644,0
2022.15131545,350643.18750000,16.17408943,0
2022.17174701,350518.56250000,16.18426704,0
2022.19217878,350602.09375000,16.17889023,0
2022.21261045,350693.59375000,16.19489288,0
2022.23304201,350631.87500000,16.19497871,0
2022.25347378,350673.75000000,16.19653511,0
2022.27390545,350670.65625000,16.19990540,0
2022.29433701,350666.81250000,16.19653320,0
2022.31476878,350593.78125000,16.20400620,0
2022.33520045,350604.93750000,16.21735764,0
2022.35563221,350568.15625000,16.21991539,0
2022.37606378,350571.37500000,16.22630310,0
2022.39649545,350520.65625000,16.22492599,0
2022.41692721,350659.06250000,16.23018837,0
2022.45779044,350261.56250000,16.06486702,0
2022.47822221,350096.84375000,16.06732178,0
2022.49865388,350197.93750000,16.07000160,0
2022.51908544,350250.93750000,16.07575035,0
2022.53951721,350392.62500000,16.09017372,0
2022.55994887,350363.43750000,16.09600830,0
2022.58038044,350285.18750000,16.09817696,0
2022.60081221,350288.96875000,16.09024811,0
2022.62124387,350305.03125000,16.11093712,0
2022.64167554,350421.78125000,16.12478447,0
2022.66210720,350514.40625000,16.13359642,0
2022.68253877,350454.56250000,16.13197708,0
2022.70297053,350441.12500000,16.14420509,0
2022.72340220,350483.68750000,16.15001488,0
2022.74383376,350479.43750000,16.16121292,0
2022.76426553,350476.12500000,16.16503906,0
2022.78469720,350595.84375000,16.17041397,0
2022.80512876,350563.59375000,16.17690659,0
2022.82556053,350613.28125000,16.17792320,0
2022.84599219,350584.18750000,16.18859673,0
2022.86642396,350557.00000000,16.19887924,0
2022.88685552,350545.18750000,16.20306206,0
2022.90728719,350637.78125000,16.20058823,0
2022.92771895,350477.75000000,16.21535492,0
2022.94815052,350503.06250000,16.22344398,0
2022.96858218,350513.96875000,16.22731781,0
2022.98901395,350531.28125000,16.22621918,0
2023.00944561,350690.96875000,16.22036362,0
2023.02987718,350388.40625000,16.24246979,0
2023.05030894,350541.65625000,16.25396919,262144
2023.07074061,350578.78125000,16.25307274,0
2023.09117227,350456.28125000,16.25286102,0
2023.11160393,350530.00000000,16.26739120,262144
2023.13203560,350634.15625000,16.27115822,0
2023.15246736,350497.71875000,16.28398323,0
2023.19333059,350450.25000000,16.18226051,0
2023.21376236,350584.71875000,16.19336891,0
2023.23419392,350486.06250000,16.20437431,262144
2023.25462559,350484.40625000,16.20374107,0
2023.27505735,350557.59375000,16.21358490,0
2023.29548891,350454.71875000,16.22583199,262144
2023.31592058,350578.31250000,16.23431587,0
2023.33635234,350374.09375000,16.24240685,262144
2023.35678391,350548.09375000,16.24999237,0
2023.37721567,350678.59375000,16.25888443,0
2023.39764723,350421.40625000,16.26929283,0
2023.43851066,350543.15625000,16.22457886,0
2023.45894223,350500.21875000,16.23277092,0
2023.47937389,350471.25000000,16.24438667,0
2023.49980565,350557.00000000,16.25630188,0
2023.52023732,350500.78125000,16.25946808,0
2023.54066888,350540.00000000,16.26614571,0
2023.56110064,350552.93750000,16.28168488,0
2023.58153231,350684.15625000,16.28257751,0
2023.60196397,350442.78125000,16.29850388,0
2023.62239564,350659.62500000,16.29965210,0
2023.64282730,350825.40625000,16.28444481,0
2023.70412229,350321.65625000,16.09207535,0
2023.72455405,350333.18750000,16.11001396,0
2023.74498562,350402.31250000,16.10102654,0
2023.76541728,350494.09375000,16.12041283,0
2023.78584904,350512.56250000,16.12915802,0
2023.80628061,350431.28125000,16.13588905,0
2023.82671237,350315.62500000,16.13828278,0
2023.84714403,350475.03125000,16.13467979,0
2023.86757560,350580.03125000,16.16591644,0
2023.88800736,350566.09375000,16.17540550,0
2023.90843902,350552.56250000,16.17658234,262144
2023.92887058,350545.81250000,16.18242264,0
2023.94930235,350491.06250000,16.19525719,0
2023.96973401,350591.00000000,16.20759010,0
2023.99016567,350501.90625000,16.21293640,0
2024.01059734,350583.34375000,16.21324539,0
2024.03102900,350486.25000000,16.22734451,0
2024.05146066,350351.28125000,16.22673416,0
2024.07189232,350422.06250000,16.22957230,0
2024.09232399,350485.15625000,16.25007629,0
2024.11275565,350486.53125000,16.25756645,0
2024.13318731,350425.56250000,16.26439476,0
2024.17405064,350524.90625000,16.18628120,0
2024.19448230,350451.90625000,16.19976425,0
2024.21491396,350678.28125000,16.20919800,262144
2024.23534573,350477.65625000,16.21666718,0
2024.25577729,350491.21875000,16.22340584,0
2024.27620905,350504.78125000,16.22180176,262144
2024.29664071,350513.96875000,16.22057724,0
2024.31707227,350498.84375000,16.24345398,0
2024.33750404,350444.75000000,16.25436974,0
2024.35793570,350474.34375000,16.27039528,0
2024.37836726,350478.96875000,16.27143669,0
2024.41923069,350544.25000000,16.19583130,0
2024.43966225,350412.09375000,16.21285629,0
2024.46009401,350553.84375000,16.21363831,0
2024.48052567,350462.28125000,16.21812439,0
2024.50095743,350307.37500000,16.22710991,0
2024.52138900,350434.12500000,16.24748802,0
2024.54182066,350422.90625000,16.25526619,0
2024.56225242,350524.87500000,16.26168633,0
2024.58268398,350568.18750000,16.25657272,0
2024.60311564,350379.53125000,16.27859497,0
2024.62354741,350365.59375000,16.28434181,0
2024.66441063,350560.00000000,16.17436981,0
2024.68484239,350577.21875000,16.18315887,0
2024.70527405,350423.68750000,16.19455910,0
2024.72570572,350477.46875000,16.21056366,0
2024.74613738,350518.25000000,16.21537399,0
2024.76656894,350495.90625000,16.22438622,0
2024.78700070,350406.71875000,16.23595238,262144
2024.80743236,350415.96875000,16.24982452,0
2024.82786392,350384.03125000,16.24552345,0
2024.84829569,350425.59375000,16.24891281,0
2024.86872735,350386.15625000,16.27300262,0
2024.90959067,350427.18750000,16.16468048,0
2024.93002233,350463.65625000,16.17449951,0
2024.95045409,350469.03125000,16.19265175,0
2024.97088565,350498.56250000,16.19970703,0
2024.99131732,350421.09375000,16.20513344,0
2025.01174908,350476.43750000,16.22999001,0
2025.03218064,350437.18750000,16.24323273,0
2025.05261230,350558.93750000,16.23654175,0
2025.07304406,350325.09375000,16.25841904,0
2025.09347562,350514.71875000,16.26899338,0
2025.11390728,350666.56250000,16.28318596,0
2025.15477071,350491.43750000,16.19488335,0
2025.17520237,350501.90625000,16.20860291,0
2025.19563403,350356.93750000,16.20622635,0
2025.21606569,350526.84375000,16.22934151,0
2025.23649735,350508.18750000,16.24053574,0
2025.25692901,350413.75000000,16.24407005,0
2025.27736067,350421.78125000,16.26444244,0
2025.29779243,350543.43750000,16.27270126,0
2025.31822400,350468.65625000,16.28447723,0
2025.33865566,350605.03125000,16.28397751,0
2025.35908742,350860.75000000,16.30458069,0
2025.39995074,350288.34375000,16.23597908,0
2025.42038230,350506.34375000,16.25580788,0
2025.44081396,350405.81250000,16.26952744,0
2025.46124572,350511.34375000,16.28085327,0
2025.48167728,350559.50000000,16.29096985,0
2025.50210894,350622.40625000,16.29862213,262144
2025.52254070,350818.12500000,16.30235481,0
2025.54297227,351065.15625000,16.28297424,0
2025.68599399,350547.37500000,16.18503952,262144
2025.70642565,350493.78125000,16.20041275,0
2025.72685731,350580.87500000,16.20313263,0
2025.74728897,350478.28125000,16.19296455,0
2025.76772063,350480.21875000,16.23081589,0
2025.78815229,350455.56250000,16.22636414,0
2025.80858395,350555.96875000,16.24192238,0
2025.82901562,350500.18750000,16.22659492,0
2025.84944738,350511.03125000,16.25763702,262144
2025.89031060,350527.28125000,16.15487289,0
2025.91074236,350599.25000000,16.17178726,0
2025.93117402,350541.65625000,16.18175507,0
2025.95160558,350595.09375000,16.18011475,0
2025.97203734,350578.50000000,16.20190811,0
2025.99246900,350615.12500000,16.21233940,0
2026.01290056,350522.34375000,16.21461868,0
2026.03333232,350432.31250000,16.23387337,0
2026.05376398,350497.78125000,16.22903252,0
2026.07419564,350447.65625000,16.23874092,0
2026.09462730,350473.93750000,16.26426315,0
2026.13549062,350349.37500000,16.08278465,0
2026.15592228,350504.09375000,16.09956741,0
2026.17635384,350490.84375000,16.10213280,0
2026.19678560,350507.25000000,16.12265015,0
2026.21721726,350570.78125000,16.13608551,0
2026.23764892,350664.31250000,16.14538574,0
2026.25808058,350639.46875000,16.15210533,0
2026.27851224,350540.34375000,16.15024757,0
2026.29894400,350583.21875000,16.17837143,0
2026.31937556,350498.96875000,16.17839432,0
2026.33980722,350616.00000000,16.20364952,0
2026.38067065,350119.00000000,16.03357315,0
2026.40110221,350209.93750000,16.04031372,262144
2026.42153397,350317.25000000,16.06358337,262144
2026.44196563,350422.31250000,16.07291603,262144
2026.46239719,350412.78125000,16.08504295,0
2026.48282895,350472.21875000,16.10581207,0
2026.50326061,350502.65625000,16.10778999,0
2026.52369237,350586.68750000,16.12645340,0
2026.54412393,350674.50000000,16.14166641,8192
2026.56455559,350562.28125000,16.16319466,0
2026.58498735,350618.81250000,16.15039062,0
2026.60541891,350677.15625000,16.17719841,0
2026.62585057,350419.31250000,16.19510078,0
2026.64628233,350670.68750000,16.20427322,0
2026.66671389,350509.15625000,16.20901680,0
2026.68714555,350544.87500000,16.22820473,0
2026.70757731,350453.56250000,16.23319054,0
2026.72800887,350524.31250000,16.25500679,0
2026.74844063,350606.50000000,16.25920486,0
2026.76887229,350476.15625000,16.27012062,0
2026.78930385,350573.21875000,16.28364372,0
2026.80973561,350609.34375000,16.30072594,262144
2026.83016717,350706.37500000,16.30074883,0
2026.87103059,350632.65625000,16.22150040,262144
2026.89146215,350596.65625000,16.23172951,0
2026.91189381,350455.93750000,16.23929596,0
2026.93232557,350501.65625000,16.25780106,393216
2026.95275723,350664.46875000,16.26550484,393216
2026.97318889,350551.68750000,16.27525902,0
2026.99362055,350550.96875000,16.28726006,0
2027.01405221,350620.21875000,16.30437660,262144
2027.03448397,351260.43750000,16.26622391,0
2027.05491553,350827.15625000,16.29446983,393216
2027.11621051,350605.21875000,16.22020340,0
2027.13664217,350549.56250000,16.23126793,393216
2027.15707393,350563.78125000,16.23923874,0
2027.17750549,350518.56250000,16.26135826,0
2027.19793725,350560.71875000,16.26839828,0
2027.21836891,350533.81250000,16.28532791,0
2027.23880047,350575.78125000,16.30048943,0
2027.25923223,350805.28125000,16.29640007,0
2027.27966389,350929.00000000,16.30230331,0
2027.36139063,350431.62500000,16.07563019,0
2027.38182219,350364.65625000,16.08257103,0
2027.40225385,350407.71875000,16.09204102,0
2027.42268561,350526.40625000,16.12126350,0
2027.44311717,350664.43750000,16.12783051,0
2027.46354883,350673.25000000,16.14293098,0
2027.48398049,350575.50000000,16.16601944,0
2027.50441225,350556.71875000,16.17851257,0
2027.52484381,350655.37500000,16.18907356,0
2027.54527557,350612.18750000,16.20738792,0
2027.56570713,350540.50000000,16.22118568,0
2027.60657055,350575.00000000,16.14496613,0
2027.62700211,350653.12500000,16.14954567,0
2027.64743387,350617.25000000,16.15366173,0
2027.66786553,350651.06250000,16.17322350,0
2027.68829709,350702.43750000,16.17251778,0
2027.70872885,350635.84375000,16.18897247,0
2027.72916050,350669.06250000,16.19176483,0
2027.74959206,350559.59375000,16.19311142,0
2027.77002382,350516.40625000,16.21251106,0
2027.79045548,350654.65625000,16.21690750,0
2027.81088724,350471.00000000,16.21914482,0
2027.85175046,350077.87500000,15.99748707,0
2027.87218222,350207.06250000,16.00897980,0
2027.89261378,350326.03125000,16.03348732,0
2027.91304544,350369.96875000,16.04196930,0
2027.93347720,350277.43750000,16.04794693,0
2027.95390876,350502.31250000,16.05023766,0
2027.97434042,350322.00000000,16.05420494,0
2027.99477218,350440.84375000,16.07541275,0
2028.01520384,350586.50000000,16.10247993,0
2028.03563550,350594.50000000,16.11172295,262144
2028.05606716,350570.43750000,16.11420631,0
2028.07649882,350594.78125000,16.13280869,0
2028.09693048,350616.03125000,16.14222717,0
2028.17865712,350484.90625000,16.18891716,0
2028.19908878,350633.93750000,16.21569252,0
2028.21952045,350609.84375000,16.22180939,0
2028.23995211,350681.87500000,16.24121094,0
2028.26038387,350449.18750000,16.25069427,0
2028.28081543,350722.28125000,16.24304771,0
2028.30124709,350615.87500000,16.26974487,0
2028.34211041,350696.03125000,16.13515282,0
2028.36254207,350837.46875000,16.15020943,0
2028.38297383,350678.46875000,16.16205406,0
2028.40340539,350699.46875000,16.17632484,0
2028.42383715,350649.09375000,16.19721603,0
2028.44426881,350618.00000000,16.20330620,0
2028.46470037,350640.37500000,16.21494293,0
2028.48513213,350681.59375000,16.21177292,0
2028.50556379,350725.40625000,16.23577499,0
2028.52599535,350437.96875000,16.24951553,0
2028.54642711,350394.68750000,16.25924683,0
2028.58729043,350134.75000000,16.08311844,0
2028.60772209,350339.68750000,16.09760094,0
2028.62815375,350461.75000000,16.11862946,0
2028.64858551,350688.12500000,16.14410591,262144
2028.66901707,350711.53125000,16.15431023,262144
2028.68944873,350777.09375000,16.17617416,0
2028.70988049,350765.50000000,16.18219566,0
2028.73031215,350783.15625000,16.19951820,16384
2028.75074371,350765.34375000,16.19893646,0
2028.77117547,350706.21875000,16.21644402,0
2028.79160713,350624.93750000,16.23283577,0
2028.83247045,350042.43750000,15.98780251,0
2028.85290211,350196.75000000,16.01086998,0
2028.87333377,350282.28125000,16.02612114,0
2028.89376543,350326.37500000,16.04625893,0
2028.91419699,350515.06250000,16.06469727,0
2028.93462875,350414.50000000,16.08233070,0
2028.95506041,350685.53125000,16.09963417,0
2028.97549198,350636.28125000,16.11281776,0
2028.99592374,350765.68750000,16.12117195,0
2029.01635540,350592.00000000,16.14130592,0
2029.03678696,350695.71875000,16.15978622,0
2029.05721872,350824.50000000,16.16977310,0
2029.07765038,350721.00000000,16.17958260,0
2029.09808214,350746.56250000,16.19587898,0
2029.11851370,350747.12500000,16.21840096,0
2029.13894536,350848.96875000,16.22250748,0
2029.15937712,350673.59375000,16.23484421,0
2029.17980868,350794.84375000,16.25597382,0
2029.20024034,350887.28125000,16.26296234,0
2029.22067210,350763.18750000,16.27423668,0
2029.24110376,350790.31250000,16.29584885,0
2029.26153542,351063.37500000,16.30121994,0
2029.28196708,350901.93750000,16.30899429,0
2029.32283041,350830.25000000,16.12539482,0
2029.34326207,350685.12500000,16.14916992,0
2029.36369373,350739.15625000,16.15565491,0
2029.38412549,350877.71875000,16.18048286,0
2029.40455705,350729.50000000,16.19284439,0
2029.42498871,350765.84375000,16.20988655,0
2029.44542047,350758.96875000,16.22861099,0
2029.46585203,350725.40625000,16.23663902,0
2029.48628379,350692.50000000,16.24988365,0
2029.50671545,350784.71875000,16.26602554,0
2029.52714702,350867.71875000,16.28137016,8192
2029.56801034,350632.53125000,16.08806992,0
2029.58844200,350638.56250000,16.10015106,0
2029.60887376,350857.75000000,16.11736107,0
2029.62930532,350775.50000000,16.11415863,0
2029.64973698,350750.50000000,16.12210464,0
2029.67016874,350756.87500000,16.13759422,0
2029.69060030,350872.09375000,16.14171028,0
2029.71103207,350662.71875000,16.16475868,0
2029.73146373,350807.93750000,16.17428970,0
2029.75189539,350826.84375000,16.18373299,0
2029.77232705,350670.06250000,16.20011711,0
2029.81319037,350706.90625000,16.07744598,0
2029.83362203,350657.78125000,16.11229324,0
2029.85405369,350751.40625000,16.12226677,0
2029.87448546,350835.40625000,16.13838959,0
2029.89491712,350787.00000000,16.14666939,0
2029.91534868,350659.75000000,16.12786865,0
2029.93578044,350711.21875000,16.16955185,0
2029.95621210,350797.25000000,16.18117905,0
2029.97664366,350729.71875000,16.22335243,0
2029.99707542,350736.90625000,16.22714806,393216
2030.01750709,350732.53125000,16.23988914,0
2030.05837041,350352.53125000,16.03193855,0
2030.07880207,350468.18750000,16.06121254,0
2030.09923383,350514.40625000,16.07225609,0
2030.11966539,350515.28125000,16.09277344,0
2030.14009706,350527.15625000,16.07790756,0
2030.16052882,350500.81250000,16.08942795,0
2030.18096038,350715.93750000,16.12641716,0
2030.20139204,350756.75000000,16.13585854,0
2030.22182370,350718.96875000,16.15160942,262144
2030.24225537,350706.84375000,16.16470528,0
2030.26268703,350817.87500000,16.17358589,0
2030.28311869,350799.56250000,16.19438553,0
2030.30355035,350753.84375000,16.19785881,0
2030.32398211,350822.31250000,16.20588684,393216
2030.34441368,350757.03125000,16.21952248,0
2030.36484534,350861.43750000,16.22651100,393216
2030.38527710,350706.75000000,16.24186325,0
2030.40570876,350622.87500000,16.24706841,0
2030.42614032,350786.62500000,16.25499344,0
2030.44657209,350722.06250000,16.26696205,0
2030.46700375,350857.21875000,16.27629280,262144
2030.48743541,350839.65625000,16.28763390,262144
2030.50786707,350734.50000000,16.29013252,262144
2030.54873040,350818.96875000,16.19767380,0
2030.56916206,350747.31250000,16.21058655,0
2030.58959372,350752.71875000,16.22307587,0
2030.61002548,350765.65625000,16.23725128,0
2030.63045705,350600.37500000,16.24397659,0
2030.65088871,350335.84375000,16.25382996,0
2030.67132047,350289.56250000,16.25715828,0
2030.69175203,350139.59375000,16.25754166,0
2030.71218380,350266.59375000,16.28368187,0
2030.73261546,350509.93750000,16.29921150,0
2030.75304702,350926.90625000,16.31421661,0
2030.79391045,350722.81250000,16.16042328,0
2030.81434201,350742.65625000,16.17225456,0
2030.83477377,350847.87500000,16.18704796,0
2030.85520544,350775.28125000,16.20429993,0
2030.87563710,350792.40625000,16.21153641,0
2030.89606876,350738.53125000,16.22700882,0
2030.91650042,350804.34375000,16.23534393,0
2030.93693209,350740.31250000,16.24848938,0
2030.95736375,351124.65625000,16.25313759,0
2030.97779541,350718.81250000,16.27274513,0
2030.99822708,350742.71875000,16.28512383,262144
2031.03909040,350558.06250000,16.10196495,0
2031.05952217,350657.21875000,16.12211609,0
2031.07995373,350749.43750000,16.13366890,0
2031.10038549,350844.62500000,16.15624619,0
2031.12081716,350751.56250000,16.16294670,0
2031.14124872,350791.65625000,16.18595505,0
2031.16168048,350832.81250000,16.20576668,0
2031.18211215,350720.71875000,16.20830727,0
2031.20254371,350759.90625000,16.22930336,0
2031.22297547,350782.62500000,16.24358368,0
2031.24340714,350701.90625000,16.25569534,0
2031.28427046,350634.96875000,16.09054184,0
2031.30470213,350566.00000000,16.11186790,0
2031.32513389,350650.00000000,16.12526321,0
2031.34556545,350785.59375000,16.13800621,0
2031.36599712,350758.09375000,16.15054893,0
2031.38642888,350791.62500000,16.16752815,0
2031.40686045,350695.40625000,16.18997574,0
2031.42729211,350732.06250000,16.20242119,0
2031.44772387,350809.28125000,16.21715546,0
2031.46815544,350873.81250000,16.23171806,0
2031.48858720,350723.37500000,16.24868774,0
2031.52945053,350814.59375000,16.16730118,0
2031.54988219,350817.96875000,16.18595123,393216
2031.57031386,350790.06250000,16.19058990,0
2031.59074542,350782.28125000,16.20264244,0
2031.61117719,350849.12500000,16.20998764,0
2031.63160885,350758.50000000,16.21751022,0
2031.65204041,350689.31250000,16.21752548,0
2031.67247218,350939.71875000,16.23527336,0
2031.69290384,350739.56250000,16.23433304,0
2031.71333551,350609.71875000,16.26569176,0
2031.73376717,350730.75000000,16.27372360,0
2031.77463060,350624.34375000,16.13253784,0
2031.79506217,350650.09375000,16.14534569,262144
2031.81549383,350726.62500000,16.15746498,0
2031.83592560,350712.93750000,16.16341019,0
2031.85635716,350754.25000000,16.18117142,0
2031.87678892,350900.53125000,16.17746353,0
2031.89722059,350754.71875000,16.19680405,0
2031.91765215,350619.78125000,16.21026421,0
2031.93808392,350720.46875000,16.20393562,0
2031.95851558,350663.93750000,16.22396851,0
2031.97894715,350653.90625000,16.23518944,0
2032.01981058,350479.15625000,16.08282661,0
2032.04024225,350513.62500000,16.09036636,0
2032.06067391,350574.93750000,16.11540985,0
2032.08110558,350577.84375000,16.12361908,0
2032.10153734,350539.09375000,16.14595795,0
2032.12196891,350734.34375000,16.14760399,0
2032.14240057,350698.87500000,16.15889931,0
2032.16283234,350740.59375000,16.17789268,0
2032.18326390,350734.59375000,16.18462753,0
2032.20369557,350673.53125000,16.19190407,0
2032.22412733,350548.03125000,16.21335602,0
2032.26499066,350213.43750000,16.01602364,0
2032.28542233,350256.87500000,16.03102875,0
2032.30585390,350332.43750000,16.06114388,0
2032.32628566,350328.62500000,16.06783485,0
2032.34671733,350455.18750000,16.08102226,0
2032.36714889,350584.65625000,16.10330391,0
2032.38758066,350610.31250000,16.12217522,0
2032.40801233,350781.56250000,16.13903427,0
2032.42844389,350584.87500000,16.12488174,0
2032.44887566,350656.31250000,16.16027451,0
2032.46930732,350700.40625000,16.17846680,0
2032.48973909,350698.34375000,16.18911171,0
2032.51017066,350704.50000000,16.21039772,0
2032.53060232,350638.25000000,16.21702194,0
2032.55103409,350566.15625000,16.23103333,0
2032.57146566,350632.06250000,16.24178123,0
2032.59189732,350676.84375000,16.25419807,0
2032.61232909,350459.46875000,16.25721359,0
2032.63276066,350570.50000000,16.28211021,0
2032.65319242,350674.50000000,16.28779411,0
2032.67362409,350622.12500000,16.29875755,0
2032.69405566,350662.15625000,16.30009270,0
2032.71448742,351019.00000000,16.30972672,0
2032.75535076,350588.93750000,16.17383957,0
2032.77578242,350752.40625000,16.19054413,0
2032.79621409,350634.50000000,16.20702744,0
2032.81664576,350614.96875000,16.21441650,0
2032.83707742,350556.06250000,16.22656631,0
2032.85750909,350570.65625000,16.24215317,0
2032.87794076,350553.46875000,16.25495148,0
2032.89837253,350613.62500000,16.26350784,0
2032.91880409,350572.25000000,16.28414154,0
2032.93923586,350600.37500000,16.29409981,0
2032.95966743,350716.09375000,16.30331993,0
2033.00053086,350587.46875000,16.21750259,0
2033.02096243,350542.68750000,16.23016930,0
2033.04139420,350612.65625000,16.24909401,0
2033.06182587,350591.25000000,16.26177406,0
2033.08225743,350615.21875000,16.27180481,0
2033.10268920,350619.96875000,16.29234123,0
2033.12312087,350523.50000000,16.29978180,0
2033.14355244,350597.06250000,16.30233192,0
2033.16398421,350944.43750000,16.30825806,0
2033.18441587,350932.75000000,16.29451180,0
2033.24571088,350538.65625000,16.21590996,0
2033.26614265,350573.68750000,16.23245811,0
2033.28657422,350757.90625000,16.23952866,0
2033.30700588,350523.84375000,16.25914001,0
2033.32743765,350603.56250000,16.27048874,0
2033.34786922,350493.18750000,16.28112221,0
2033.36830089,350655.56250000,16.30279160,0
2033.38873266,350670.03125000,16.30606079,0
2033.40916433,350975.81250000,16.30387497,262144
2033.42959600,351113.71875000,16.27490044,0
2033.49089100,350449.90625000,16.12088203,0
2033.51132267,350579.96875000,16.13359261,0
2033.53175434,350556.62500000,16.13880157,0
2033.55218611,350680.18750000,16.15129280,0
2033.57261768,350589.34375000,16.15885162,0
2033.59304945,350644.18750000,16.17398453,0
2033.61348102,350583.06250000,16.18040657,0
2033.63391269,350617.56250000,16.18820953,0
2033.65434446,350607.96875000,16.19829369,0
2033.67477603,350567.31250000,16.20777512,0
2033.69520770,350501.37500000,16.20585823,0
2033.73607104,350568.31250000,16.15779686,0
2033.75650271,350572.43750000,16.17341232,0
2033.77693448,350533.18750000,16.18551064,0
2033.79736605,350586.25000000,16.19740868,0
2033.81779782,350587.06250000,16.20660210,0
2033.83822949,350499.53125000,16.21067238,0
2033.85866106,350496.06250000,16.23096275,0
2033.87909283,350580.56250000,16.24443626,0
2033.89952450,350455.31250000,16.25731087,0
2033.91995617,350484.68750000,16.26301765,0
2033.94038784,350461.31250000,16.26711845,0
2033.98125128,350524.40625000,16.21911812,0
2034.00168285,350488.50000000,16.22435760,0
2034.02211452,350555.78125000,16.24078560,0
2034.04254629,350449.96875000,16.25544739,0
2034.06297796,350542.34375000,16.25923729,0
2034.08340953,350453.34375000,16.28571510,0
2034.10384130,350455.31250000,16.29102707,0
2034.12427297,350614.34375000,16.30593681,0
2034.14470454,350600.84375000,16.29731178,0
2034.16513632,350774.84375000,16.31032753,0
2034.18556799,350941.18750000,16.29026985,0
2034.22643133,350481.65625000,16.09340477,8192
2034.24686300,350480.53125000,16.10630989,0
2034.26729467,350418.59375000,16.12327003,0
2034.28772634,350398.75000000,16.14177132,0
2034.30815802,350539.06250000,16.15530205,0
2034.32858969,350518.50000000,16.17624092,0
2034.34902136,350536.40625000,16.18912888,0
2034.36945313,350496.75000000,16.20135307,0
2034.38988470,350423.59375000,16.20540237,0
2034.41031637,350461.37500000,16.22456360,0
2034.43074815,350468.75000000,16.24266052,0
2034.47161139,350463.34375000,16.14664268,0
2034.49204316,350455.03125000,16.14997101,0
2034.51247474,350528.03125000,16.17427063,0
2034.53290641,350501.68750000,16.19287300,0
2034.55333818,350551.21875000,16.20088196,0
2034.57376975,350533.68750000,16.22449112,0
2034.59420153,350457.96875000,16.22996521,0
2034.61463320,350440.87500000,16.25647163,0
2034.63506487,350519.71875000,16.26576805,0
2034.65549654,350335.53125000,16.27556610,0
2034.67592822,350528.84375000,16.29764175,0
2034.71679166,350124.90625000,16.03170586,16384
2034.73722324,350219.50000000,16.05360985,0
2034.75765501,350226.96875000,16.07442856,0
2034.77808668,350228.40625000,16.09469986,0
2034.79851826,350265.65625000,16.11520576,0
2034.81895003,350386.12500000,16.14032936,0
2034.83938170,350445.81250000,16.15897560,0
2034.85981328,350430.06250000,16.17704391,0
2034.88024505,350551.96875000,16.19970131,0
2034.90067672,350487.93750000,16.21127701,0
2034.92110830,350462.21875000,16.23321533,0
2034.96197174,350120.75000000,16.04962730,0
2034.98240342,350253.50000000,16.07548714,0
2035.00283509,350263.31250000,16.09890175,0
2035.02326667,350418.43750000,16.11645508,0
2035.04369844,350549.12500000,16.13949966,0
2035.06413012,350523.90625000,16.16822243,0
2035.08456169,350492.75000000,16.18173027,0
2035.10499346,350578.21875000,16.20407486,0
2035.12542514,350415.06250000,16.22071075,0
2035.14585691,350449.34375000,16.22846031,0
2035.16628849,350441.25000000,16.25531578,0
2035.20715194,350170.59375000,16.05175781,0
2035.22758351,350145.90625000,16.06478691,0
2035.24801519,350237.78125000,16.09287834,262144
2035.26844696,350270.03125000,16.11775970,0
2035.28887864,350401.65625000,16.13883591,0
2035.30931031,350431.40625000,16.16275215,0
2035.32974199,350434.37500000,16.17535782,0
2035.35017366,350407.62500000,16.19892502,0
2035.37060534,350352.90625000,16.20799255,0
2035.39103702,350493.28125000,16.23038292,0
2035.41146869,350345.40625000,16.24669075,0
2035.45233204,350365.62500000,16.17786789,0
2035.47276372,350512.12500000,16.17971611,0
2035.49319549,350456.03125000,16.19778061,0
2035.51362707,350531.43750000,16.20168495,0
2035.53405885,350491.81250000,16.21791267,262144
2035.55449052,350443.59375000,16.21436882,0
2035.57492210,350395.25000000,16.23837662,262144
2035.59535388,350545.43750000,16.24582481,0
2035.61578555,350421.93750000,16.25855827,262144
2035.63621713,350559.68750000,16.26039124,0
2035.65664891,350454.25000000,16.26112175,0
2035.69751226,350470.06250000,16.19616890,0
2035.71794394,350458.68750000,16.20232773,0
2035.73837551,350472.37500000,16.21622467,0
2035.75880729,350437.40625000,16.22661209,0
2035.77923897,350397.65625000,16.23671150,0
2035.79967064,350382.53125000,16.25255585,0
2035.82010232,350376.87500000,16.27206802,0
2035.84053400,350314.84375000,16.27792358,0
2035.86096578,350392.68750000,16.28690720,0
2035.88139735,350296.96875000,16.29376793,0
2035.90182903,350668.09375000,16.31324577,0
2035.94269249,350450.78125000,16.19441414,0
2035.96312406,350446.18750000,16.20762062,0
2035.98355584,350285.62500000,16.22108459,0
2036.00398752,350377.84375000,16.22491455,0
2036.02441910,350272.84375000,16.25457382,0
2036.04485088,350288.78125000,16.25531387,0
2036.06528256,350386.62500000,16.27077103,0
2036.08571433,350423.31250000,16.27266502,0
2036.10614591,350452.75000000,16.28919029,0
2036.12657759,350515.81250000,16.30641747,0
2036.14700937,350584.65625000,16.30841446,0
2036.18787263,350313.84375000,16.21669006,0
2036.20830441,350396.46875000,16.23471260,0
2036.22873599,350341.68750000,16.24956703,0
2036.24916776,350464.71875000,16.26124191,0
2036.26959934,350411.78125000,16.28075218,0
2036.29003102,350311.78125000,16.28852463,0
2036.31046280,350359.62500000,16.29783058,0
2036.33089448,350365.75000000,16.30444336,0
2036.35132606,350669.90625000,16.31217957,0
2036.37175784,350630.21875000,16.29113197,0
2036.43305288,350393.28125000,16.15443993,262144
2036.45348446,350356.12500000,16.16958237,0
2036.47391624,350428.21875000,16.18869019,0
2036.49434792,350473.53125000,16.20043373,0
2036.51477960,350343.90625000,16.22714233,0
2036.53521128,350288.15625000,16.23044014,0
2036.55564296,350285.37500000,16.25363159,0
2036.57607464,350325.18750000,16.26331329,0
2036.59650642,350426.03125000,16.28556252,0
2036.61693800,350344.84375000,16.29546356,0
2036.63736979,350291.09375000,16.30648422,0
2036.67823305,350358.81250000,16.14846802,0
2036.69866483,350413.21875000,16.16811180,0
2036.71909651,350345.84375000,16.18039131,0
2036.73952809,350424.87500000,16.20294952,0
2036.75995987,350475.15625000,16.22135162,0
2036.78039155,350333.46875000,16.23654366,0
2036.80082334,350289.75000000,16.25389671,0
2036.82125492,350367.84375000,16.26296234,0
2036.84168660,350173.53125000,16.28834534,0
2036.86211838,350259.28125000,16.29791451,0
2036.88254996,350477.53125000,16.30826378,0
2036.92341343,350249.87500000,16.14196777,0
2036.94384501,350294.50000000,16.16152382,0
2036.96427669,350273.03125000,16.17907333,0
2036.98470847,350379.46875000,16.20238113,0
2037.00514006,350308.84375000,16.21404266,262144
2037.02557184,350372.71875000,16.23298264,262144
2037.04600342,350320.59375000,16.24526024,0
2037.06643511,350287.71875000,16.26056099,0
2037.08686689,350371.34375000,16.27382469,0
2037.10729857,350267.09375000,16.29406548,262144
2037.12773015,350355.00000000,16.30559158,0
2037.16859362,349872.53125000,16.01242447,0
2037.18902530,350159.65625000,16.05541229,0
2037.20945699,350198.56250000,16.08389664,0
2037.22988867,350234.09375000,16.11245537,0
2037.25032036,350333.34375000,16.12641525,0
2037.27075204,350428.59375000,16.15974808,0
2037.29118372,350376.50000000,16.17097282,0
2037.31161551,350352.18750000,16.19826317,0
2037.33204709,350291.68750000,16.21613312,0
2037.35247888,350315.31250000,16.23075104,0
2037.37291056,350331.50000000,16.25328064,0
2037.41377393,350353.40625000,16.20637894,0
2037.43420561,350382.87500000,16.20892715,0
2037.45463720,350412.31250000,16.21939850,0
2037.47506898,350348.93750000,16.23420143,0
2037.49550067,350382.12500000,16.23955917,262144
2037.51593225,350254.03125000,16.24952316,0
2037.53636404,350351.31250000,16.26477432,0
2037.55679572,350191.62500000,16.27603722,0
2037.57722751,350344.03125000,16.28576660,0
2037.59765909,350318.62500000,16.28313637,0
2037.61809078,350416.65625000,16.29713058,0
2037.65895415,350385.00000000,16.15233612,0
2037.67938584,350479.59375000,16.15504837,0
2037.69981752,350413.12500000,16.16997910,0
2037.72024921,350111.28125000,16.18905640,0
2037.74068100,350006.18750000,16.18000984,0
2037.76111258,350035.18750000,16.21605682,0
2037.78154427,350134.78125000,16.22587967,0
2037.80197605,350049.25000000,16.24560356,0
2037.82240774,350111.65625000,16.24707222,0
2037.84283933,350042.12500000,16.25858688,0
2037.86327111,350251.84375000,16.27026176,0
2037.90413449,350330.15625000,16.16030693,0
2037.92456618,350317.90625000,16.17796135,0
2037.94499786,350336.96875000,16.20010948,0
2037.96542965,350390.12500000,16.20809937,0
2037.98586124,350327.15625000,16.22069740,0
2038.00629292,350358.59375000,16.23488426,0
2038.02672471,350301.87500000,16.25099564,0
2038.04715630,350363.56250000,16.26270676,0
2038.06758799,350312.53125000,16.27746964,0
2038.08801978,350209.93750000,16.26890755,0
2038.10845136,350377.40625000,16.29718399,0
2038.14931484,349711.90625000,15.99809647,262144
2038.16974643,350005.12500000,16.03428650,0
2038.19017822,350007.87500000,16.05007553,0
2038.21060991,350085.46875000,16.06254005,0
2038.23104150,350206.71875000,16.09250641,0
2038.25147328,350148.09375000,16.10765266,0
2038.27190497,350307.28125000,16.13028908,0
2038.29233666,350380.28125000,16.13961601,0
2038.31276835,350378.84375000,16.15293312,0
2038.33320004,350249.62500000,16.17657852,0
2038.35363173,350411.18750000,16.18473434,393216
2038.37406342,350313.96875000,16.20784760,0
2038.39449511,350352.84375000,16.20666122,0
2038.41492680,350433.43750000,16.23525047,0
2038.43535849,350217.00000000,16.23146629,0
2038.45579028,350326.68750000,16.26204109,0
2038.47622197,350290.81250000,16.27306747,0
2038.49665356,350248.37500000,16.28645897,0
2038.51708535,350351.46875000,16.30360794,0
2038.53751704,350391.65625000,16.31016350,0
2038.55794863,350682.65625000,16.31728745,0
2038.57838042,350668.62500000,16.30283165,0
2038.63967549,350340.59375000,16.15174484,0
2038.66010718,350507.56250000,16.17733574,0
2038.68053898,350321.53125000,16.19157028,0
2038.70097057,350331.84375000,16.20349503,0
2038.72140226,350374.65625000,16.21755600,0
2038.74183405,350244.31250000,16.24350548,262144
2038.76226564,350270.90625000,16.25645065,0
2038.78269733,350315.59375000,16.27650642,0
2038.80312912,350568.96875000,16.25575829,0
2038.82356072,350203.96875000,16.29529953,262144
2038.84399251,350407.18750000,16.31541061,0
2038.88485579,350290.43750000,16.20931435,0
2038.90528759,350372.87500000,16.22935486,0
2038.92571928,350327.96875000,16.24762726,0
2038.94615097,350249.56250000,16.25803375,0
2038.96658266,350268.37500000,16.27695656,0
2038.98701436,350321.96875000,16.30268097,0
2039.00744605,350562.25000000,16.30692291,0
2039.02787774,350402.09375000,16.31815529,0
2039.04830944,350722.34375000,16.31042480,0
2039.13003631,350407.53125000,16.24091530,0
2039.15046790,350319.40625000,16.24496841,0
2039.17089960,350316.96875000,16.27713966,0
2039.19133139,350343.03125000,16.29174805,0
2039.21176299,350469.71875000,16.30554390,0
2039.23219478,350306.50000000,16.31188011,0
2039.25262647,350730.68750000,16.31465912,0
2039.27305807,350769.62500000,16.29205513,0
2039.41608003,350307.31250000,16.11560249,0
2039.43651173,350296.12500000,16.12702751,0
2039.45694353,350385.96875000,16.14231491,0
2039.47737512,350328.06250000,16.15454674,0
2039.49780682,350429.21875000,16.16707420,0
2039.51823861,350475.34375000,16.17924500,0
2039.53867021,350374.46875000,16.17885590,0
2039.55910191,350427.96875000,16.20223618,0
2039.57953370,350244.37500000,16.20597458,0
2039.59996540,350299.00000000,16.21224785,262144
2039.62039710,350536.65625000,16.23279572,262144
2039.64082879,350231.81250000,16.24949074,0
2039.66126039,350395.87500000,16.26196671,0
2039.68169219,350291.03125000,16.27706337,0
2039.70212388,350322.25000000,16.27713966,0
2039.72255548,350456.28125000,16.21757507,0
2039.74298728,350252.12500000,16.27205276,0
2039.76341897,350352.06250000,16.31597137,0
2039.78385077,350369.53125000,16.31537819,0
2039.80428237,350419.50000000,16.31894302,0
2039.82471407,350695.18750000,16.29366875,0
2039.86557746,350392.25000000,16.15274429,0
2039.88600916,350315.65625000,16.16873741,0
2039.90644096,350399.50000000,16.19003105,0
2039.92687256,350371.00000000,16.20379829,0
2039.94730426,350315.31250000,16.21705055,0
2039.96773606,350379.75000000,16.23213196,0
2039.98816766,350306.53125000,16.23349380,0
2040.00859945,350337.87500000,16.25841331,0
2040.02903115,350362.71875000,16.26620483,0
2040.04946275,350336.34375000,16.28309441,262144
2040.06989455,350358.40625000,16.28936577,0
2040.11075785,350321.84375000,16.20878220,0
2040.13118965,350343.40625000,16.23062325,0
2040.15162135,350239.18750000,16.23836708,0
2040.17205315,350316.93750000,16.25892830,0
2040.19248475,350304.81250000,16.27473450,0
2040.21291645,350352.00000000,16.28887749,0
2040.23334825,350494.84375000,16.30145836,0
2040.25377995,350300.40625000,16.30685806,0
2040.27421155,350420.21875000,16.31194496,0
2040.29464335,350525.81250000,16.31707382,0
2040.31507505,350437.31250000,16.31494713,0
2040.35593846,350467.81250000,16.19050407,0
2040.37637016,350322.53125000,16.21043015,0
2040.39680186,350368.65625000,16.22439766,0
2040.41723356,350308.00000000,16.23497009,0
2040.43766516,350333.46875000,16.24672699,0
2040.45809696,350377.12500000,16.26062775,0
2040.47852867,350271.03125000,16.27383804,0
2040.49896027,350286.87500000,16.28861809,0
2040.51939207,350267.34375000,16.30572701,0
2040.53982377,350459.43750000,16.31035995,0
2040.56025558,350494.31250000,16.32485008,0
2040.60111888,350481.87500000,16.16751099,0
2040.62155068,350266.96875000,16.17597961,0
2040.64198229,350396.43750000,16.19856071,0
2040.66241399,350421.43750000,16.21765900,0
2040.68284579,350529.00000000,16.22962379,0
2040.70327740,350053.46875000,16.23387146,262144
2040.72370920,349828.00000000,16.23339653,0
2040.74414090,349948.37500000,16.26188278,0
2040.76457261,350046.34375000,16.27279472,0
2040.78500431,350032.68750000,16.28661728,0
2040.80543602,350341.96875000,16.30813789,32768
2040.84629942,350518.25000000,16.19721985,0
2040.86673113,350499.59375000,16.17374992,0
2040.88716293,350471.81250000,16.22251701,0
2040.90759454,350458.21875000,16.23461342,0
2040.92802624,350440.68750000,16.24950981,0
2040.94845805,350333.71875000,16.26435471,0
2040.96888975,350377.43750000,16.28027153,0
2040.98932136,350365.46875000,16.29556465,0
2041.00975316,350490.25000000,16.30540085,0
2041.03018477,350517.50000000,16.32053185,0
2041.05061647,350593.03125000,16.32273674,0
2041.09147989,350510.96875000,16.23301506,0
2041.11191169,350429.15625000,16.25161743,0
2041.13234340,350450.34375000,16.25523949,0
2041.15277501,350421.03125000,16.27913475,0
2041.17320681,350339.93750000,16.29221344,0
2041.19363852,350286.53125000,16.29826164,0
2041.21407013,350660.53125000,16.31567955,0
2041.23450193,350505.96875000,16.32095146,0
2041.25493364,350581.03125000,16.30977631,0
2041.35709218,350375.31250000,16.08870888,0
2041.37752388,350643.12500000,16.10167503,0
2041.39795569,350571.90625000,16.11589813,0
2041.41838730,350418.90625000,16.13341522,0
2041.43881901,350411.46875000,16.14346504,0
2041.45925082,350599.40625000,16.14460945,0
2041.47968253,350559.28125000,16.16110039,0
2041.50011424,350477.53125000,16.17168427,0
2041.52054594,350717.65625000,16.19508362,0
2041.54097765,350540.50000000,16.20468903,0
2041.56140936,350611.90625000,16.22063065,0
2041.58184107,350570.09375000,16.20775795,0
2041.60227278,350481.81250000,16.21729469,0
2041.62270459,350592.87500000,16.24577904,0
2041.64313620,350515.34375000,16.25265694,0
2041.66356801,350413.68750000,16.26744270,0
2041.68399962,350423.40625000,16.27394485,0
2041.70443133,350464.65625000,16.28448486,0
2041.72486314,350346.65625000,16.28849602,16384
2041.74529475,350497.65625000,16.30311584,0
2041.76572646,350590.84375000,16.31170082,0
2041.78615827,350557.62500000,16.32151222,0
2041.82702169,350489.09375000,16.21754456,0
2041.84745341,350426.03125000,16.21728706,0
2041.86788502,350440.28125000,16.23566628,0
2041.88831683,350492.43750000,16.25605202,0
2041.90874854,350519.78125000,16.26540947,0
2041.92918015,350495.21875000,16.27752304,0
2041.94961196,350632.87500000,16.28005981,0
2041.97004368,350444.31250000,16.29396439,0
2041.99047539,350349.06250000,16.29238510,0
2042.01090710,350514.87500000,16.30902481,0
2042.03133881,350528.62500000,16.31658363,0
2042.07220224,350482.31250000,16.12021637,0
2042.09263395,350479.40625000,16.12765312,0
2042.11306576,350558.46875000,16.15027046,0
2042.13349748,350583.06250000,16.16864204,0
2042.15392909,350609.37500000,16.17934608,0
2042.17436091,350414.21875000,16.18246269,0
2042.19479262,350280.93750000,16.18577003,0
2042.21522433,350492.31250000,16.21548843,0
2042.23565605,350618.25000000,16.23219490,0
2042.25608776,350544.40625000,16.24397469,0
2042.27651958,350719.90625000,16.24766922,0
2042.31738290,350145.68750000,16.00935555,0
2042.33781462,350155.65625000,16.04077148,0
2042.35824633,350354.06250000,16.06485367,0
2042.37867815,350389.09375000,16.09181404,0
2042.39910976,350445.37500000,16.10891151,0
2042.41954148,350465.81250000,16.13018799,0
2042.43997329,350551.12500000,16.14554405,0
2042.46040491,350623.25000000,16.16423798,0
2042.48083663,350696.00000000,16.18068123,0
2042.50126844,350598.21875000,16.18852997,0
2042.52170006,350549.25000000,16.20901489,0
2042.54213177,350581.18750000,16.22291756,0
2042.56256359,350487.56250000,16.23501587,0
2042.58299521,350651.71875000,16.24808693,0
2042.60342702,350425.93750000,16.25682449,0
2042.62385874,350558.93750000,16.27855682,0
2042.64429046,350588.78125000,16.29031944,0
2042.66472218,350498.50000000,16.30541420,0
2042.68515389,350556.37500000,16.31741714,0
2042.70558561,350824.81250000,16.32359123,0
2042.72601733,350683.53125000,16.31754494,0
2042.74644905,350707.34375000,16.31249809,0
2042.76688086,350973.59375000,16.29078484,0
2042.80774420,350736.96875000,16.18653488,0
2042.82817602,350567.28125000,16.22160149,0
2042.84860774,350671.09375000,16.23603439,0
2042.86903936,350609.81250000,16.24736404,0
2042.88947117,350549.87500000,16.26225853,0
2042.90990289,350528.81250000,16.27918625,0
2042.93033461,350529.56250000,16.29032135,0
2042.95076633,350663.37500000,16.30548859,0
2042.97119805,350460.53125000,16.31546783,0
2042.99162977,350605.40625000,16.32021332,0
2043.01206149,350675.09375000,16.32635689,0
2043.05292493,350387.56250000,16.08695221,0
2043.07335665,350588.56250000,16.10921097,0
2043.09378827,350572.21875000,16.12556458,0
2043.11422009,350645.40625000,16.15115738,0
2043.13465181,350680.43750000,16.17639732,0
2043.15508363,350621.34375000,16.18405533,0
2043.17551525,350784.65625000,16.20738029,0
2043.19594698,350671.81250000,16.22403526,0
2043.21637880,350575.31250000,16.24201012,0
2043.23681042,350760.75000000,16.25541115,0
2043.25724214,350645.53125000,16.27183914,0
2043.29810558,350784.09375000,16.21364403,262144
2043.31853741,350676.28125000,16.21833038,0
2043.33896913,350750.93750000,16.22465706,0
2043.35940085,350592.59375000,16.23398209,0
2043.37983257,350636.34375000,16.23658752,0
2043.40026430,350717.93750000,16.24832916,0
2043.42069602,350798.31250000,16.24999046,0
2043.44112784,350677.53125000,16.26912498,0
2043.46155947,350611.18750000,16.26684380,0
2043.48199129,350678.00000000,16.26153374,0
2043.50242301,350499.43750000,16.27200127,0
2043.54328646,350618.00000000,16.22615814,0
2043.56371818,350603.65625000,16.23434258,0
2043.58414981,350637.53125000,16.24989319,0
2043.60458163,350812.03125000,16.23903847,0
2043.62501336,350656.81250000,16.25380135,0
2043.64544518,350841.00000000,16.26772118,0
2043.66587681,350649.03125000,16.28716278,0
2043.68630853,350618.50000000,16.28874779,0
2043.70674026,350763.34375000,16.29186630,0
2043.72717198,350745.25000000,16.29900169,0
2043.74760361,350502.50000000,16.31682777,0
2043.78846716,350580.03125000,16.19588089,0
2043.80889879,350796.50000000,16.22096062,0
2043.82933061,350760.81250000,16.22225380,8192
2043.84976234,350735.06250000,16.23988914,0
2043.87019417,350698.56250000,16.24670410,0
2043.89062579,350650.56250000,16.24876785,0
2043.91105752,350652.06250000,16.26151085,0
2043.93148935,350724.93750000,16.27959633,8192
2043.95192097,350720.15625000,16.28401566,0
2043.97235270,350749.28125000,16.29304886,0
2043.99278453,350714.40625000,16.30504036,0
2044.03364798,350868.87500000,16.22216988,0
2044.05407971,350776.96875000,16.23033714,0
2044.07451144,350674.81250000,16.25338173,0
2044.09494317,350740.18750000,16.27400970,0
2044.11537490,350702.78125000,16.28964043,0
2044.13580663,350610.00000000,16.29543495,0
2044.15623845,350707.59375000,16.31504059,0
2044.17667008,350638.15625000,16.31985283,0
2044.19710191,350962.53125000,16.32514381,0
2044.21753364,350807.09375000,16.33043480,0
2044.23796527,350905.12500000,16.31309700,0
2044.27882883,350482.43750000,16.09044647,0
2044.29926046,350660.40625000,16.11880493,0
2044.31969229,350648.62500000,16.13714218,0
2044.34012402,350847.68750000,16.16669655,0
2044.36055565,350744.03125000,16.15208054,0
2044.38098748,350936.56250000,16.19352722,0
2044.40141911,350775.06250000,16.21068573,0
2044.42185094,350706.28125000,16.22960472,0
2044.44228268,350799.50000000,16.24242401,0
2044.46271431,350715.15625000,16.26079369,0
2044.48314614,350763.25000000,16.27259064,0
2044.52400960,350336.15625000,16.02963638,0
2044.54444133,350558.18750000,16.05943680,0
2044.56487307,350600.53125000,16.08336067,16384
2044.58530490,350538.90625000,16.10207939,0
2044.60573653,350710.34375000,16.13420105,0
2044.62616826,350861.81250000,16.15419388,0
2044.64660010,350726.84375000,16.17464638,0
2044.66703183,350677.56250000,16.17831612,0
2044.68746346,350676.75000000,16.20104790,0
2044.70789530,350883.34375000,16.21603775,8192
2044.72832703,350840.03125000,16.23489380,0
2044.74875877,350901.00000000,16.24326134,0
2044.76919050,350666.00000000,16.25688362,0
2044.78962223,350651.59375000,16.27429199,0
2044.81005407,350691.62500000,16.28085327,0
2044.83048570,350847.40625000,16.29204559,0
2044.85091744,350681.31250000,16.30154800,0
2044.87134927,350799.68750000,16.31461716,0
2044.89178091,350738.87500000,16.32416344,0
2044.91221264,350994.28125000,16.31991577,0
2044.93264448,350683.53125000,16.32383919,0
2044.95307611,350858.78125000,16.32589149,0
2044.97350795,351136.81250000,16.31370163,0
2045.01437132,350769.28125000,16.23050308,0
2045.03480316,350741.00000000,16.24276733,0
2045.05523489,350763.78125000,16.25770950,0
2045.07566653,350882.37500000,16.26454735,0
2045.09609837,350763.84375000,16.27787971,0
2045.11653000,350747.75000000,16.29210472,0
2045.13696184,350735.09375000,16.29970169,0
2045.15739358,350793.93750000,16.30432892,0
2045.17782522,350865.31250000,16.32793236,0
2045.19825705,350812.87500000,16.33025551,0
2045.21868879,351080.59375000,16.33261490,0
2045.25955227,350954.18750000,16.22003555,0
2045.27998401,350801.50000000,16.16765976,0
2045.30041584,351000.50000000,15.97532177,0
2045.32084758,350912.68750000,16.21398735,262144
2045.34127922,350785.50000000,16.24603653,262144
2045.36171106,350793.81250000,16.25207901,0
2045.38214280,350816.34375000,16.26096535,0
2045.40257444,350858.43750000,16.27030373,0
2045.42300628,350844.93750000,16.27552032,0
2045.44343802,350848.21875000,16.28338814,0
2045.46386966,350759.43750000,16.29000282,0
2045.50473324,350637.18750000,16.08396149,0
2045.52516508,350745.59375000,16.09473991,0
2045.54559672,350794.53125000,16.11550522,0
2045.56602846,350754.40625000,16.12341690,0
2045.58646030,350735.53125000,16.13838005,0
2045.60689194,350937.15625000,16.14188385,0
2045.62732369,350822.31250000,16.15674591,0
2045.64775553,351073.84375000,16.16546440,0
2045.66818717,350864.34375000,16.18404770,0
2045.68861901,350905.71875000,16.18904877,0
2045.70905075,351052.18750000,16.20007706,0
2045.72948240,351219.34375000,16.20680046,0
2045.74991424,350892.18750000,16.21472168,0
2045.77034588,350902.03125000,16.23293114,0
2045.79077762,350846.25000000,16.24429703,0
2045.81120947,350797.12500000,16.25246048,0
2045.83164121,350799.75000000,16.26456070,0
2045.85207295,350831.15625000,16.27328110,0
2045.87250470,350799.81250000,16.28344154,0
2045.89293644,350669.75000000,16.28927612,0
2045.91336819,350801.78125000,16.29911804,0
2045.93379993,350669.78125000,16.31003952,0
2045.95423167,350895.50000000,16.31556129,0
2045.99509516,350746.96875000,16.13240814,0
2046.01552701,350879.34375000,16.14591980,0
2046.03595875,350992.90625000,16.15822029,0
2046.05639040,350839.18750000,16.17862892,0
2046.07682225,350820.12500000,16.18372726,0
2046.09725399,350902.50000000,16.20151520,0
2046.11768564,350927.62500000,16.20938110,0
2046.13811748,350787.00000000,16.20575333,0
2046.15854923,350893.43750000,16.22161484,0
2046.17898088,350783.81250000,16.22239685,0
2046.19941272,350857.21875000,16.24647713,0
2046.24027632,350909.62500000,16.19005585,0
2046.26070796,350833.31250000,16.19612694,0
2046.28113971,350824.03125000,16.21127892,0
2046.30157156,350799.68750000,16.21312332,0
2046.32200321,350993.71875000,16.23182487,0
2046.34243495,350847.53125000,16.24426460,0
2046.36286670,350851.18750000,16.24629402,0
2046.38329845,351036.43750000,16.25946808,0
2046.40373030,350898.09375000,16.26555252,0
2046.42416195,350760.75000000,16.27956390,0
2046.44459370,350731.59375000,16.28726006,0
2046.48545720,351007.78125000,16.16551971,0
2046.50588894,350789.00000000,16.16604805,0
2046.52632079,350981.46875000,16.18731499,0
2046.54675254,350836.50000000,16.20700836,0
2046.56718429,350926.40625000,16.21340561,0
2046.58761604,351002.28125000,16.22462845,0
2046.60804779,350852.00000000,16.24041176,8192
2046.62847955,350829.12500000,16.25141525,0
2046.64891130,350868.78125000,16.26577187,262144
2046.66934305,350811.21875000,16.27302361,262144
2046.68977490,350819.06250000,16.27869606,0
2046.73063830,350785.34375000,16.11802101,262144
2046.75107015,350815.46875000,16.11952209,262144
2046.77150181,350923.09375000,16.15111542,0
2046.79193366,350895.96875000,16.16044998,0
2046.81236541,350945.53125000,16.17442131,0
2046.83279706,350852.25000000,16.18481445,0
2046.85322892,350892.34375000,16.19232178,0
2046.87366067,350886.06250000,16.21245193,0
2046.89409232,350811.25000000,16.23059273,0
2046.91452417,350731.68750000,16.24806023,0
2046.93495593,350832.31250000,16.25770760,0
2046.97581944,350608.65625000,16.04819489,0
2046.99625119,350721.12500000,16.09700203,0
2047.01668294,350709.34375000,16.11156464,393216
2047.03711470,350816.25000000,16.13247299,0
2047.05754645,350915.53125000,16.15713882,262144
2047.07797821,350871.46875000,16.17836189,0
2047.09840996,350900.68750000,16.18744659,0
2047.11884182,350882.03125000,16.21122932,262144
2047.13927347,350806.56250000,16.23044395,0
2047.15970523,350797.28125000,16.24371910,262144
2047.18013709,350845.40625000,16.25869179,0
2047.22100050,350782.90625000,16.15319824,0
2047.24143235,350842.84375000,16.15570068,0
2047.26186411,350817.21875000,16.16619110,0
2047.28229577,350830.62500000,16.17605209,0
2047.30272763,350849.93750000,16.18653297,0
2047.32315938,350857.75000000,16.19506836,0
2047.34359124,350975.56250000,16.20392036,0
2047.36402290,350875.21875000,16.21257401,0
2047.38445466,350907.65625000,16.23020554,0
2047.40488651,350874.93750000,16.21806908,0
2047.42531817,350947.15625000,16.23688316,0
2047.46618179,350711.56250000,16.07854080,0
2047.48661345,350595.09375000,16.09504509,0
2047.50704531,350693.09375000,16.11634636,0
2047.52747707,350843.12500000,16.13442993,0
2047.54790873,350874.15625000,16.13020706,0
2047.56834059,351142.25000000,16.14891624,262144
2047.58877235,350922.03125000,16.15601349,0
2047.60920401,350845.34375000,16.16944504,262144
2047.62963587,350708.68750000,16.17407227,262144
2047.65006763,350896.90625000,16.19708252,0
2047.67049939,350914.21875000,16.20202827,262144
2047.69093115,350868.46875000,16.21666908,262144
2047.71136291,350967.15625000,16.22258759,262144
2047.73179477,350859.06250000,16.22938919,0
2047.75222643,350772.43750000,16.24643898,0
2047.77265819,350730.37500000,16.25385094,0
2047.79308996,350785.43750000,16.26638603,0
2047.81352172,350743.78125000,16.27287865,0
2047.83395348,350745.03125000,16.27892685,0
2047.85438534,350619.00000000,16.28834534,262144
2047.87481700,350839.81250000,16.30589676,0
2047.89524887,350659.53125000,16.30544662,0
2047.91568063,350728.43750000,16.31943130,262144
2047.95654416,350680.43750000,16.08418083,0
2047.97697592,350600.03125000,16.10050964,0
2047.99740759,350705.03125000,16.10674477,0
2048.01783945,350772.65625000,16.13834000,0
2048.03827121,350937.25000000,16.15190315,0
2048.05870308,350854.62500000,16.17180252,0
2048.07913474,350819.56250000,16.18916321,0
2048.09956651,350779.59375000,16.19901466,0
2048.11999837,350725.00000000,16.20944405,0
2048.14043004,350831.84375000,16.23452187,401408
2048.16086180,350820.62500000,16.24123001,262144
2048.18129367,350743.46875000,16.25477028,0
2048.20172534,350700.56250000,16.24961472,0
2048.22215720,350775.50000000,16.27153778,262144
2048.24258897,350741.84375000,16.28134346,0
2048.26302064,350726.53125000,16.29759026,0
2048.28345250,350677.75000000,16.30821800,0
2048.30388427,350839.81250000,16.30235672,0
2048.32431604,350655.59375000,16.32173729,0
2048.34474780,350705.65625000,16.32440758,0
2048.36517957,350632.25000000,16.33488846,0
2048.38561124,350785.62500000,16.34159470,0
2048.40604311,350879.00000000,16.32255936,0
2048.44690664,350771.03125000,16.15105438,0
2048.46733841,350811.84375000,16.15520477,0
2048.48777018,350854.37500000,16.18158150,0
2048.50820205,350773.15625000,16.18138885,0
2048.52863372,350902.40625000,16.20850182,0
2048.54906549,350705.18750000,16.21332169,0
2048.56949736,350839.28125000,16.22651672,0
2048.58992903,350681.75000000,16.24233818,262144
2048.61036090,350780.21875000,16.25435448,262144
2048.63079267,350764.71875000,16.26726723,262144
2048.65122434,350610.87500000,16.26626587,262144
2048.69208798,350474.56250000,16.04520416,0
2048.71251965,350505.62500000,16.09456444,0
2048.73295153,350628.78125000,16.09583282,0
2048.75338330,350741.59375000,16.12386513,0
2048.77381517,350770.96875000,16.14733315,0
2048.79424684,350769.09375000,16.16342735,0
2048.81467861,350720.06250000,16.17552376,0
2048.83511049,350716.40625000,16.19815063,0
2048.85554216,350845.56250000,16.20808220,0
2048.87597393,350745.65625000,16.22609711,0
2048.89640581,350646.18750000,16.23377609,0
2048.91683748,350833.46875000,16.25368690,0
2048.93726925,350710.65625000,16.25803375,0
2048.95770113,350681.71875000,16.27824974,0
2048.97813290,350620.15625000,16.28278542,393216
2048.99856467,350726.81250000,16.29758263,262144
2049.01899645,350651.93750000,16.31508255,262144
2049.03942822,350422.93750000,16.31130409,0
2049.05986000,350553.09375000,16.33353424,0
2049.08029177,350561.53125000,16.33325195,0
2049.10072355,350792.62500000,16.34081650,0
2049.12115532,350556.06250000,16.32299995,0
2049.14158710,350886.59375000,16.31250572,0
2049.18245065,350466.59375000,16.04795074,262144
2049.20288243,350285.62500000,15.98852539,0
2049.22331431,350752.28125000,16.03997612,0
2049.24374598,350474.65625000,16.07414818,0
2049.26417776,350631.75000000,16.09786606,0
2049.28460964,350555.34375000,16.10556221,0
2049.30504131,350631.37500000,16.12009048,262144
2049.32547309,350824.59375000,16.12954140,0
2049.34590497,350779.62500000,16.15263176,0
2049.36633665,350723.03125000,16.15536499,0
2049.38676853,350676.71875000,16.17010117,0
2049.40720030,350726.37500000,16.17938423,0
2049.42763198,350804.43750000,16.18571663,0
2049.44806386,350806.12500000,16.20719528,0
2049.46849564,350752.15625000,16.21724129,0
2049.48892742,350604.62500000,16.23029900,0
2049.50935920,350688.87500000,16.23731804,0
2049.52979098,350720.21875000,16.24641418,0
2049.55022286,350677.37500000,16.24606514,0
2049.57065454,350637.50000000,16.24871826,0
2049.59108632,350665.56250000,16.26064682,0
2049.61151820,350708.81250000,16.28034973,0
2049.63194988,350514.15625000,16.28199577,0
2049.67281355,350719.59375000,16.15489197,0
2049.69324533,350772.81250000,16.16934204,0
2049.71367711,350566.62500000,16.18331718,0
2049.73410889,350669.75000000,16.19753647,0
2049.75454057,350659.90625000,16.21275330,0
2049.77497246,350648.03125000,16.21856880,0
2049.79540424,350591.65625000,16.23101997,0
2049.81583592,350658.12500000,16.24606323,0
2049.83626781,350607.56250000,16.25903702,0
2049.85669959,350482.43750000,16.25346756,0
2049.87713127,350642.12500000,16.27429771,0
2049.91799494,350728.84375000,16.21322250,0
2049.93842683,350686.43750000,16.22244644,0
2049.95885851,350700.25000000,16.23442650,0
2049.97929029,350708.18750000,16.24837303,0
2049.99972218,350488.50000000,16.23188782,0
2050.02015386,350612.09375000,16.26618004,0
2050.04058565,350607.09375000,16.26476669,0
2050.06101754,350577.06250000,16.28634453,0
2050.08144922,350475.78125000,16.28853035,0
2050.10188111,350508.15625000,16.30265999,0
2050.12231289,350525.18750000,16.31029129,0
2050.16317647,350609.03125000,16.24904633,0
2050.18360825,350588.46875000,16.27069283,0
2050.20404004,350558.46875000,16.28043747,0
2050.22447183,350532.93750000,16.28797150,0
2050.24490362,350527.25000000,16.29003525,0
2050.26533551,350409.78125000,16.30738258,0
2050.28576719,350327.68750000,16.30807495,0
2050.30619898,350519.15625000,16.32514381,8192
2050.32663087,350532.09375000,16.33069611,0
2050.34706266,350608.03125000,16.31490517,0
2050.36749435,350709.56250000,16.32225800,0
2050.40835793,350587.43750000,16.23831558,0
2050.42878972,350617.65625000,16.25177002,0
2050.44922161,350575.75000000,16.26798439,0
2050.46965330,350549.25000000,16.27519608,0
2050.49008519,350414.78125000,16.28533936,0
2050.51051698,350442.25000000,16.29850578,0
2050.53094867,350396.28125000,16.31105232,0
2050.55138056,350428.28125000,16.32268524,0
2050.57181235,350535.81250000,16.32179260,0
2050.59224404,350513.84375000,16.33271217,0
2050.61267594,350542.53125000,16.33517075,0
2050.65353962,350604.56250000,16.25752640,0
2050.67397131,350608.78125000,16.27267647,0
2050.69440311,350647.06250000,16.27170753,0
2050.71483500,350499.00000000,16.29765511,0
2050.73526669,350535.34375000,16.29745674,0
2050.75569849,350157.34375000,16.31143570,0
2050.77613038,349854.53125000,16.30250740,0
2050.79656207,349975.21875000,16.31671143,0
2050.81699397,349957.59375000,16.32104874,0
2050.83742576,350202.43750000,16.32719994,0
2050.85785756,350399.53125000,16.32542229,0
2050.89872115,350070.75000000,15.92510033,0
2050.91915294,350160.81250000,15.97287178,0
2050.93958474,350226.96875000,16.00258446,0
2050.96001653,350547.31250000,16.03458977,0
2050.98044833,350543.37500000,16.01965141,262144
2051.00088022,350397.06250000,16.06954384,0
2051.02131192,350525.59375000,16.12488747,0
2051.04174382,350537.53125000,16.12892151,0
2051.06217551,350705.68750000,16.16471100,262144
2051.08260731,350692.25000000,16.17104149,0
2051.10303921,350669.43750000,16.19199371,0
2051.14390271,350719.25000000,16.14449310,0
2051.16433460,350798.21875000,16.13770103,0
2051.18476630,350854.84375000,16.13632393,0
2051.20519820,350803.75000000,16.17458534,0
2051.22563000,350789.46875000,16.19837189,0
2051.24606170,350685.71875000,16.20133972,0
2051.26649360,350604.65625000,16.20271492,0
2051.28692540,350657.46875000,16.21592140,0
2051.30735710,350776.96875000,16.21628761,0
2051.32778900,350636.21875000,16.22145653,0
2051.34822080,350661.50000000,16.24198532,0
2051.36865270,350680.87500000,16.24743462,0
2051.38908440,350597.34375000,16.25294495,0
2051.40951620,350604.50000000,16.26557732,0
2051.42994810,350849.06250000,16.25660133,0
2051.45037980,350537.09375000,16.28353500,0
2051.47081160,350487.93750000,16.27699661,0
2051.49124351,350378.56250000,16.29247284,0
2051.51167531,350484.75000000,16.29729652,0
2051.53210701,350465.50000000,16.31961250,0
2051.55253891,350395.40625000,16.30952644,0
2051.57297072,350448.84375000,16.32128334,0
2051.59340252,350353.06250000,16.31538010,0
2051.63426613,350895.28125000,16.21628761,0
2051.65469793,350634.84375000,16.22394943,0
2051.67512973,350588.21875000,16.22681808,0
2051.69556154,350567.62500000,16.24420357,0
2051.71599334,350635.53125000,16.25665855,0
2051.73642515,350626.31250000,16.26423836,0
2051.75685705,350484.28125000,16.27413940,0
2051.77728876,350473.50000000,16.28334045,0
2051.79772056,350375.37500000,16.29740143,0
2051.81815247,350437.81250000,16.30051613,0
2051.83858418,350544.15625000,16.28780365,0
2051.87944789,350581.65625000,16.23012161,0
2051.89987960,350875.84375000,16.23134422,0
2051.92031150,350645.68750000,16.24700928,0
2051.94074331,350551.46875000,16.25090790,0
2051.96117502,350504.78125000,16.26989937,0
2051.98160692,350629.18750000,16.27603340,0
2052.00203873,350573.18750000,16.29138374,0
2052.02247044,350405.34375000,16.29253960,0
2052.04290235,350375.09375000,16.30932426,0
2052.06333416,350432.25000000,16.31186295,0
2052.08376607,350461.46875000,16.31360245,0
2052.12462959,350596.09375000,16.22359657,0
2052.14506150,350434.96875000,16.22301102,0
2052.16549331,350559.59375000,16.25314331,0
2052.18592502,350604.78125000,16.25855827,0
2052.20635693,350653.90625000,16.26476860,0
2052.22678874,350444.28125000,16.27388763,0
2052.24722045,350503.37500000,16.28409195,0
2052.26765236,350465.37500000,16.30070877,0
2052.28808417,350500.65625000,16.31434250,0
2052.30851608,350301.03125000,16.31223869,0
2052.32894779,350463.06250000,16.32476044,393216
2052.36981152,350676.18750000,16.23858452,0
2052.39024323,350654.62500000,16.24364662,0
2052.41067504,350652.25000000,16.24753571,0
2052.43110686,350531.37500000,16.25600243,0
2052.45153867,350554.75000000,16.27251053,0
2052.47197058,350451.84375000,16.27667046,0
2052.49240230,350540.56250000,16.29110336,0
2052.51283411,350559.87500000,16.29483223,0
2052.53326603,350407.40625000,16.30711365,0
2052.55369774,350318.90625000,16.31149292,0
2052.57412956,350458.37500000,16.32100677,0
2052.61499319,350675.25000000,16.22997093,0
2052.63542510,350709.96875000,16.23084450,0
2052.65585692,350573.78125000,16.24724960,0
2052.67628863,350582.90625000,16.26978874,0
2052.69672055,350534.15625000,16.28228760,0
2052.71715237,350388.03125000,16.28693008,0
2052.73758418,350454.43750000,16.30330849,0
2052.75801600,350489.56250000,16.31510162,0
2052.77844782,350405.65625000,16.31514359,262144
2052.79887964,350443.37500000,16.32423401,0
2052.81931145,350387.53125000,16.33095169,0
2052.86017519,350705.40625000,16.16119576,0
2052.88060701,350724.75000000,16.17318726,0
2052.90103873,350645.84375000,16.19865417,0
2052.92147065,350709.18750000,16.20644569,0
2052.94190247,350622.84375000,16.21664238,0
2052.96233419,350676.43750000,16.23876762,0
2052.98276611,350668.87500000,16.25534630,0
2053.00319793,350704.96875000,16.26164436,0
2053.02362985,350485.81250000,16.26805878,0
2053.04406157,350482.12500000,16.29022980,0
2053.06449339,350387.43750000,16.29628372,0
2053.12578875,350805.93750000,16.23954201,0
2053.14622067,350556.68750000,16.23468590,0
2053.16665250,350431.46875000,16.24622726,0
2053.18708442,350227.90625000,16.24659729,0
2053.20751614,350268.25000000,16.26444054,0
2053.22794796,350170.93750000,16.26880646,0
2053.24837989,350251.34375000,16.27474022,0
2053.26881161,350405.06250000,16.26549149,0
2053.28924344,350522.87500000,16.27595139,262144
2053.30967536,350507.71875000,16.28658295,0
2053.35053901,350491.81250000,16.20685387,0
2053.37097083,350635.15625000,16.22919655,0
2053.39140266,350801.84375000,16.22827911,0
2053.41183448,350830.56250000,16.20924377,0
2053.43226631,350974.09375000,16.22611237,0
2053.45269813,350590.12500000,16.25955009,0
2053.47312996,350584.28125000,16.27523994,0
2053.49356179,350500.59375000,16.27562141,0
2053.51399361,350566.53125000,16.28858566,0
2053.53442554,350478.03125000,16.28142357,0
2053.55485727,350282.75000000,16.29667473,0
2053.59572102,350467.28125000,16.24263191,0
2053.61615275,350469.34375000,16.24733162,0
2053.63658468,350518.56250000,16.25733185,0
2053.65701651,350505.28125000,16.27273178,0
2053.67744824,350658.46875000,16.25707817,0
2053.69788016,350437.90625000,16.27911377,0
2053.71831199,350387.78125000,16.29034233,0
2053.73874382,350339.56250000,16.28731155,0
2053.75917565,350283.78125000,16.28597832,0
2053.77960748,350518.18750000,16.29992104,0
2053.80003931,350625.12500000,16.31114197,0
2053.84090287,350613.50000000,16.22533607,0
2053.86133480,350629.56250000,16.23814392,0
2053.88176664,350558.43750000,16.24608040,262144
2053.90219857,350651.21875000,16.25252533,0
2053.92263030,350460.93750000,16.25213432,0
2053.94306213,350672.06250000,16.26984406,0
2053.96349406,350404.75000000,16.28407097,0
2053.98392580,350427.53125000,16.29185677,0
2054.00435763,350375.21875000,16.29763412,0
2054.02478956,350423.62500000,16.30859566,0
2054.04522140,350417.34375000,16.29358101,0
2054.08608506,350682.75000000,16.15696716,0
2054.10651690,350485.62500000,16.16316032,0
2054.12694873,350503.62500000,16.18598175,0
2054.14738057,350662.81250000,16.20637321,0
2054.16781240,350584.43750000,16.21270370,0
2054.18824434,350641.28125000,16.22001457,0
2054.20867607,350603.12500000,16.24353027,0
2054.22910791,350525.37500000,16.24440193,0
2054.24953984,350414.90625000,16.26757812,0
2054.26997158,350549.50000000,16.28786469,0
2054.29040352,350510.31250000,16.28929710,0
2054.33126709,350709.71875000,16.22435570,0
2054.35169903,350693.25000000,16.23854065,0
2054.37213086,350540.87500000,16.24925995,262144
2054.39256260,350508.93750000,16.24756241,0
2054.41299454,350557.09375000,16.25343132,0
2054.43342638,350471.31250000,16.27037430,0
2054.45385822,350408.43750000,16.28836441,8192
2054.47429006,350353.96875000,16.28870392,0
2054.49472180,350440.03125000,16.30382729,0
2054.51515374,350529.28125000,16.31166077,0
2054.53558557,350369.40625000,16.31565857,0
2054.57644925,350640.12500000,16.26457977,0
2054.59688110,350471.00000000,16.27123260,0
2054.61731304,350435.06250000,16.28412056,0
2054.63774478,350376.46875000,16.28128433,0
2054.65817662,350327.37500000,16.28601456,0
2054.67860856,350454.46875000,16.31612587,0
2054.69904030,350244.00000000,16.31121254,0
2054.71947214,350310.28125000,16.32087898,0
2054.73990409,350209.59375000,16.31888580,0
2054.76033593,350405.06250000,16.29543686,0
2054.78076777,350346.65625000,16.31981087,0
2054.82163146,350508.15625000,16.25109673,0
2054.84206330,350443.50000000,16.27255821,0
2054.86249515,350452.00000000,16.28245354,0
2054.88292699,350361.31250000,16.28527260,0
2054.90335894,350353.96875000,16.29011536,0
2054.92379068,350491.40625000,16.29039192,0
2054.94422253,350230.50000000,16.30713081,0
2054.96465447,350267.40625000,16.32461929,0
2054.98508622,350278.75000000,16.32196808,0
2055.00551816,350424.59375000,16.31299591,0
2055.02595001,350160.50000000,16.30992508,0
2055.06681370,350567.09375000,16.17403412,0
2055.08724545,350646.06250000,16.19520760,0
2055.10767730,350604.37500000,16.19147873,0
2055.12810924,350870.68750000,16.18482780,0
2055.14854099,350706.25000000,16.19039536,0
2055.16897294,350490.78125000,16.21787643,0
2055.18940479,350411.40625000,16.20390892,0
2055.20983654,350601.81250000,16.21386719,262144
2055.23026849,350930.12500000,16.21382141,0
2055.25070033,350972.84375000,16.22212982,0
2055.27113218,350346.50000000,16.23082542,0
2055.29156403,350603.65625000,16.24718857,0
2055.31199588,350483.40625000,16.26624680,0
2055.33242783,350464.50000000,16.27940941,0
2055.35285959,350444.75000000,16.27577782,0
2055.37329144,350461.46875000,16.28189468,0
2055.39372339,350465.68750000,16.28931808,262144
2055.41415524,350440.21875000,16.30313110,262144
2055.43458699,350393.43750000,16.30652618,0
2055.45501894,350455.31250000,16.29967308,0
2055.47545079,350328.75000000,16.25617599,0
2055.49588265,350499.68750000,16.28942680,0
2055.51631450,350232.06250000,16.31395721,0
2055.55717831,350537.62500000,16.20168877,0
2055.57761006,350555.59375000,16.22312164,0
2055.59804191,350602.00000000,16.22513771,0
2055.61847387,350566.81250000,16.24051666,0
2055.63890562,350447.75000000,16.25035095,262144
2055.65933748,350554.28125000,16.25536919,0
2055.67976943,350430.56250000,16.26735306,0
2055.70020119,350407.81250000,16.27421761,0
2055.72063314,350426.15625000,16.28372955,0
2055.74106490,350458.09375000,16.24126053,0
2055.76149675,350399.21875000,16.28153801,0
2055.80236047,350550.40625000,16.23337555,0
2055.82279233,350518.46875000,16.24587631,0
2055.84322428,350531.37500000,16.25597954,0
2055.86365604,350575.40625000,16.25590706,0
2055.88408800,350527.71875000,16.26034355,0
2055.90451986,350284.40625000,16.28464508,0
2055.92495171,350376.00000000,16.29360390,0
2055.94538357,350318.78125000,16.29804611,0
2055.96581543,350386.46875000,16.29551125,0
2055.98624729,350233.68750000,16.31210518,0
2056.00667915,350197.53125000,16.31491661,0
2056.04754297,350139.09375000,15.98263836,0
2056.06797483,350258.31250000,16.03176308,0
2056.08840659,350236.31250000,16.05932236,0
2056.10883855,350375.53125000,16.08590508,0
2056.12927041,350348.00000000,16.07596397,0
2056.14970217,350408.78125000,16.12059402,0
2056.17013414,350422.40625000,16.12466621,0
2056.19056600,350689.93750000,16.15663719,0
2056.21099796,350459.90625000,16.16796494,393216
2056.23142972,350525.15625000,16.19196892,0
2056.25186159,350562.21875000,16.18816185,0
2056.27229355,350490.37500000,16.20591736,0
2056.29272531,350400.34375000,16.20890427,0
2056.31315718,350549.34375000,16.22271538,0
2056.33358914,350489.31250000,16.23226357,0
2056.35402091,350449.03125000,16.24943161,0
2056.37445277,350464.00000000,16.26051712,0
2056.39488463,350363.87500000,16.26060486,0
2056.41531650,350402.87500000,16.27659225,0
2056.43574847,350261.59375000,16.27882195,0
2056.45618033,350286.50000000,16.28372383,0
2056.47661210,350258.34375000,16.30377007,0
2056.49704406,350190.25000000,16.29732895,0
2056.53790770,350505.62500000,16.21579933,0
2056.55833966,350492.43750000,16.22393417,0
2056.57877153,350442.84375000,16.24902153,0
2056.59920340,350412.31250000,16.23663902,0
2056.61963527,350393.15625000,16.25349045,0
2056.64006714,350479.68750000,16.24328041,0
2056.66049900,350153.46875000,16.27740097,0
2056.68093087,350290.62500000,16.27205658,0
2056.70136274,350334.03125000,16.29335976,0
2056.72179461,350201.56250000,16.29340553,0
2056.74222648,350076.84375000,16.30421257,0
2056.78309032,350384.06250000,16.21489334,0
2056.80352209,350418.78125000,16.22485542,0
2056.82395406,350399.00000000,16.22862434,0
2056.84438593,350361.81250000,16.24847031,0
2056.86481771,350297.71875000,16.26577187,0
2056.88524968,350288.53125000,16.25953674,0
2056.90568155,350546.06250000,16.25976562,0
2056.92611352,350141.00000000,16.27772903,0
2056.94654530,350139.15625000,16.28635406,0
2056.96697717,350065.43750000,16.29997444,0
2056.98740914,350306.21875000,16.30110359,0
2057.02827279,350289.84375000,16.19357872,0
2057.04870476,350279.68750000,16.21830559,0
2057.06913654,350447.75000000,16.22260857,0
2057.08956841,350426.75000000,16.24365044,0
2057.11000029,350287.62500000,16.24942207,0
2057.13043216,350284.56250000,16.25936127,0
2057.15086414,350219.25000000,16.26474190,0
2057.17129591,350229.03125000,16.27681732,0
2057.19172779,350194.21875000,16.29344177,0
2057.21215977,350101.81250000,16.29001045,0
2057.23259164,350128.15625000,16.29211044,0
2057.27345540,350291.18750000,16.12079620,0
2057.29388728,350342.40625000,16.12691498,0
2057.31431915,350406.34375000,16.15776634,0
2057.33475103,350407.40625000,16.17598343,524288
