time_bkjd,pdcsap_flux,pdcsap_flux_err,sap_quality
3861.11405342,10294.34472656,14.45585060,0
3861.11544231,10296.84765625,14.43893051,0
3861.11683120,10305.52636719,14.44317341,0
3861.11822009,10315.82519531,14.45969868,0
3861.11960898,10292.88671875,14.44046497,0
3861.12099787,10287.63964844,14.43561363,0
3861.12238676,10302.90332031,14.43857670,0
3861.12377565,10334.94628906,14.44877434,0
3861.12516453,10326.06152344,14.44808865,0
3861.12655342,10339.88281250,14.46138477,0
3861.12794231,10294.75000000,14.43657303,0
3861.12933120,10320.90136719,14.44853497,0
3861.13072009,10296.80175781,14.44196129,0
3861.13210898,10289.75097656,14.44034100,0
3861.13349787,10335.66796875,14.45189476,0
3861.13488676,10324.49609375,14.45457363,0
3861.13627565,10314.49023438,14.45492363,0
3861.13766454,10309.80664062,14.44845772,0
3861.13905343,10322.61816406,14.45657063,0
3861.14044232,10310.35839844,14.44342422,0
3861.14183121,10333.03027344,14.45731831,0
3861.14322010,10326.52636719,14.45335388,0
3861.14460899,10304.38769531,14.43715954,0
3861.14599788,10311.84667969,14.44873142,0
3861.14738677,10308.83984375,14.44440269,0
3861.14877566,10287.95312500,14.44691277,0
3861.15016455,10288.34472656,14.44213963,0
3861.15155344,10317.84960938,14.45759201,0
3861.15294233,10306.87500000,14.44967651,0
3861.15433121,10334.87402344,14.46117592,0
3861.15572010,10324.98828125,14.45815182,0
3861.15710899,10318.24804688,14.45412254,0
3861.15849788,10331.87109375,14.46570587,0
3861.15988677,10290.71386719,14.44507313,0
3861.16127566,10309.39746094,14.45701027,0
3861.16266455,10332.47363281,14.46801472,0
3861.16405344,10307.11328125,14.45958805,0
3861.16544233,10294.53808594,14.45312119,0
3861.16683122,10325.20410156,14.46790218,0
3861.16822011,10315.80078125,14.46737576,0
3861.16960900,10288.97265625,14.45469856,0
3861.17099789,10282.02636719,14.44400787,0
3861.17238678,10312.98730469,14.46608067,0
3861.17377567,10291.34472656,14.45529556,0
3861.17516456,10305.06542969,14.47125721,0
3861.17655345,10330.10449219,14.47996044,0
3861.17794234,10348.04980469,14.49473763,0
3861.17933123,10313.81933594,14.47441959,0
3861.18072012,10321.90234375,14.48830605,0
3861.18210901,10311.90332031,14.46691227,0
3861.18349790,10315.41503906,14.47909164,0
3861.18488679,10311.21093750,14.47282887,0
3861.18627567,10311.52148438,14.48717308,0
3861.18766456,10311.60742188,14.48035336,0
3861.18905345,10293.73242188,14.47684765,0
3861.19044234,10304.05175781,14.47205734,0
3861.19183123,10303.18945312,14.46429253,0
3861.19322012,10305.28125000,14.47155666,0
3861.19460901,10298.70800781,14.47687149,0
3861.19599790,10284.52539062,14.47158241,0
3861.19738679,10295.52148438,14.48149395,0
3861.19877568,10325.70605469,14.48102856,0
3861.20016457,10327.31445312,14.49297810,0
3861.20155346,10326.29101562,14.48913383,0
3861.20294235,10282.09082031,14.47045135,0
3861.20433124,10321.32910156,14.49119186,0
3861.20572013,10310.91308594,14.48449326,0
3861.20710902,10318.07714844,14.49652100,0
3861.20849791,10319.13671875,14.48833179,0
3861.20988680,10328.47656250,14.49667263,0
3861.21127569,10324.19531250,14.49646473,0
3861.21266458,10327.16601562,14.49971008,0
3861.21405347,10301.12500000,14.49420166,0
3861.21544236,10306.53417969,14.48851585,0
3861.21683125,10305.96777344,14.49275398,0
3861.21822013,10303.41210938,14.48838329,0
3861.21960902,10302.62988281,14.49737549,0
3861.22099791,10308.41601562,14.48984241,0
3861.22238680,10329.28417969,14.50167561,0
3861.22377569,10295.69824219,14.49519157,0
3861.22516458,10314.16699219,14.50516319,0
3861.22655347,10301.92187500,14.49762726,0
3861.22794236,10317.47070312,14.50071907,0
3861.22933125,10304.00585938,14.49501991,0
3861.23072014,10310.18164062,14.49987125,0
3861.23210903,10294.18554688,14.49632454,0
3861.23349792,10327.36132812,14.51050472,0
3861.23488681,10304.53125000,14.49837494,0
3861.23627570,10325.61328125,14.50846004,0
3861.23766459,10306.43066406,14.50232220,0
3861.23905348,10298.94628906,14.49481678,0
3861.24044237,10310.99316406,14.50308323,0
3861.24183126,10281.18066406,14.48542023,0
3861.24322015,10326.32031250,14.50725365,0
3861.24460904,10302.43359375,14.49939060,0
3861.24599793,10291.00292969,14.49343777,0
3861.24738682,10307.84960938,14.50635338,0
3861.24877571,10318.64941406,14.50718212,0
3861.25016460,10312.63183594,14.49291134,0
3861.25155349,10309.23339844,14.50103951,0
3861.25294237,10336.77441406,14.51492596,0
3861.25433126,10332.68261719,14.50749302,0
3861.25572015,10326.70800781,14.50572681,0
3861.25710904,10307.80175781,14.49746323,0
3861.25849793,10326.14843750,14.51078987,0
3861.25988682,10305.13769531,14.50359058,0
3861.26127571,10325.30078125,14.50625992,0
3861.26266460,10300.70507812,14.50067139,0
3861.26405349,10329.15234375,14.51987839,0
3861.26544238,10295.84667969,14.50559711,0
3861.26683127,10328.83105469,14.51296139,0
3861.26822016,10293.14941406,14.51032066,0
3861.26960905,10287.22265625,14.49186134,0
3861.27099794,10336.40136719,14.51375675,0
3861.27238683,10317.83691406,14.50962639,0
3861.27377572,10304.89648438,14.49676132,0
3861.27516461,10300.67968750,14.49989033,0
3861.27655350,10325.49902344,14.50682449,0
3861.27794239,10328.92578125,14.50841331,0
3861.27933128,10305.97363281,14.50510979,0
3861.28072017,10307.25585938,14.49424267,0
3861.28210906,10313.31542969,14.50530434,0
3861.28349795,10304.30078125,14.49038696,0
3861.28488684,10315.11621094,14.49158764,0
3861.28627573,10295.24511719,14.49452114,0
3861.28766462,10329.97167969,14.50135326,0
3861.28905351,10317.41308594,14.48117256,0
3861.29044239,10333.27832031,14.50521946,0
3861.29183128,10330.58203125,14.49800491,0
3861.29322017,10330.34765625,14.49025345,0
3861.29460906,10308.91601562,14.49149704,0
3861.29599795,10308.65917969,14.48856735,0
3861.29738684,10325.97167969,14.50123215,0
3861.29877573,10294.39160156,14.47198772,0
3861.30016462,10321.44042969,14.48763752,0
3861.30155351,10300.62597656,14.47619152,0
3861.30294240,10310.40917969,14.47317600,0
3861.30433129,10324.51074219,14.48470688,0
3861.30572018,10322.31152344,14.48343468,0
3861.30710907,10323.61523438,14.48317719,0
3861.30849796,10289.61523438,14.46336174,0
3861.30988685,10320.36914062,14.47836399,0
3861.31127574,10332.23535156,14.47038651,0
3861.31266463,10301.08691406,14.46496582,0
3861.31405352,10301.07617188,14.46773624,0
3861.31544241,10295.35546875,14.46125793,0
3861.31683130,10301.90820312,14.46345139,0
3861.31822019,10318.87011719,14.48050499,0
3861.31960908,10308.12597656,14.46139431,0
3861.32099797,10302.27441406,14.45522976,0
3861.32238686,10308.27050781,14.45887566,0
3861.32377575,10327.78710938,14.46127701,0
3861.32516464,10272.69921875,14.44413948,0
3861.32655353,10323.25488281,14.45871830,0
3861.32794242,10316.87109375,14.45224667,0
3861.32933131,10299.94238281,14.44579601,0
3861.33072019,10321.70996094,14.45671082,0
3861.33210908,10330.80957031,14.46135807,0
3861.33349797,10299.63574219,14.43864822,0
3861.33488686,10343.27148438,14.45241642,0
3861.33627575,10290.05664062,14.43521786,0
3861.33766464,10302.62304688,14.44787979,0
3861.33905353,10300.93945312,14.42713070,0
3861.34044242,10303.35156250,14.42874146,0
3861.34183131,10306.73535156,14.41987324,0
3861.34322020,10292.94531250,14.42466164,0
3861.34460909,10298.33203125,14.42142296,0
3861.34599798,10300.16894531,14.41221809,0
3861.34738687,10313.38671875,14.42925262,0
3861.34877576,10325.69042969,14.42988491,0
3861.35016465,10302.81250000,14.41126060,0
3861.35155354,10311.95117188,14.41290855,0
3861.35294243,10304.50292969,14.41693115,0
3861.35433132,10326.73144531,14.42484379,0
3861.35572021,10288.97753906,14.40023518,0
3861.35710910,10271.79785156,14.38500118,0
3861.35849799,10300.98632812,14.40336227,0
3861.35988688,10324.53613281,14.40764523,0
3861.36127577,10331.15625000,14.40764999,0
3861.36266466,10320.52929688,14.40880299,0
3861.36405355,10302.49414062,14.39954567,0
3861.36544244,10308.77050781,14.39041901,0
3861.36683133,10309.43847656,14.39006042,0
3861.36822022,10305.73535156,14.39538956,0
3861.36960911,10310.02246094,14.38753319,0
3861.37099800,10289.98828125,14.38602734,0
3861.37238689,10317.12207031,14.38794231,0
3861.37377578,10311.78613281,14.38599491,0
3861.37516467,10317.21191406,14.37628365,0
3861.37655355,10309.69628906,14.37491703,0
3861.37794244,10310.98535156,14.38374901,0
3861.37933133,10318.01562500,14.37909508,0
3861.38072022,10289.23437500,14.36570072,0
3861.38210911,10310.58398438,14.36568069,0
3861.38349800,10280.39843750,14.36114025,0
3861.38488689,10311.38574219,14.35972500,0
3861.38627578,10286.92285156,14.35215664,0
3861.38766467,10341.42187500,14.38193893,0
3861.38905356,10309.31933594,14.36565399,0
3861.39044245,10348.78613281,14.37561607,0
3861.39183134,10303.75585938,14.36252022,0
3861.39322023,10335.22949219,14.36432838,0
3861.39460912,10320.23046875,14.36708927,0
3861.39599801,10313.72753906,14.35058403,0
3861.39738690,10322.96679688,14.35683537,0
3861.39877579,10310.96289062,14.34620667,0
3861.40016468,10302.25585938,14.33993530,0
3861.40155357,10307.88476562,14.33777428,0
3861.40294246,10300.95898438,14.34331608,0
3861.40433135,10328.11230469,14.34929466,0
3861.40572024,10324.49316406,14.33892345,0
3861.40710913,10328.92871094,14.33813190,0
3861.40849802,10300.84765625,14.32746220,0
3861.40988691,10321.23632812,14.32970333,0
3861.41127580,10320.36132812,14.33007717,0
3861.41266469,10295.56054688,14.32498455,0
3861.41405358,10265.59472656,14.30390739,0
3861.41544247,10288.58886719,14.32075882,0
3861.41683136,10305.31542969,14.32217407,0
3861.41822025,10319.59472656,14.32570553,0
3861.41960914,10295.20703125,14.31284046,0
3861.42099803,10316.39648438,14.31775951,0
3861.42238692,10308.62695312,14.32524490,0
3861.42377581,10330.64550781,14.31426334,0
3861.42516470,10294.00292969,14.30107784,0
3861.42655359,10335.58007812,14.31268597,0
3861.42794248,10316.60839844,14.30898762,0
3861.42933136,10314.34375000,14.30395794,0
3861.43072025,10324.28808594,14.30618095,0
3861.43210914,10362.35742188,14.33692837,0
3861.43349803,10333.25488281,14.32034779,0
3861.43488692,10303.51562500,14.29977703,0
3861.43627581,10306.78613281,14.29517460,0
3861.43766470,10312.73046875,14.30971432,0
3861.43905359,10315.25000000,14.28865147,0
3861.44044248,10315.49316406,14.30828094,0
3861.44183137,10306.72070312,14.29121876,0
3861.44322026,10297.97949219,14.29376030,0
3861.44460915,10346.71093750,14.31263924,0
3861.44599804,10317.51074219,14.28875256,0
3861.44738693,10288.54980469,14.27867889,0
3861.44877582,10307.92285156,14.28970432,0
3861.45016471,10308.03320312,14.28505230,0
3861.45155360,10313.51171875,14.29548836,0
3861.45294249,10332.75683594,14.29962730,0
3861.45433138,10290.63281250,14.28962994,0
3861.45572027,10346.75781250,14.30357361,0
3861.45710916,10334.02929688,14.29450798,0
3861.45849805,10323.14648438,14.28961563,0
3861.45988694,10327.17675781,14.28997135,0
3861.46266472,10316.95898438,14.28867340,0
3861.46405361,10316.81152344,14.28948689,0
3861.46544250,10312.36621094,14.29041862,0
3861.46683139,10348.01367188,14.30641937,0
3861.46822028,10301.32031250,14.28344440,0
3861.46960917,10310.61718750,14.28127575,0
3861.47099806,10297.46191406,14.28055668,0
3861.47238695,10290.13574219,14.27308655,0
3861.47377584,10330.44726562,14.28750801,0
3861.47516473,10341.03808594,14.29385281,0
3861.47655362,10318.52441406,14.29417706,0
3861.47794251,10311.11816406,14.28286076,0
3861.47933140,10297.47949219,14.28290558,0
3861.48072029,10308.11230469,14.28416252,0
3861.48210918,10298.28417969,14.28159046,0
3861.48349807,10323.45703125,14.28601837,0
3861.48488696,10314.53417969,14.29111481,0
3861.48627585,10317.01074219,14.28968620,0
3861.48766474,10340.52832031,14.30012894,0
3861.48905363,10347.53417969,14.29842949,0
3861.49044252,10313.40917969,14.28617096,0
3861.49183141,10322.70214844,14.29285336,0
3861.49322029,10310.94042969,14.28705120,0
3861.49460918,10308.33691406,14.28627586,0
3861.49599807,10288.60253906,14.28014278,0
3861.49738696,10316.41308594,14.29342556,0
3861.49877585,10355.70898438,14.31286907,0
3861.50016474,10308.76367188,14.28974533,0
3861.50155363,10333.02929688,14.29900742,0
3861.50294252,10288.12890625,14.27140141,0
3861.50433141,10316.47949219,14.29498100,0
3861.50572030,10308.47558594,14.28951073,0
3861.50710919,10320.11718750,14.30093098,0
3861.50849808,10289.69335938,14.28550339,0
3861.50988697,10309.75781250,14.29392910,0
3861.51127586,10294.12597656,14.29121780,0
3861.51266475,10303.70410156,14.29608250,0
3861.51405364,10298.89257812,14.30051899,0
3861.51544253,10286.99023438,14.29601479,0
3861.51683142,10305.08398438,14.29387569,0
3861.51822031,10318.85351562,14.30868435,0
3861.51960920,10299.73925781,14.30376339,0
3861.52099809,10304.07421875,14.29792500,0
3861.52238698,10311.52832031,14.30351734,0
3861.52377587,10303.36132812,14.31200695,0
3861.52516476,10308.34179688,14.29945660,0
3861.52655365,10291.23828125,14.30765915,0
3861.52794254,10290.33496094,14.31562996,0
3861.52933143,10322.06347656,14.30374908,0
3861.53072032,10295.07617188,14.30009270,0
3861.53210921,10318.89355469,14.31727123,0
3861.53349810,10305.09082031,14.31758022,0
3861.53488699,10305.82031250,14.32046318,0
3861.53627588,10307.44628906,14.31436253,0
3861.53766477,10289.95507812,14.30755997,0
3861.53905366,10328.70605469,14.32416153,0
3861.54044255,10315.28027344,14.32636642,0
3861.54183144,10308.07910156,14.32279873,0
3861.54322033,10307.65332031,14.33076477,0
3861.54460922,10301.04882812,14.32718182,0
3861.54599811,10312.33105469,14.32848454,0
3861.54738700,10323.11718750,14.33451843,0
3861.54877589,10318.30371094,14.33833599,0
3861.55016478,10319.09082031,14.33301640,0
3861.55155367,10330.33496094,14.34134007,0
3861.55294256,10303.37695312,14.33886528,0
3861.55433145,10299.54980469,14.33270645,0
3861.55572034,10300.97558594,14.34677029,0
3861.55710923,10284.43066406,14.32834816,0
3861.55849812,10292.33789062,14.32487297,0
3861.55988701,10319.61328125,14.35512924,0
3861.56127590,10332.55664062,14.36772060,0
3861.56266479,10291.51562500,14.34357929,0
3861.56405368,10315.97656250,14.35605335,0
3861.56544257,10294.11425781,14.35630512,0
3861.56683146,10322.00878906,14.37642765,0
3861.56822035,10317.62109375,14.35737610,0
3861.56960924,10312.39843750,14.36983204,0
3861.57099813,10315.45312500,14.37201309,0
3861.57238702,10290.64648438,14.36433029,0
3861.57377591,10308.90039062,14.37370586,0
3861.57516480,10294.78027344,14.37249470,0
3861.57655369,10304.07421875,14.37108040,0
3861.57794258,10297.37109375,14.37933731,0
3861.57933147,10302.35253906,14.37918758,0
3861.58072036,10313.69335938,14.38218689,0
3861.58210925,10320.50292969,14.39220810,0
3861.58349814,10315.87597656,14.38699818,0
3861.58488703,10340.78125000,14.39523315,0
3861.58627592,10330.25878906,14.39584827,0
3861.58766481,10295.61914062,14.38419628,0
3861.58905370,10290.46093750,14.39589787,0
3861.59044259,10311.06347656,14.39590740,0
3861.59183148,10277.18847656,14.38731098,0
3861.59322037,10302.99511719,14.39266396,0
3861.59460926,10284.50292969,14.40141582,0
3861.59599815,10306.16406250,14.40747738,0
3861.59738703,10281.09179688,14.40254784,0
3861.59877592,10326.14550781,14.42217350,0
3861.60016481,10322.60839844,14.40683365,0
3861.60155370,10326.58300781,14.41530323,0
3861.60294259,10293.50585938,14.42250061,0
3861.60433148,10306.73437500,14.42421150,0
3861.60572037,10341.93261719,14.42375565,0
3861.60710926,10318.64843750,14.42719269,0
3861.60849815,10300.39062500,14.41251850,0
3861.60988704,10290.07226562,14.42967319,0
3861.61127593,10308.29882812,14.43045807,0
3861.61266482,10306.23925781,14.43292141,0
3861.61405371,10292.26074219,14.42176247,0
3861.61544260,10299.89257812,14.42932606,0
3861.61683149,10303.04296875,14.43306351,0
3861.61822038,10290.47070312,14.43058491,0
3861.61960927,10301.11914062,14.43438435,0
3861.62099816,10323.87988281,14.44746304,0
3861.62238705,10321.89257812,14.44533348,0
3861.62377594,10311.57324219,14.44670963,0
3861.62516483,10320.39550781,14.44543934,0
3861.62655372,10340.33886719,14.46399593,0
3861.62794261,10299.58496094,14.44193172,0
3861.62933150,10315.60644531,14.45037460,0
3861.63072039,10316.62695312,14.45970345,0
3861.63210928,10284.77636719,14.44125748,0
3861.63349817,10350.24902344,14.46869469,0
3861.63488706,10334.92968750,14.46180344,0
3861.63627595,10319.98925781,14.46573639,0
3861.63766484,10325.60058594,14.45858097,0
3861.63905373,10318.87988281,14.46345806,0
3861.64044262,10320.00000000,14.46665668,0
3861.64183151,10293.97070312,14.46084213,0
3861.64322040,10325.86132812,14.47158432,0
3861.64460929,10323.97070312,14.48266125,0
3861.64599818,10319.24804688,14.47543526,0
3861.64738707,10317.58691406,14.47879887,0
3861.64877596,10292.52832031,14.45686626,0
3861.65016485,10317.89550781,14.46640873,0
3861.65155374,10302.93359375,14.47910500,0
3861.65294263,10328.97753906,14.48826122,0
3861.65433152,10303.16113281,14.46603584,0
3861.65572041,10297.90136719,14.46907616,0
3861.65710930,10310.55078125,14.48661327,0
3861.65849819,10318.81640625,14.48527527,0
3861.65988708,10306.38183594,14.48200512,0
3861.66127597,10315.34179688,14.47887516,0
3861.66266486,10315.62402344,14.48267269,0
3861.66405375,10315.92578125,14.49056530,0
3861.66544264,10293.37890625,14.47955990,0
3861.66683153,10302.93164062,14.47602081,0
3861.66822042,10304.47753906,14.48173141,0
3861.66960931,10307.30078125,14.48920536,0
3861.67099820,10328.19628906,14.50294590,0
3861.67238709,10320.33203125,14.49662685,0
3861.67377598,10316.11816406,14.50181103,0
3861.67516487,10296.68164062,14.48303509,0
3861.67794265,10306.66601562,14.48796463,0
3861.67933154,10311.83007812,14.49324894,0
3861.68072043,10308.63476562,14.49746418,0
3861.68210932,10324.68164062,14.50758553,0
3861.68349821,10310.14550781,14.51113701,0
3861.68488710,10294.91406250,14.50674057,0
3861.68627599,10324.11914062,14.50398922,0
3861.68766488,10313.42578125,14.51340771,0
3861.68905377,10304.79492188,14.50564289,0
3861.69044266,10319.98925781,14.50869083,0
3861.69183155,10320.67089844,14.50900555,0
3861.69322044,10329.65039062,14.52245903,0
3861.69460933,10317.45703125,14.51346493,0
3861.69599822,10307.70214844,14.50897503,0
3861.69738711,10307.06250000,14.50416851,0
3861.69877600,10316.48339844,14.51440525,0
3861.70016489,10300.45214844,14.52179623,0
3861.70155378,10317.86621094,14.51611519,0
3861.70294267,10315.40234375,14.51009655,0
3861.70433156,10298.68261719,14.50700760,0
3861.70572045,10317.70996094,14.52077866,0
3861.70710934,10308.52929688,14.51637459,0
3861.70849823,10298.59765625,14.50672054,0
3861.70988712,10301.84570312,14.51748943,0
3861.71127601,10311.03515625,14.52203083,0
3861.71266490,10311.69726562,14.52719975,0
3861.71405379,10321.76562500,14.52180004,0
3861.71544268,10309.52539062,14.51303387,0
3861.71683157,10295.87890625,14.50826836,0
3861.71822046,10299.33398438,14.51185989,0
3861.71960935,10334.32519531,14.52960014,0
3861.72099824,10305.52343750,14.51687622,0
3861.72238713,10308.38085938,14.51698208,0
3861.72377602,10298.26953125,14.51865578,0
3861.72516491,10326.02832031,14.52485657,0
3861.72655380,10267.70507812,14.49777985,0
3861.72794269,10295.41015625,14.50632000,0
3861.72933158,10307.40039062,14.51232338,0
3861.73072047,10328.16406250,14.51942921,0
3861.73210936,10332.33398438,14.53196335,0
3861.73349825,10302.68457031,14.51473713,0
3861.73488714,10314.37109375,14.50890446,0
3861.73627603,10323.61035156,14.51207829,0
3861.73766492,10306.98046875,14.50438213,0
3861.73905381,10298.53906250,14.50693130,0
3861.74044270,10300.50390625,14.50737476,0
3861.74183159,10304.84863281,14.50496864,0
3861.74322048,10325.35937500,14.51001453,0
3861.74460937,10307.57324219,14.50678921,0
3861.74599826,10327.07128906,14.51340008,0
3861.74738715,10319.19433594,14.50600815,0
3861.74877604,10291.60742188,14.49436855,0
3861.75016493,10316.12988281,14.51199245,0
3861.75155382,10291.68847656,14.50479507,0
3861.75294271,10293.08300781,14.49467087,0
3861.75433160,10294.37304688,14.49553967,0
3861.75572049,10310.94628906,14.50599670,0
3861.75710938,10316.97753906,14.52179432,0
3861.75849827,10312.15234375,14.50701618,0
3861.75988717,10321.43457031,14.51385593,0
3861.76127606,10300.87792969,14.50240612,0
3861.76266495,10282.75488281,14.49670601,0
3861.76405384,10290.62792969,14.49532986,0
3861.76544273,10299.77929688,14.49822330,0
3861.76683162,10313.07128906,14.50060463,0
3861.76822051,10330.00292969,14.51342773,0
3861.76960940,10293.66113281,14.49681282,0
3861.77099829,10272.97363281,14.48283577,0
3861.77238718,10303.86523438,14.50317287,0
3861.77377607,10297.67968750,14.50514984,0
3861.77516496,10309.47460938,14.49825382,0
3861.77655385,10307.20800781,14.51002693,0
3861.77794274,10311.83691406,14.49858284,0
3861.77933163,10304.61425781,14.50610161,0
3861.78072052,10302.93652344,14.49433804,0
3861.78210941,10328.27734375,14.51658154,0
3861.78349830,10334.34960938,14.51145744,0
3861.78488719,10331.58496094,14.50708675,0
3861.78627608,10322.84472656,14.50889015,0
3861.78766497,10299.89355469,14.49844265,0
3861.78905386,10282.83203125,14.48449135,0
3861.79044275,10326.20019531,14.50599861,0
3861.79183164,10291.82128906,14.48787498,0
3861.79322053,10311.52246094,14.48558998,0
3861.79460942,10317.35937500,14.49529839,0
3861.79599831,10320.57226562,14.50350571,0
3861.79738720,10323.74023438,14.49479294,0
3861.79877609,10304.95410156,14.49655342,0
3861.80016498,10299.68164062,14.48684216,0
3861.80155387,10337.08203125,14.50737762,0
3861.80294276,10336.83691406,14.50721550,0
3861.80433165,10310.41992188,14.49559021,0
3861.80572054,10315.38867188,14.49433517,0
3861.80710943,10300.59863281,14.49402237,0
3861.80849832,10279.54589844,14.48645782,0
3861.80988721,10317.53125000,14.49471378,0
3861.81127610,10300.08593750,14.48905087,0
3861.81266499,10319.32812500,14.50159836,0
3861.81405388,10297.00585938,14.49365616,0
3861.81544277,10304.37304688,14.50277901,0
3861.81683166,10313.59375000,14.48631668,0
3861.81822055,10294.02539062,14.49752808,0
3861.81960944,10304.99804688,14.49659538,0
3861.82099833,10313.85449219,14.50731850,0
3861.82238722,10322.93750000,14.50671577,0
3861.82377611,10339.51171875,14.51534843,0
3861.82516500,10311.50488281,14.50790977,0
3861.82655389,10309.98437500,14.50868130,0
3861.82794278,10328.65527344,14.51449108,0
3861.82933167,10302.06250000,14.49966812,0
3861.83072056,10305.70703125,14.49521542,0
3861.83210945,10323.42968750,14.51502609,0
3861.83349834,10315.26757812,14.50642586,0
3861.83488723,10286.00097656,14.49086475,0
3861.83627612,10308.91699219,14.49827862,0
3861.83766501,10299.38281250,14.49472427,0
3861.83905390,10305.27441406,14.50707912,0
3861.84044279,10315.44433594,14.50147629,0
3861.84183168,10327.14160156,14.51818943,0
3861.84322057,10296.82324219,14.49831581,0
3861.84460946,10295.57812500,14.49950027,0
3861.84599835,10333.54101562,14.51415157,0
3861.84877613,10306.87695312,14.50445557,0
3861.85155391,10297.46582031,14.50222111,0
3861.85294280,10318.59472656,14.50798130,0
3861.85433169,10297.78515625,14.50292015,0
3861.85572058,10306.59765625,14.51581287,0
3861.85710948,10337.34179688,14.51821995,0
3861.85849837,10273.46582031,14.49740028,0
3861.85988726,10324.21093750,14.51455402,0
3861.86127615,10316.15429688,14.50928974,0
3861.86266504,10317.93457031,14.51805019,0
3861.86405393,10280.87890625,14.50296021,0
3861.86544282,10301.56542969,14.50767040,0
3861.86683171,10311.58593750,14.51529789,0
3861.86822060,10307.77832031,14.51569080,0
3861.86960949,10306.93164062,14.51481628,0
3861.87099838,10315.48925781,14.51789474,0
3861.87238727,10331.96875000,14.52064419,0
3861.87377616,10308.37597656,14.52267838,0
3861.87516505,10307.74316406,14.51924515,0
3861.87655394,10327.79980469,14.51997852,0
3861.87794283,10327.95996094,14.52419376,0
3861.87933172,10326.03613281,14.52748966,0
3861.88072061,10325.10937500,14.52163315,0
3861.88210950,10320.09570312,14.52922535,0
3861.88349839,10304.37890625,14.52190113,0
3861.88488728,10319.89062500,14.51650715,0
3861.88627617,10307.39746094,14.52125359,0
3861.88766506,10325.57324219,14.53200912,0
3861.88905395,10313.45898438,14.52683735,0
3861.89044284,10288.03515625,14.51718330,0
3861.89183173,10322.07910156,14.52852917,0
3861.89322062,10301.14062500,14.52706337,0
3861.89460951,10304.86718750,14.52550507,0
3861.89599840,10317.55761719,14.52823257,0
3861.89738729,10310.55761719,14.52140331,0
3861.89877618,10303.16015625,14.52892876,0
3861.90016507,10295.68750000,14.51893139,0
3861.90155396,10341.79199219,14.54808617,0
3861.90294285,10338.28222656,14.53837490,0
3861.90433174,10332.82226562,14.54888439,0
3861.90572063,10305.57128906,14.53056717,0
3861.90710952,10326.75000000,14.54173660,0
3861.90849841,10292.88867188,14.52160549,0
3861.90988730,10331.51660156,14.54018879,0
3861.91127619,10306.91503906,14.52507877,0
3861.91266508,10317.17968750,14.54640293,0
3861.91405397,10286.53808594,14.53430748,0
3861.91544287,10311.79296875,14.54285431,0
3861.91683176,10308.20996094,14.54347515,0
3861.91822065,10310.91015625,14.54226303,0
3861.91960954,10305.51464844,14.53462601,0
3861.92099843,10322.98925781,14.54524040,0
3861.92238732,10311.46386719,14.54302502,0
3861.92377621,10321.93554688,14.54742908,0
3861.92516510,10303.44433594,14.54568768,0
3861.92655399,10309.28710938,14.53932285,0
3861.92794288,10287.07421875,14.52779198,0
3861.92933177,10314.87890625,14.54285622,0
3861.93072066,10284.77246094,14.52527046,0
3861.93210955,10316.43164062,14.54037857,0
3861.93349844,10295.53125000,14.53217411,0
3861.93488733,10295.57812500,14.52649307,0
3861.93627622,10301.87890625,14.53064919,0
3861.93766511,10276.89160156,14.52604198,0
3861.93905400,10316.40722656,14.53965282,0
3861.94044289,10302.02343750,14.53145695,0
3861.94183178,10317.37792969,14.53854370,0
3861.94322067,10306.57421875,14.53552723,0
3861.94460956,10309.75097656,14.54845047,0
3861.94599845,10299.04199219,14.53738785,0
3861.94738734,10308.19726562,14.53518963,0
3861.94877623,10324.43750000,14.53463078,0
3861.95016512,10281.12402344,14.51920795,0
3861.95155401,10294.59765625,14.52688885,0
3861.95294290,10304.09375000,14.52503109,0
3861.95433179,10303.79492188,14.53753757,0
3861.95572068,10307.08105469,14.52799988,0
3861.95710957,10317.32324219,14.52347946,0
3861.95849846,10306.00390625,14.52184105,0
3861.95988735,10321.58203125,14.53454208,0
3861.96127625,10322.48925781,14.53244877,0
3861.96266514,10318.07226562,14.52890110,0
3861.96405403,10326.02539062,14.53552151,0
3861.96544292,10293.69433594,14.52178860,0
3861.96683181,10320.61035156,14.53244972,0
3861.96822070,10307.84765625,14.52292919,0
3861.96960959,10311.67285156,14.52273083,0
3861.97099848,10319.74414062,14.53296375,0
3861.97238737,10326.76855469,14.52404022,0
3861.97377626,10320.02343750,14.52486229,0
3861.97516515,10300.12792969,14.51597977,0
3861.97655404,10278.34082031,14.51298141,0
3861.97794293,10297.55957031,14.51965332,0
3861.97933182,10301.84765625,14.51901054,0
3861.98072071,10308.68457031,14.51774502,0
3861.98210960,10314.19824219,14.52344799,0
3861.98349849,10320.35937500,14.52321625,0
3861.98488738,10296.60449219,14.49859428,0
3861.98627627,10317.27441406,14.51828861,0
3861.98766516,10310.82031250,14.51333904,0
3861.98905405,10311.78613281,14.51796055,0
3861.99044294,10305.84472656,14.50465298,0
3861.99183183,10306.31542969,14.49749851,0
3861.99322072,10310.70214844,14.51148701,0
3861.99460961,10335.77343750,14.51688099,0
3861.99599850,10296.53417969,14.50953674,0
3861.99738739,10273.69140625,14.48863029,0
3861.99877628,10306.57910156,14.50057507,0
3862.00016518,10289.59082031,14.48572731,0
3862.00155407,10300.81445312,14.49592495,0
3862.00294296,10306.90429688,14.49247646,0
3862.00433185,10308.38476562,14.49618340,0
3862.00572074,10315.30273438,14.50953197,0
3862.00710963,10333.82812500,14.50242710,0
3862.00849852,10316.92773438,14.49599457,0
3862.00988741,10311.80371094,14.49180984,0
3862.01127630,10317.16894531,14.47889900,0
3862.01266519,10321.58593750,14.48445320,0
3862.01405408,10310.60839844,14.47739410,0
3862.01544297,10316.00292969,14.48033047,0
3862.01683186,10313.18164062,14.48446083,0
3862.01822075,10300.94433594,14.47022057,0
3862.01960964,10319.10156250,14.47377682,0
3862.02099853,10338.97656250,14.48240948,0
3862.02238742,10309.62792969,14.46908474,0
3862.02377631,10307.71679688,14.46012020,0
3862.02516520,10293.53417969,14.46059418,0
3862.02655409,10312.76074219,14.45925140,0
3862.02794298,10298.83691406,14.45784950,0
3862.02933187,10314.58496094,14.47174263,0
3862.03072076,10312.41503906,14.46155357,0
3862.03210965,10322.49609375,14.45997429,0
3862.03349854,10314.07812500,14.45696068,0
3862.03488744,10298.84082031,14.44649124,0
3862.03627633,10308.74609375,14.44423580,0
3862.03766522,10316.03515625,14.43743896,0
3862.03905411,10315.98632812,14.44441414,0
3862.04044300,10300.37695312,14.43027115,0
3862.04183189,10316.98730469,14.44262028,0
3862.04322078,10314.85937500,14.43822098,0
3862.04460967,10312.73437500,14.43706131,0
3862.04599856,10325.72167969,14.43542576,0
3862.04738745,10297.93066406,14.42030144,0
3862.04877634,10297.52050781,14.41765594,0
3862.05016523,10329.74316406,14.42313385,0
3862.05155412,10290.26757812,14.40567780,0
3862.05294301,10309.01074219,14.41140079,0
3862.05433190,10280.83007812,14.39405251,0
3862.05572079,10298.94042969,14.40413761,0
3862.05710968,10317.23535156,14.41028500,0
3862.05849857,10300.61718750,14.40631866,0
3862.05988746,10325.89453125,14.40570164,0
3862.06127635,10318.95996094,14.39394093,0
3862.06266524,10309.62695312,14.39614105,0
3862.06405413,10308.32519531,14.38965893,0
3862.06544303,10307.09960938,14.39443874,0
3862.06683192,10329.25683594,14.39220333,0
3862.06822081,10304.67675781,14.38375664,0
3862.06960970,10309.01269531,14.38008022,0
3862.07099859,10314.65527344,14.38351631,0
3862.07238748,10310.07519531,14.37107658,0
3862.07377637,10319.45800781,14.37503242,0
3862.07516526,10301.47460938,14.36770821,0
3862.07655415,10309.24316406,14.36631203,0
3862.07794304,10316.72265625,14.37420559,0
3862.07933193,10311.48632812,14.36908627,0
3862.08072082,10284.11816406,14.35052872,0
3862.08210971,10303.48632812,14.35438442,0
3862.08349860,10320.24121094,14.35686970,0
3862.08488749,10309.08398438,14.35290718,0
3862.08627638,10315.06054688,14.34482861,0
3862.08766527,10324.25976562,14.35722733,0
3862.08905416,10314.17187500,14.34198856,0
3862.09044305,10321.44726562,14.35149860,0
3862.09183194,10342.62792969,14.35642433,0
3862.09322083,10318.28222656,14.34501266,0
3862.09460973,10309.15332031,14.33793354,0
3862.09599862,10320.94140625,14.33554745,0
3862.09738751,10311.33593750,14.32731152,0
3862.09877640,10320.37988281,14.33187389,0
3862.10016529,10314.50585938,14.33005142,0
3862.10155418,10334.97851562,14.32971859,0
3862.10294307,10319.44238281,14.32991409,0
3862.10433196,10308.62304688,14.31964111,0
3862.10572085,10290.88085938,14.30601788,0
3862.10710974,10321.07812500,14.31237793,0
3862.10849863,10318.06933594,14.30609894,0
3862.10988752,10344.13574219,14.31877041,0
3862.11127641,10331.70898438,14.30791187,0
3862.11266530,10303.92480469,14.29835606,0
3862.11405419,10301.92382812,14.29728985,0
3862.11544308,10300.67285156,14.29764080,0
3862.11683197,10306.52343750,14.29059315,0
3862.11822086,10310.66406250,14.30156231,0
3862.11960975,10343.02441406,14.30443382,0
3862.12099865,10296.66699219,14.28271866,0
3862.12238754,10317.17675781,14.28481483,0
3862.12377643,10319.51269531,14.28784847,0
3862.12516532,10299.08789062,14.27262688,0
3862.12655421,10304.02343750,14.27803802,0
3862.12794310,10341.05468750,14.28512192,0
3862.12933199,10293.57910156,14.26958561,0
3862.13072088,10314.36718750,14.27874279,0
3862.13210977,10288.87402344,14.25422764,0
3862.13349866,10315.31054688,14.26637459,0
3862.13488755,10335.44335938,14.27475357,0
3862.13627644,10325.28320312,14.27263927,0
3862.13766533,10304.42285156,14.25373077,0
3862.13905422,10317.30566406,14.25531864,0
3862.14044311,10335.74218750,14.26669407,0
3862.14183200,10298.39648438,14.26122379,0
3862.14322089,10325.29687500,14.26052856,0
3862.14460979,10331.44335938,14.25029850,0
3862.14599868,10314.75000000,14.25017262,0
3862.14738757,10324.59863281,14.24570560,0
3862.14877646,10303.54882812,14.24075699,0
3862.15016535,10314.53125000,14.24557209,0
3862.15155424,10291.51171875,14.22320366,0
3862.15294313,10300.77441406,14.22794247,0
3862.15433202,10328.68554688,14.24979401,0
3862.15572091,10303.53515625,14.23033810,0
3862.15710980,10304.06054688,14.23321342,0
3862.15849869,10310.33007812,14.22960949,0
3862.15988758,10302.42382812,14.21478748,0
3862.16127647,10313.32226562,14.22092724,0
3862.16266536,10313.57812500,14.23005772,0
3862.16405425,10312.46386719,14.22319031,0
3862.16544314,10307.56933594,14.21993160,0
3862.16683203,10344.66015625,14.22966385,0
3862.16822093,10294.64453125,14.20780945,0
3862.16960982,10307.14062500,14.22516632,0
3862.17099871,10311.48828125,14.22382450,0
3862.17238760,10325.51953125,14.22239780,0
3862.17377649,10290.48925781,14.21615791,0
3862.17516538,10315.10449219,14.21745110,0
3862.17655427,10308.77636719,14.20879841,0
3862.17794316,10324.77343750,14.21648121,0
3862.17933205,10308.22949219,14.22071648,0
3862.18072094,10322.67089844,14.22524261,0
3862.18210983,10306.71484375,14.21247673,0
3862.18349872,10312.80664062,14.20756912,0
3862.18488761,10314.70410156,14.21073532,0
3862.18627650,10296.60058594,14.20383263,0
3862.18766539,10268.01757812,14.20247078,0
3862.18905428,10330.23242188,14.21223736,0
3862.19044318,10340.76074219,14.21602249,0
3862.19183207,10313.38476562,14.20264053,0
3862.19322096,10313.87402344,14.20294380,0
3862.19460985,10305.34472656,14.20117664,0
3862.19599874,10319.04492188,14.20391750,0
3862.19738763,10295.61328125,14.20341015,0
3862.19877652,10299.51367188,14.19247437,0
3862.20016541,10325.63281250,14.20881653,0
3862.20155430,10308.97753906,14.20305729,0
3862.20294319,10310.32812500,14.19979477,0
3862.20433208,10297.88867188,14.19229889,0
3862.20572097,10323.06445312,14.20205116,0
3862.20710986,10319.24414062,14.20217800,0
3862.20849875,10337.12207031,14.20893860,0
3862.20988764,10320.81152344,14.19704056,0
3862.21127654,10314.85156250,14.20700169,0
3862.21266543,10294.43359375,14.18945408,0
3862.21405432,10331.60546875,14.20009136,0
3862.21544321,10303.38183594,14.18986511,0
3862.21683210,10325.49218750,14.20215797,0
3862.21822099,10333.76074219,14.19617367,0
3862.21960988,10326.33593750,14.19958496,0
3862.22099877,10308.12792969,14.18543243,0
3862.22238766,10281.69042969,14.18315220,0
3862.22377655,10308.16015625,14.18397713,0
3862.22516544,10330.88378906,14.18787098,0
3862.22655433,10330.29687500,14.20905113,0
3862.22794322,10317.68164062,14.19135284,0
3862.22933211,10323.81542969,14.19752598,0
3862.23072101,10291.53125000,14.19598389,0
3862.23210990,10296.98632812,14.17858505,0
3862.23349879,10331.13183594,14.18561745,0
3862.23488768,10312.67382812,14.18437862,0
3862.23627657,10304.95800781,14.17912579,0
3862.23766546,10329.89160156,14.18981838,0
3862.23905435,10292.61718750,14.17739677,0
3862.24044324,10312.62988281,14.17705441,0
3862.24183213,10331.58105469,14.17862511,0
3862.24322102,10335.44335938,14.17689323,0
3862.24460991,10323.69238281,14.17290306,0
3862.24599880,10332.46484375,14.18681431,0
3862.24738769,10298.38281250,14.16730785,0
3862.24877658,10309.97558594,14.17793465,0
3862.25016548,10317.44238281,14.17814541,0
3862.25155437,10311.23828125,14.17344952,0
3862.25294326,10303.74414062,14.18197060,0
3862.25433215,10327.62695312,14.18048477,0
3862.25572104,10332.76953125,14.18091869,0
3862.25710993,10293.67089844,14.16473866,0
3862.25849882,10327.14355469,14.17531872,0
3862.25988771,10311.67187500,14.16828156,0
3862.26127660,10299.08203125,14.16452026,0
3862.26266549,10288.47656250,14.15425014,0
3862.26405438,10327.47167969,14.16911888,0
3862.26544327,10292.37988281,14.16025162,0
3862.26683216,10317.91992188,14.16705608,0
3862.26822106,10317.63183594,14.15930939,0
3862.26960995,10308.97558594,14.15896130,0
3862.27099884,10280.41113281,14.14710236,0
3862.27238773,10335.07421875,14.16916752,0
3862.27377662,10322.05273438,14.16595364,0
3862.27516551,10313.94921875,14.16324425,0
3862.27655440,10302.04101562,14.14791965,0
3862.27794329,10287.43652344,14.15066433,0
3862.27933218,10324.05664062,14.17396450,0
3862.28072107,10305.45996094,14.15015411,0
3862.28210996,10314.40332031,14.15700340,0
3862.28349885,10295.51171875,14.14265060,0
3862.28488774,10292.19531250,14.15346432,0
3862.28627664,10324.65527344,14.15053749,0
3862.28766553,10330.21972656,14.16137028,0
3862.28905442,10311.43945312,14.14739418,0
3862.29044331,10328.82519531,14.15398312,0
3862.29183220,10337.17285156,14.15210152,0
3862.29322109,10329.79199219,14.15357590,0
3862.29460998,10308.21386719,14.13840389,0
3862.29599887,10327.62890625,14.14934254,0
3862.29738776,10325.20214844,14.14795303,0
3862.29877665,10308.35546875,14.14610863,0
3862.30016554,10285.49804688,14.12839890,0
3862.30155443,10317.37695312,14.14287663,0
3862.30294332,10342.34960938,14.15312767,0
3862.30433222,10329.68261719,14.14185810,0
3862.30572111,10277.40527344,14.12078667,0
3862.30711000,10317.14453125,14.14039326,0
3862.30849889,10305.45703125,14.13199329,0
3862.30988778,10307.24902344,14.13175583,0
3862.31127667,10315.86914062,14.12629700,0
3862.31266556,10314.14453125,14.12791634,0
3862.31405445,10319.85156250,14.13039017,0
3862.31544334,10306.15820312,14.12963772,0
3862.31683223,10301.01562500,14.11659527,0
3862.31822112,10342.80859375,14.14368343,0
3862.31961001,10325.22656250,14.13621902,0
3862.32099891,10319.83007812,14.13740635,0
3862.32238780,10322.75976562,14.12256050,0
3862.32377669,10291.95703125,14.10513496,0
3862.32516558,10290.96582031,14.11618423,0
3862.32655447,10293.08886719,14.11412907,0
3862.32794336,10314.50585938,14.12327290,0
3862.32933225,10294.92285156,14.10309792,0
3862.33072114,10324.24218750,14.12858582,0
3862.33211003,10306.28906250,14.10149765,0
3862.33349892,10293.95507812,14.10293293,0
3862.33488781,10299.44042969,14.10358715,0
3862.33627671,10329.57226562,14.11491776,0
3862.33766560,10310.67871094,14.10797977,0
3862.33905449,10323.09570312,14.10918713,0
3862.34044338,10327.06250000,14.10951042,0
3862.34183227,10309.60058594,14.10663700,0
3862.34322116,10304.10156250,14.10149479,0
3862.34461005,10264.94531250,14.08766651,0
3862.34599894,10317.77734375,14.09416294,0
3862.34738783,10299.20703125,14.08958912,0
3862.34877672,10298.51660156,14.09076214,0
3862.35016561,10325.41796875,14.09558296,0
3862.35155450,10299.08007812,14.08843899,0
3862.35294340,10289.81250000,14.07690334,0
3862.35433229,10321.96484375,14.08366203,0
3862.35572118,10357.94824219,14.10813427,0
3862.35711007,10294.54687500,14.07850647,0
3862.35849896,10293.15429688,14.07148075,0
3862.35988785,10312.49316406,14.08052540,0
3862.36127674,10303.98242188,14.07653713,0
3862.36266563,10297.48046875,14.06876278,0
3862.36405452,10300.00390625,14.07295418,0
3862.36544341,10320.91601562,14.07561207,0
3862.36683230,10307.79882812,14.07080650,0
3862.36822120,10313.20019531,14.07617855,0
3862.36961009,10322.23046875,14.06875801,0
3862.37099898,10319.84960938,14.06773567,0
3862.37238787,10343.41015625,14.07615566,0
3862.37377676,10284.19726562,14.05599403,0
3862.37516565,10311.34667969,14.06124878,0
3862.37655454,10317.24902344,14.05805969,0
3862.37794343,10315.41601562,14.06422234,0
3862.37933232,10311.14355469,14.05365944,0
3862.38072121,10334.38183594,14.05558968,0
3862.38211011,10293.19238281,14.03448868,0
3862.38349900,10284.38867188,14.05346012,0
3862.38488789,10318.89453125,14.03529072,0
3862.38627678,10317.52539062,14.03789043,0
3862.38766567,10328.77734375,14.05519962,0
3862.38905456,10299.90429688,14.03414154,0
3862.39044345,10315.42187500,14.03542423,0
3862.39183234,10315.47460938,14.04649258,0
3862.39322123,10288.56640625,14.02825356,0
3862.39461012,10310.63671875,14.03711605,0
3862.39599901,10315.88378906,14.02506351,0
3862.39738791,10286.53125000,14.01336002,0
3862.39877680,10328.49902344,14.03748989,0
3862.40016569,10317.70214844,14.02035999,0
3862.40155458,10305.78320312,14.01616096,0
3862.40294347,10294.06933594,14.00405788,0
3862.40433236,10319.54589844,14.00207233,0
3862.40572125,10294.03515625,13.99479389,0
3862.40711014,10297.17187500,13.99339390,0
3862.40849903,10326.43554688,14.00936699,0
3862.40988792,10279.59179688,13.99384022,0
3862.41127682,10323.12500000,14.00760174,0
3862.41266571,10300.87011719,13.99808216,0
3862.41405460,10319.79394531,13.99995804,0
3862.41544349,10311.45019531,13.98654652,0
3862.41683238,10340.32128906,14.01048183,0
3862.41822127,10294.32812500,13.98663235,0
3862.41961016,10310.53515625,13.98468781,0
3862.42099905,10326.92285156,13.98620701,0
3862.42238794,10308.57421875,13.98343277,0
3862.42377683,10323.01171875,13.99829578,0
3862.42516573,10312.86132812,13.97864056,0
3862.42655462,10318.38769531,13.97599411,0
3862.42794351,10302.50976562,13.96897984,0
3862.42933240,10319.82226562,13.97498894,0
3862.43072129,10295.68164062,13.96415043,0
3862.43211018,10321.14550781,13.96940327,0
3862.43349907,10309.65429688,13.95471764,0
3862.43488796,10319.29687500,13.96553898,0
3862.43627685,10319.50781250,13.96508121,0
3862.43766574,10315.50488281,13.95478821,0
3862.43905464,10307.26074219,13.95766544,0
3862.44044353,10324.32421875,13.95984077,0
3862.44183242,10326.30175781,13.95352840,0
3862.44322131,10296.89453125,13.93342590,0
3862.44461020,10336.21972656,13.95668125,0
3862.44599909,10306.78613281,13.94038868,0
3862.44738798,10355.12402344,13.95930767,0
3862.44877687,10311.61523438,13.93209743,0
3862.45016576,10334.06250000,13.93946648,0
3862.45155466,10288.29589844,13.93428516,0
3862.45294355,10329.50097656,13.93758583,0
3862.45433244,10320.20214844,13.93729782,0
3862.45572133,10308.73632812,13.92480850,0
3862.45711022,10313.37304688,13.91953468,0
3862.45849911,10307.44140625,13.91260147,0
3862.45988800,10300.66894531,13.92504501,0
3862.46127689,10322.33105469,13.92393112,0
3862.46266578,10332.10253906,13.91479969,0
3862.46405467,10302.77539062,13.91694260,0
3862.46544357,10302.65820312,13.90977955,0
3862.46683246,10326.34277344,13.90858746,0
3862.46822135,10327.09472656,13.90913010,0
3862.46961024,10347.29882812,13.92587090,0
3862.47099913,10308.20507812,13.89668941,0
3862.47238802,10328.76074219,13.90775394,0
3862.47377691,10324.38671875,13.89926434,0
3862.47516580,10316.56347656,13.89625645,0
3862.47655469,10315.52343750,13.90337086,0
3862.47794359,10293.50292969,13.88142109,0
3862.47933248,10299.47167969,13.88094616,0
3862.48072137,10296.04589844,13.89131641,0
3862.48211026,10312.19726562,13.89413738,0
3862.48349915,10315.92968750,13.89658260,0
3862.48488804,10316.11914062,13.89091873,0
3862.48627693,10308.07812500,13.88232040,0
3862.48766582,10297.71777344,13.88451767,0
3862.48905471,10331.64941406,13.88933945,0
3862.49044361,10333.07324219,13.89239120,0
3862.49183250,10293.69042969,13.87890244,0
3862.49322139,10312.04492188,13.87823772,0
3862.49461028,10317.00683594,13.88843155,0
3862.49599917,10316.76171875,13.88247681,0
3862.49738806,10326.77343750,13.89183807,0
3862.49877695,10310.92968750,13.87389946,0
3862.50016584,10322.04492188,13.88390827,0
3862.50155473,10294.47851562,13.87180996,0
3862.50294363,10308.16601562,13.88328648,0
3862.50433252,10306.55273438,13.86861801,0
3862.50572141,10307.74218750,13.87398434,0
3862.50711030,10307.13964844,13.87333584,0
3862.50849919,10322.10351562,13.86421680,0
3862.50988808,10335.23144531,13.88853073,0
3862.51127697,10311.91015625,13.87491035,0
3862.51266586,10316.87792969,13.87500191,0
3862.51405476,10330.06347656,13.88896751,0
3862.51544365,10324.47167969,13.88029003,0
3862.51683254,10308.49414062,13.85811424,0
3862.51822143,10305.92773438,13.87574673,0
3862.51961032,10308.54492188,13.87444019,0
3862.52099921,10322.10937500,13.87822056,0
3862.52238810,10310.59765625,13.86748409,0
3862.52377699,10302.59277344,13.87536526,0
3862.52516588,10317.25878906,13.87747478,0
3862.52655478,10319.55859375,13.87464046,0
3862.52794367,10318.18554688,13.87206650,0
3862.52933256,10317.25097656,13.87566757,0
3862.53072145,10328.14843750,13.88718605,0
3862.53211034,10317.98632812,13.87842083,0
3862.53349923,10285.76953125,13.86601067,0
3862.53488812,10314.31152344,13.87382412,0
3862.53627701,10319.57324219,13.87969780,0
3862.53766591,10317.71093750,13.88117695,0
3862.53905480,10308.43164062,13.87272549,0
3862.54044369,10309.59863281,13.88240147,0
3862.54183258,10317.72167969,13.86837769,0
3862.54322147,10319.85742188,13.87651253,0
3862.54461036,10306.21386719,13.87454414,0
3862.54599925,10314.76464844,13.88294601,0
3862.54738814,10307.65039062,13.86944962,0
3862.54877704,10308.93164062,13.87289906,0
3862.55016593,10310.91796875,13.87436199,0
3862.55155482,10316.52441406,13.88279724,0
3862.55294371,10323.25585938,13.88489532,0
3862.55433260,10309.72460938,13.88139820,0
3862.55572149,10307.14257812,13.88146019,0
3862.55711038,10346.42480469,13.89273548,0
3862.55849927,10335.08691406,13.88873196,0
3862.55988817,10328.10546875,13.88790131,0
3862.56127706,10327.86425781,13.88939381,0
3862.56266595,10323.13476562,13.89488029,0
3862.56405484,10302.97460938,13.87488461,0
3862.56544373,10309.33496094,13.87919426,0
3862.56683262,10323.50878906,13.88678932,0
3862.56822151,10310.30664062,13.89134121,0
3862.56961040,10312.47265625,13.88089943,0
3862.57099930,10302.13476562,13.87644768,0
3862.57238819,10303.49414062,13.88319206,0
3862.57377708,10293.34667969,13.87163162,0
3862.57516597,10323.79296875,13.88662052,0
3862.57655486,10290.41406250,13.88141251,0
3862.57794375,10306.73730469,13.89932346,0
3862.57933264,10319.83691406,13.89183617,0
3862.58072153,10315.74609375,13.88160801,0
3862.58211043,10337.55566406,13.89801121,0
3862.58349932,10315.97265625,13.87951183,0
3862.58488821,10298.28710938,13.87138462,0
3862.58627710,10326.52929688,13.89503574,0
3862.58766599,10319.54199219,13.89435673,0
3862.58905488,10347.87207031,13.90650940,0
3862.59044377,10322.00097656,13.90560722,0
3862.59183266,10310.23144531,13.89438534,0
3862.59322156,10295.77636719,13.88738441,0
3862.59461045,10313.79980469,13.89546204,0
3862.59599934,10307.44335938,13.89700222,0
3862.59738823,10313.22363281,13.89980030,0
3862.59877712,10317.08886719,13.90390396,0
3862.60016601,10321.07714844,13.90336037,0
3862.60155490,10325.07617188,13.90526295,0
3862.60294379,10308.68554688,13.89941502,0
3862.60433269,10307.15917969,13.90253925,0
3862.60572158,10304.99902344,13.89936447,0
3862.60711047,10320.55957031,13.90352821,0
3862.60849936,10315.40136719,13.91697407,0
3862.60988825,10296.72949219,13.89449024,0
3862.61127714,10333.67968750,13.91921902,0
3862.61266603,10313.11328125,13.90724277,0
3862.61405493,10328.83984375,13.91187859,0
3862.61544382,10318.78710938,13.91502762,0
3862.61683271,10310.05468750,13.89905453,0
3862.61822160,10309.94238281,13.90677643,0
3862.61961049,10296.80664062,13.89342117,0
3862.62099938,10285.74511719,13.89614105,0
3862.62238827,10316.75390625,13.90528011,0
3862.62377716,10310.98730469,13.90277863,0
3862.62516606,10293.79394531,13.90621471,0
3862.62655495,10304.21289062,13.90809631,0
3862.62794384,10343.07031250,13.92239285,0
3862.62933273,10307.28613281,13.90762806,0
3862.63072162,10306.94921875,13.90762615,0
3862.63211051,10299.92480469,13.90780163,0
3862.63349940,10312.64062500,13.91699028,0
3862.63488830,10318.31250000,13.91189384,0
3862.63627719,10321.84179688,13.91977882,0
3862.63766608,10336.20605469,13.92782688,0
3862.63905497,10312.95507812,13.91569614,0
3862.64044386,10330.20800781,13.91839790,0
3862.64183275,10324.09277344,13.91943073,0
3862.64322164,10312.86425781,13.91226864,0
3862.64461054,10297.52539062,13.91140938,0
3862.64599943,10342.23437500,13.92408276,0
3862.64738832,10299.53710938,13.90374184,0
3862.64877721,10338.13085938,13.91749001,0
3862.65016610,10309.26171875,13.90948868,0
3862.65155499,10305.49511719,13.90420532,0
3862.65294388,10300.05078125,13.91141891,0
3862.65433277,10297.38964844,13.90492249,0
3862.65572167,10285.61816406,13.89696884,0
3862.65711056,10296.25000000,13.91272736,0
3862.65849945,10272.12988281,13.90493393,0
3862.65988834,10324.93457031,13.91464901,0
3862.66127723,10333.04882812,13.92263031,0
3862.66266612,10291.09082031,13.90722656,0
3862.66405501,10316.41699219,13.91788197,0
3862.66544391,10340.19531250,13.92983723,0
3862.66683280,10282.02636719,13.90029716,0
3862.66822169,10321.94238281,13.91792393,0
3862.66961058,10314.86132812,13.92010689,0
3862.67099947,10331.69824219,13.92547417,0
3862.67238836,10293.38183594,13.90512753,0
3862.67377725,10339.90136719,13.92690372,0
3862.67516615,10323.12402344,13.92463779,0
3862.67655504,10301.38476562,13.90815258,0
3862.67794393,10305.19140625,13.91086864,0
3862.67933282,10281.43457031,13.90564537,0
3862.68072171,10319.25878906,13.92198086,0
3862.68211060,10302.25195312,13.90949726,0
3862.68349949,10280.91113281,13.89632130,0
3862.68488839,10277.93066406,13.90272045,0
3862.68627728,10314.05371094,13.90187454,0
3862.68766617,10320.84277344,13.91712570,0
3862.68905506,10306.31640625,13.91091442,0
3862.69044395,10323.17089844,13.92760658,0
3862.69183284,10312.14648438,13.91444874,0
3862.69322173,10307.87402344,13.91209316,0
3862.69461063,10303.83496094,13.91810799,0
3862.69599952,10307.50585938,13.91953754,0
3862.69738841,10328.38964844,13.92547512,0
3862.69877730,10331.43164062,13.92026806,0
3862.70016619,10331.29296875,13.92445850,0
3862.70155508,10312.01464844,13.90948677,0
3862.70294397,10309.84472656,13.90981865,0
3862.70433287,10319.57812500,13.90698910,0
3862.70572176,10294.40332031,13.90327930,0
3862.70711065,10345.97460938,13.92362785,0
3862.70849954,10306.04394531,13.91014099,0
3862.70988843,10304.79687500,13.90673828,0
3862.71127732,10332.55175781,13.91495705,0
3862.71266622,10309.52148438,13.91080475,0
3862.71405511,10317.82324219,13.90553093,0
3862.71544400,10301.05664062,13.89636040,0
3862.71683289,10291.26074219,13.89262295,0
3862.71822178,10290.80761719,13.89011765,0
3862.71961067,10294.81054688,13.88501644,0
3862.72099956,10319.62695312,13.89937878,0
3862.72238846,10305.08496094,13.88787460,0
3862.72377735,10301.26953125,13.89621735,0
3862.72516624,10308.92578125,13.88777828,0
3862.72655513,10308.54003906,13.88534260,0
3862.72794402,10307.17187500,13.89625454,0
3862.72933291,10304.91601562,13.87758636,0
3862.73072180,10289.88281250,13.87973976,0
3862.73211070,10315.11328125,13.88523865,0
3862.73349959,10276.61132812,13.86617565,0
3862.73488848,10318.83203125,13.89582825,0
3862.73627737,10314.19238281,13.88506508,0
3862.73766626,10296.39550781,13.85686970,0
3862.73905515,10319.82421875,13.88161182,0
3862.74044405,10291.36718750,13.85193634,0
3862.74183294,10293.62011719,13.85399628,0
3862.74322183,10313.65234375,13.86381626,0
3862.74461072,10309.05566406,13.87028122,0
3862.74599961,10318.95019531,13.85888672,0
3862.74738850,10312.63671875,13.86097050,0
3862.74877739,10336.21972656,13.86750507,0
3862.75016629,10321.75292969,13.86271095,0
3862.75155518,10300.27929688,13.84640217,0
3862.75294407,10326.66796875,13.85527325,0
3862.75433296,10312.47460938,13.85080624,0
3862.75572185,10342.03417969,13.86252975,0
3862.75711074,10299.75292969,13.85821247,0
3862.75849964,10294.51171875,13.83224392,0
3862.75988853,10327.65234375,13.83740044,0
3862.76127742,10312.19921875,13.83036518,0
3862.76266631,10342.66894531,13.84707069,0
3862.76405520,10311.37304688,13.83082485,0
3862.76544409,10292.08789062,13.82296371,0
3862.76683298,10319.16601562,13.81631088,0
3862.76822188,10305.28222656,13.82197285,0
3862.76961077,10299.91699219,13.82559586,0
3862.77099966,10281.70507812,13.79720402,0
3862.77238855,10295.62402344,13.80637074,0
3862.77377744,10302.33984375,13.80165577,0
3862.77516633,10328.69238281,13.80681515,0
3862.77655523,10321.12304688,13.81418228,0
3862.77794412,10330.61425781,13.80883980,0
3862.77933301,10301.68847656,13.79341507,0
3862.78072190,10321.17382812,13.79366684,0
3862.78211079,10291.43750000,13.78234100,0
3862.78349968,10290.10449219,13.78077507,0
3862.78488858,10298.30175781,13.78419113,0
3862.78627747,10323.48925781,13.78781605,0
3862.78766636,10320.77246094,13.78911304,0
3862.78905525,10312.62109375,13.77919674,0
3862.79044414,10324.81640625,13.78876686,0
3862.79183303,10324.80664062,13.77272320,0
3862.79322192,10340.28125000,13.77262020,0
3862.79461082,10321.44335938,13.76692104,0
3862.79599971,10315.33984375,13.75527477,0
3862.79738860,10318.55371094,13.77149868,0
3862.79877749,10281.87695312,13.74276447,0
3862.80016638,10325.17382812,13.76231289,0
3862.80155527,10327.85449219,13.75856972,0
3862.80294417,10293.61132812,13.73856163,0
3862.80433306,10301.71386719,13.73295593,0
3862.80572195,10320.61523438,13.73648357,0
3862.80711084,10313.56640625,13.73196983,0
3862.80849973,10295.36425781,13.72212219,0
3862.80988862,10299.94238281,13.72617054,0
3862.81127752,10303.68847656,13.72118092,0
3862.81266641,10329.12500000,13.73646832,0
3862.81405530,10322.41406250,13.72869301,0
3862.81544419,10308.34667969,13.71485806,0
3862.81683308,10312.95703125,13.71515179,0
3862.81822197,10334.01367188,13.71061516,0
3862.81961087,10324.15136719,13.71205997,0
3862.82099976,10293.02734375,13.69442558,0
3862.82238865,10325.71777344,13.71298122,0
3862.82377754,10348.65039062,13.71735477,0
3862.82516643,10295.59570312,13.68704605,0
3862.82655532,10290.41894531,13.68410110,0
3862.82794422,10287.51855469,13.69636440,0
3862.82933311,10318.39453125,13.70365143,0
3862.83072200,10296.11523438,13.68179035,0
3862.83211089,10307.29394531,13.68015385,0
3862.83349978,10309.04589844,13.67693710,0
3862.83488867,10291.89453125,13.66734791,0
3862.83627757,10301.52148438,13.67258358,0
3862.83766646,10310.14355469,13.67042637,0
3862.83905535,10310.73437500,13.66292953,0
3862.84044424,10288.87988281,13.65658379,0
3862.84183313,10319.35937500,13.66703033,0
3862.84322202,10306.16992188,13.65548897,0
3862.84461092,10312.07812500,13.65567589,0
3862.84599981,10321.66796875,13.66436672,0
3862.84738870,10310.69238281,13.64612103,0
3862.84877759,10306.37792969,13.63801384,0
3862.85016648,10311.80566406,13.64559841,0
3862.85155537,10315.98632812,13.64102173,0
3862.85294427,10296.19628906,13.63234615,0
3862.85433316,10304.77929688,13.62545490,0
3862.85572205,10313.23437500,13.62965870,0
3862.85711094,10301.02148438,13.62707615,0
3862.85849983,10292.41894531,13.62014771,0
3862.85988872,10282.95898438,13.61203671,0
3862.86127762,10317.97558594,13.61273670,0
3862.86266651,10312.70898438,13.62588692,0
3862.86405540,10305.18554688,13.62098789,0
3862.86544429,10296.16015625,13.60488510,0
3862.86683318,10301.37695312,13.60679531,0
3862.86822207,10330.58593750,13.61571693,0
3862.86961097,10317.86914062,13.60424042,0
3862.87099986,10299.55957031,13.59526634,0
3862.87238875,10306.60937500,13.60345936,0
3862.87377764,10313.37109375,13.59737778,0
3862.87516653,10307.52441406,13.58935928,0
3862.87655542,10316.52636719,13.58576202,0
3862.87794432,10318.88769531,13.59461021,0
3862.87933321,10307.94628906,13.57806683,0
3862.88072210,10314.81250000,13.57913780,0
3862.88211099,10298.04394531,13.57406044,0
3862.88349988,10285.63769531,13.56481457,0
3862.88488877,10296.88378906,13.56962013,0
3862.88627767,10320.74414062,13.57260036,0
3862.88766656,10301.46386719,13.55547142,0
3862.88905545,10314.72753906,13.55740166,0
3862.89044434,10317.77832031,13.55564117,0
3862.89183323,10338.11132812,13.56634903,0
3862.89322212,10300.34570312,13.54779434,0
3862.89461102,10293.62988281,13.53950405,0
3862.89599991,10330.08105469,13.55047131,0
3862.89738880,10298.49121094,13.53183079,0
3862.89877769,10345.78222656,13.55475330,0
3862.90016658,10320.27832031,13.53699398,0
3862.90155548,10305.94921875,13.51979446,0
3862.90294437,10306.51855469,13.51827717,0
3862.90433326,10334.33593750,13.52353382,0
3862.90572215,10316.67382812,13.52137852,0
3862.90711104,10321.72363281,13.51438046,0
3862.90849993,10321.30761719,13.51990223,0
3862.90988883,10307.36425781,13.49324036,0
3862.91127772,10315.53710938,13.50420952,0
3862.91266661,10312.42089844,13.49614048,0
3862.91405550,10304.68457031,13.48587608,0
3862.91544439,10292.61718750,13.48517227,0
3862.91683328,10297.45410156,13.47732544,0
3862.91822218,10320.68164062,13.48952389,0
3862.91961107,10314.08300781,13.47721004,0
3862.92099996,10311.02050781,13.47672272,0
3862.92238885,10313.40234375,13.48087406,0
3862.92377774,10315.02832031,13.46333790,0
3862.92516663,10306.43847656,13.46160316,0
3862.92655553,10346.21875000,13.47333622,0
3862.92794442,10326.12011719,13.45839214,0
3862.92933331,10304.76855469,13.45002556,0
3862.93072220,10316.41503906,13.44320488,0
3862.93211109,10314.71679688,13.44673347,0
3862.93349999,10295.35253906,13.42023182,0
3862.93488888,10323.77636719,13.44411087,0
3862.93627777,10309.67968750,13.42465687,0
3862.93766666,10311.75878906,13.43065548,0
3862.93905555,10316.29882812,13.41680431,0
3862.94044444,10321.35839844,13.42103958,0
3862.94183334,10333.34082031,13.41835785,0
3862.94322223,10295.50000000,13.39963913,0
3862.94461112,10323.08105469,13.40377235,0
3862.94600001,10300.79199219,13.39515686,0
3862.94738890,10300.79687500,13.38526249,0
3862.94877779,10311.26660156,13.38412762,0
3862.95016669,10321.02636719,13.38421249,0
3862.95155558,10340.86621094,13.38523579,0
3862.95294447,10305.75488281,13.36970329,0
3862.95433336,10316.59960938,13.35298920,0
3862.95572225,10323.64941406,13.35131741,0
3862.95711114,10301.52636719,13.35473347,0
3862.95850004,10325.77636719,13.35193539,0
3862.95988893,10348.20214844,13.35930920,0
3862.96127782,10319.13281250,13.33791447,0
3862.96266671,10327.23437500,13.35220432,0
3862.96405560,10304.96484375,13.33014011,0
3862.96544450,10292.36914062,13.31766605,0
3862.96683339,10306.15429688,13.31302261,0
3862.96822228,10313.66796875,13.31034565,0
3862.96961117,10328.66210938,13.31546307,0
3862.97100006,10332.09082031,13.31395340,0
3862.97238895,10307.08007812,13.31611919,0
3862.97377785,10331.98925781,13.29990101,0
3862.97516674,10304.32910156,13.29372120,0
3862.97655563,10332.83691406,13.29634666,0
3862.97794452,10320.50878906,13.28812408,0
3862.97933341,10300.94140625,13.27534199,0
3862.98072231,10298.29003906,13.26733208,0
3862.98211120,10316.41406250,13.26999378,0
3862.98350009,10318.30371094,13.25804806,0
3862.98488898,10296.85839844,13.24565125,0
3862.98627787,10311.59082031,13.25458813,0
3862.98766676,10298.50878906,13.25106144,0
3862.98905566,10307.38671875,13.24035072,0
3862.99044455,10301.58984375,13.23045635,0
3862.99183344,10310.30761719,13.23366547,0
3862.99322233,10325.95898438,13.22813416,0
3862.99461122,10312.79199219,13.22762680,0
3862.99600011,10335.65332031,13.22518158,0
3862.99738901,10322.27636719,13.21732521,0
3862.99877790,10298.49121094,13.20111656,0
3863.00016679,10317.92480469,13.21841049,0
3863.00155568,10311.24218750,13.20473385,0
3863.00294457,10300.27636719,13.19307899,0
3863.00433347,10321.24023438,13.19984627,0
3863.00572236,10301.15039062,13.18597794,0
3863.00711125,10309.49511719,13.18467045,0
3863.00850014,10285.45312500,13.15807533,0
3863.00988903,10312.11035156,13.16436005,0
3863.01127792,10319.10058594,13.15976524,0
3863.01266682,10317.18261719,13.16251659,0
3863.01405571,10319.62500000,13.15497208,0
3863.01544460,10292.33984375,13.13794804,0
3863.01683349,10304.87011719,13.13973713,0
3863.01822238,10271.80957031,13.12699223,0
3863.01961127,10325.24316406,13.14289093,0
3863.02100017,10316.82617188,13.13297558,0
3863.02238906,10308.00488281,13.12040043,0
3863.02377795,10286.54101562,13.09996223,0
3863.02516684,10314.76269531,13.11619663,0
3863.02655573,10320.24316406,13.11218548,0
3863.02794463,10320.06835938,13.10756588,0
3863.02933352,10316.27343750,13.10662556,0
3863.03072241,10304.56152344,13.09558773,0
3863.03211130,10307.39257812,13.09098530,0
3863.03350019,10306.34179688,13.08597851,0
3863.03488908,10328.82031250,13.09572601,0
3863.03627798,10287.93945312,13.06639290,0
3863.03766687,10308.71191406,13.07080364,0
3863.03905576,10301.10644531,13.07422543,0
3863.04044465,10327.43359375,13.06904507,0
3863.04183354,10307.47949219,13.05626488,0
3863.04322243,10317.00585938,13.06334114,0
3863.04461133,10292.83984375,13.04777813,0
3863.04600022,10324.29394531,13.05041981,0
3863.04738911,10313.88867188,13.04147339,0
3863.04877800,10291.61132812,13.01710320,0
3863.05016689,10300.65722656,13.02019501,0
3863.05155579,10296.02636719,13.02622318,0
3863.05294468,10314.99609375,13.02636051,0
3863.05433357,10305.46484375,13.02999210,0
3863.05572246,10327.65332031,13.01169205,0
3863.05711135,10286.98632812,12.99430466,0
3863.05850024,10320.71582031,13.00852585,0
3863.05988914,10311.12792969,13.00022602,0
3863.06127803,10318.00585938,13.01214409,0
3863.06266692,10302.73144531,12.98505783,0
3863.06405581,10313.41113281,12.99143696,0
3863.06544470,10323.76269531,12.99028015,0
3863.06683360,10332.55175781,12.98989964,0
3863.06822249,10298.47949219,12.97226429,0
3863.06961138,10315.70703125,12.96756744,0
3863.07100027,10315.98242188,12.97542953,0
3863.07238916,10324.67871094,12.97358608,0
3863.07377805,10309.76562500,12.98121738,0
3863.07516695,10307.89453125,12.95893764,0
3863.07655584,10317.36816406,12.96376324,0
3863.07794473,10303.16210938,12.95528221,0
3863.07933362,10316.70410156,12.96181965,0
3863.08072251,10319.97558594,12.94847584,0
3863.08211140,10312.66210938,12.94880390,0
3863.08350030,10314.39453125,12.94334984,0
3863.08488919,10295.56152344,12.93331909,0
3863.08627808,10283.61132812,12.92130280,0
3863.08766697,10296.73925781,12.94241238,0
3863.08905586,10308.05175781,12.94081211,0
3863.09044475,10309.77734375,12.94290352,0
3863.09183365,10328.91894531,12.94421959,0
3863.09322254,10328.63769531,12.93795204,0
3863.09461143,10325.14843750,12.93377304,0
3863.09600032,10322.25683594,12.93609428,0
3863.09738921,10331.48339844,12.94126320,0
3863.09877811,10299.55761719,12.92624569,0
3863.10016700,10298.70605469,12.92581749,0
3863.10155589,10307.28515625,12.93795300,0
3863.10294478,10329.20605469,12.92325401,0
3863.10433367,10312.83300781,12.91914940,0
3863.10572256,10297.76562500,12.90628719,0
3863.10711146,10295.43847656,12.91564655,0
3863.10850035,10317.01367188,12.91274643,0
3863.11127813,10306.30273438,12.91114044,0
3863.11266702,10313.86914062,12.91759014,0
3863.11405591,10320.89160156,12.91600132,0
3863.11544481,10299.48339844,12.91326618,0
3863.11683370,10321.94238281,12.92139816,0
3863.11822259,10305.28222656,12.91295052,0
3863.11961148,10302.67578125,12.90795422,0
3863.12100037,10317.43652344,12.91540146,0
3863.12238926,10302.20605469,12.90603828,0
3863.12377816,10300.54394531,12.90992546,0
3863.12516705,10303.94824219,12.91570282,0
3863.12655594,10322.28222656,12.92273617,0
3863.12794483,10307.19140625,12.90531063,0
3863.12933372,10313.64941406,12.90542698,0
3863.13072261,10342.37597656,12.93367195,0
3863.13211151,10324.32617188,12.91324615,0
3863.13350040,10325.72558594,12.92494678,0
3863.13488929,10282.57617188,12.90347672,0
3863.13627818,10299.81152344,12.90062046,0
3863.13766707,10314.47265625,12.91825485,0
3863.13905596,10344.69726562,12.92305374,0
3863.14044486,10337.46093750,12.92373943,0
3863.14183375,10318.41308594,12.91554737,0
3863.14322264,10320.30468750,12.91532516,0
3863.14461153,10309.94238281,12.91791344,0
3863.14600042,10306.93457031,12.90658855,0
3863.14738931,10296.27636719,12.90359783,0
3863.14877821,10317.32910156,12.91975021,0
3863.15016710,10329.34082031,12.92642117,0
3863.15155599,10308.17187500,12.90328026,0
3863.15294488,10331.48339844,12.91260147,0
3863.15433377,10289.02441406,12.90014267,0
3863.15572266,10307.04394531,12.90988827,0
3863.15711156,10344.09960938,12.93718147,0
3863.15850045,10354.88281250,12.93297577,0
3863.15988934,10293.02832031,12.90819931,0
3863.16127823,10299.22265625,12.90912437,0
3863.16266712,10307.06835938,12.91566849,0
3863.16405601,10318.90234375,12.91334915,0
3863.16544491,10303.02246094,12.91603661,0
3863.16683380,10324.40917969,12.92418194,0
3863.16822269,10310.46484375,12.90702152,0
3863.16961158,10300.98535156,12.90794563,0
3863.17100047,10335.44335938,12.92408752,0
3863.17238936,10298.01269531,12.91365337,0
3863.17377826,10330.53515625,12.92436886,0
3863.17516715,10297.93164062,12.91276836,0
3863.17655604,10314.99218750,12.91697598,0
3863.17794493,10312.81152344,12.91881561,0
3863.17933382,10291.58105469,12.90710258,0
3863.18072271,10333.33886719,12.92199039,0
3863.18211160,10309.46093750,12.91475296,0
3863.18350050,10313.62109375,12.91426849,0
3863.18488939,10313.17968750,12.91815090,0
3863.18627828,10320.02343750,12.92044926,0
3863.18766717,10322.48632812,12.92254639,0
3863.18905606,10306.00976562,12.90573692,0
3863.19044495,10311.53417969,12.92361546,0
3863.19183385,10324.38867188,12.91951180,0
3863.19322274,10314.21289062,12.91680622,0
3863.19461163,10331.58886719,12.92043018,0
3863.19600052,10313.40136719,12.91724396,0
3863.19738941,10318.98437500,12.91332817,0
3863.19877830,10322.73535156,12.91697979,0
3863.20016720,10305.27734375,12.90474606,0
3863.20155609,10313.82226562,12.91667366,0
3863.20294498,10319.14941406,12.91607666,0
3863.20433387,10317.94140625,12.90472031,0
3863.20572276,10314.57519531,12.91701317,0
3863.20711165,10318.59375000,12.91501617,0
3863.20850054,10319.34863281,12.93137836,0
3863.20988944,10304.10937500,12.90479755,0
3863.21127833,10311.60742188,12.91705513,0
3863.21266722,10324.62500000,12.92202854,0
3863.21405611,10318.16894531,12.91569424,0
3863.21544500,10312.51464844,12.92010593,0
3863.21683389,10324.58593750,12.91496563,0
3863.21822278,10302.34082031,12.90102863,0
3863.21961168,10314.87890625,12.91918373,0
3863.22100057,10317.73437500,12.91429043,0
3863.22238946,10326.76757812,12.93328571,0
3863.22377835,10282.72363281,12.89566803,0
3863.22516724,10302.37597656,12.91477203,0
3863.22655613,10340.45800781,12.92801380,0
3863.22794502,10274.59960938,12.89596844,0
3863.22933392,10308.46484375,12.90949821,0
3863.23072281,10327.53417969,12.91522026,0
3863.23211170,10354.33398438,12.93603897,0
3863.23350059,10324.07128906,12.91250324,0
3863.23488948,10307.93847656,12.92092705,0
3863.23627837,10317.01855469,12.91411304,0
3863.23766726,10302.94140625,12.90447330,0
3863.23905616,10297.30761719,12.90920639,0
3863.24044505,10305.65527344,12.90747643,0
3863.24183394,10298.03320312,12.90456486,0
3863.24322283,10315.96093750,12.91886902,0
3863.24461172,10281.36523438,12.89021683,0
3863.24600061,10329.48046875,12.92115402,0
3863.24738950,10294.71582031,12.90629959,0
3863.24877840,10342.20410156,12.92998314,0
3863.25016729,10317.82812500,12.91945267,0
3863.25155618,10330.19628906,12.92176056,0
3863.25294507,10314.01660156,12.91640091,0
3863.25433396,10327.67285156,12.92137527,0
3863.25572285,10307.17968750,12.91277122,0
3863.25711174,10317.62011719,12.91658306,0
3863.25850063,10287.85546875,12.90636921,0
3863.25988953,10306.29101562,12.91054726,0
3863.26127842,10323.97656250,12.92755032,0
3863.26266731,10315.59179688,12.91532135,0
3863.26405620,10324.13183594,12.91616058,0
3863.26544509,10315.28613281,12.91071606,0
3863.26683398,10340.81152344,12.92347240,0
3863.26822287,10323.64160156,12.92357349,0
3863.26961176,10323.16894531,12.93470860,0
3863.27100066,10313.10839844,12.92280960,0
3863.27238955,10331.92578125,12.93074131,0
3863.27377844,10292.97753906,12.91276264,0
3863.27516733,10317.59472656,12.90244198,0
3863.27794511,10319.53417969,12.90508652,0
3863.27933400,10312.98046875,12.91607285,0
3863.28072289,10299.17871094,12.89377975,0
3863.28211179,10312.84765625,12.91277504,0
3863.28350068,10323.50683594,12.92044926,0
3863.28488957,10315.58105469,12.91856384,0
3863.28627846,10298.75488281,12.89943504,0
3863.28766735,10312.66210938,12.91182423,0
3863.28905624,10308.61132812,12.91664600,0
3863.29044513,10336.46679688,12.92980766,0
3863.29183402,10312.93261719,12.91875839,0
3863.29322291,10298.75585938,12.91166210,0
3863.29461181,10305.29296875,12.91781330,0
3863.29600070,10307.36523438,12.90956211,0
3863.29738959,10312.41015625,12.90984249,0
3863.29877848,10304.87792969,12.91314697,0
3863.30016737,10324.77539062,12.92444515,0
3863.30155626,10337.47558594,12.93037319,0
3863.30294515,10318.25585938,12.91106987,0
3863.30433404,10312.24414062,12.91691589,0
3863.30572293,10298.27929688,12.91399097,0
3863.30711183,10311.30859375,12.91612816,0
3863.30850072,10324.17675781,12.91472054,0
3863.30988961,10300.78906250,12.90895748,0
3863.31127850,10328.85058594,12.92254925,0
3863.31266739,10301.58203125,12.90684223,0
3863.31405628,10315.42285156,12.91208839,0
3863.31544517,10300.77246094,12.91112328,0
3863.31683406,10320.22460938,12.91892433,0
3863.31822295,10302.90625000,12.91073513,0
3863.31961184,10305.75195312,12.90700912,0
3863.32100074,10299.13183594,12.90692329,0
3863.32238963,10338.92675781,12.92989731,0
3863.32377852,10288.86328125,12.90543842,0
3863.32516741,10309.13574219,12.91471672,0
3863.32655630,10303.83496094,12.91041660,0
3863.32794519,10325.84667969,12.91766739,0
3863.32933408,10309.56347656,12.91843128,0
3863.33072297,10296.48242188,12.90569496,0
3863.33211186,10317.41113281,12.91524315,0
3863.33350075,10309.43066406,12.90849781,0
3863.33488964,10292.04785156,12.89951992,0
3863.33627854,10307.49218750,12.91159725,0
3863.33766743,10309.07226562,12.91597366,0
3863.33905632,10303.44824219,12.92051315,0
3863.34044521,10314.48828125,12.91228104,0
3863.34183410,10302.51953125,12.90132904,0
3863.34322299,10326.27636719,12.91973400,0
3863.34461188,10296.39550781,12.89365959,0
3863.34600077,10312.11132812,12.91442013,0
3863.34738966,10298.92871094,12.90896606,0
3863.34877855,10281.26562500,12.89334965,0
3863.35016744,10320.02734375,12.90796757,0
3863.35155633,10293.45898438,12.91099548,0
3863.35294523,10307.73925781,12.91123199,0
3863.35433412,10308.47949219,12.91435337,0
3863.35572301,10306.85351562,12.91204548,0
3863.35711190,10313.03222656,12.91560555,0
3863.35850079,10312.48535156,12.91872692,0
3863.35988968,10331.83496094,12.93133831,0
3863.36127857,10309.40234375,12.91259575,0
3863.36266746,10310.97851562,12.91583538,0
3863.36405635,10309.73925781,12.91521549,0
3863.36544524,10303.92773438,12.91355324,0
3863.36683413,10297.17578125,12.90311050,0
3863.36822302,10331.79101562,12.92344856,0
3863.36961191,10306.47070312,12.90435505,0
3863.37100080,10312.46582031,12.92222786,0
3863.37238969,10319.49121094,12.93261719,0
3863.37377858,10296.56542969,12.91109753,0
3863.37516748,10299.42968750,12.90742683,0
3863.37655637,10316.03613281,12.91476059,0
3863.37794526,10305.67480469,12.91710567,0
3863.37933415,10320.87988281,12.91705513,0
3863.38072304,10294.59863281,12.90928268,0
3863.38211193,10313.86621094,12.91946793,0
3863.38350082,10322.28320312,12.92375088,0
3863.38488971,10297.78027344,12.90825272,0
3863.38627860,10319.53222656,12.91950607,0
3863.38766749,10291.06933594,12.90524006,0
3863.38905638,10312.49804688,12.91337585,0
3863.39044527,10301.44531250,12.91112709,0
3864.34599799,10313.02441406,12.92492771,0
3864.34738687,10308.36230469,12.92372894,0
3864.34877575,10315.29589844,12.92298031,0
3864.35016463,10313.27050781,12.92452145,0
3864.35155351,10306.87304688,12.92683220,0
3864.35294239,10304.13867188,12.91966438,0
3864.35433127,10299.84375000,12.91711807,0
3864.35572015,10303.44140625,12.91931629,0
3864.35710903,10291.87011719,12.90857220,0
3864.35849791,10309.15722656,12.91971016,0
3864.35988679,10301.17675781,12.92557907,0
3864.36127567,10320.64941406,12.92655849,0
3864.36266456,10304.55371094,12.91485691,0
3864.36405344,10297.04199219,12.90813255,0
3864.36544232,10309.20898438,12.91925812,0
3864.36683120,10321.02148438,12.92441559,0
3864.36822008,10297.79296875,12.91306973,0
3864.36960896,10310.02539062,12.92385387,0
3864.37099784,10319.44335938,12.92695999,0
3864.37238672,10306.41699219,12.92441559,0
3864.37377560,10309.98437500,12.91720867,0
3864.37516448,10294.42968750,12.90797615,0
3864.37655336,10304.67968750,12.92280674,0
3864.37794224,10306.18945312,12.92028713,0
3864.37933112,10303.64355469,12.92533207,0
3864.38072000,10323.73632812,12.92384338,0
3864.38210888,10299.18945312,12.91852665,0
3864.38349776,10305.54199219,12.92001915,0
3864.38488665,10304.31347656,12.92509937,0
3864.38627553,10302.43945312,12.91592503,0
3864.38766441,10315.37988281,12.92049026,0
3864.38905329,10324.71972656,12.93489647,0
3864.39044217,10299.84179688,12.91344738,0
3864.39183105,10293.95605469,12.90658474,0
3864.39321993,10313.24609375,12.92325687,0
3864.39460881,10307.61816406,12.92409420,0
3864.39599769,10303.67089844,12.91816521,0
3864.39738657,10300.61718750,12.91566181,0
3864.39877545,10316.35644531,12.92410660,0
3864.40016433,10291.37695312,12.90967369,0
3864.40155321,10306.56347656,12.91941738,0
3864.40294209,10312.04296875,12.91912079,0
3864.40433097,10322.59472656,12.92851925,0
3864.40571985,10341.70898438,12.93158913,0
3864.40710873,10324.77343750,12.92640209,0
3864.40849761,10295.00585938,12.91208744,0
3864.40988650,10304.14453125,12.91668034,0
3864.41127538,10345.78320312,12.93867874,0
3864.41266426,10328.12402344,12.92115307,0
3864.41405314,10315.40136719,12.92256355,0
3864.41544202,10297.68261719,12.91730118,0
3864.41683090,10288.32519531,12.90629196,0
3864.41821978,10296.74902344,12.91022491,0
3864.41960866,10314.05957031,12.92420483,0
3864.42099754,10327.65917969,12.92784691,0
3864.42238642,10285.80761719,12.91021252,0
3864.42377530,10319.20996094,12.92523479,0
3864.42516418,10314.78320312,12.91975403,0
3864.42655306,10333.64746094,12.91934395,0
3864.42794194,10337.30273438,12.92714500,0
3864.42933082,10301.41699219,12.92343616,0
3864.43071970,10314.86425781,12.91891003,0
3864.43210858,10325.19238281,12.92094517,0
3864.43349746,10339.85839844,12.92371655,0
3864.43488634,10320.06542969,12.91547203,0
3864.43627522,10308.90625000,12.91525841,0
3864.43766410,10305.39062500,12.92055321,0
3864.43905299,10319.50195312,12.91643429,0
3864.44044187,10295.62597656,12.90857124,0
3864.44183075,10306.25097656,12.91701698,0
3864.44321963,10323.36230469,12.92451382,0
3864.44460851,10313.01757812,12.90942383,0
3864.44599739,10306.24609375,12.91658974,0
3864.44738627,10299.42285156,12.91707230,0
3864.44877515,10323.00781250,12.92202663,0
3864.45016403,10307.67187500,12.91347122,0
3864.45155291,10312.88769531,12.92235374,0
3864.45294179,10324.79296875,12.91722775,0
3864.45433067,10331.05566406,12.91492176,0
3864.45710843,10312.72265625,12.89117813,0
3864.45849731,10332.36718750,12.92973614,0
3864.45988619,10281.23437500,12.88119984,0
3864.46127507,10326.06640625,12.91649151,0
3864.46266395,10318.05859375,12.91414261,0
3864.46405283,10288.59277344,12.90959930,0
3864.46544171,10307.96093750,12.90813160,0
3864.46683059,10293.50976562,12.91718006,0
3864.46821947,10316.95996094,12.92378330,0
3864.46960835,10317.17675781,12.92024517,0
3864.47099723,10314.67578125,12.89741993,0
3864.47238611,10297.87207031,12.89671040,0
3864.47377499,10316.07324219,12.89462185,0
3864.47516387,10317.72851562,12.91872025,0
3864.47794164,10318.21093750,12.91870975,0
3864.47933052,10311.02929688,12.88586617,0
3864.48210828,10327.52050781,12.91967678,0
3864.48349716,10289.46972656,12.90445137,0
3864.48488604,10312.22070312,12.92304516,0
3864.48627492,10305.64453125,12.89323235,0
3864.48766380,10310.69726562,12.90906143,0
3864.48905268,10308.70703125,12.91262436,0
3864.49044156,10312.51074219,12.90732574,0
3864.49321932,10294.61230469,12.89113522,0
3864.49460820,10314.70214844,12.91218090,0
3864.49599708,10321.12792969,12.91677570,0
3864.49738596,10324.28027344,12.90527725,0
3864.49877484,10294.66894531,12.90065002,0
3864.50016372,10306.83007812,12.88754082,0
3864.50155260,10292.88671875,12.89849949,0
3864.50294148,10311.35156250,12.90737343,0
3864.50433036,10287.42675781,12.91299343,0
3864.50571924,10331.15625000,12.91620922,0
3864.50710812,10281.37597656,12.88741398,0
3864.50849700,10348.13183594,12.91793156,0
3864.50988588,10311.79492188,12.89554024,0
3864.51127476,10312.39453125,12.90745354,0
3864.51266364,10279.62109375,12.88724232,0
3864.51405252,10306.95800781,12.90948105,0
3864.51544140,10310.80175781,12.91970921,0
3864.51683028,10293.38378906,12.89108372,0
3864.51821916,10289.82421875,12.88746929,0
3864.51960804,10286.95019531,12.89786053,0
3864.52238580,10323.20898438,12.91447544,0
3864.52377468,10301.21386719,12.89133358,0
3864.52516356,10324.08105469,12.88665485,0
3864.52655244,10303.10156250,12.91047955,0
3864.52794133,10320.28222656,12.89855099,0
3864.52933021,10301.57519531,12.91798401,0
3864.53071909,10311.28710938,12.91187859,0
3864.53210797,10327.11328125,12.91232777,0
3864.53349685,10305.96093750,12.89757156,0
3864.53488573,10309.97558594,12.91652298,0
3864.53627461,10306.19726562,12.91465759,0
3864.53766349,10321.58984375,12.92007828,0
3864.53905237,10324.98925781,12.92251301,0
3864.54044125,10301.77343750,12.91517258,0
3864.54183013,10326.52929688,12.92927074,0
3864.54321901,10303.64062500,12.90817642,0
3864.54460789,10298.40039062,12.90081978,0
3864.54599677,10309.84765625,12.91455650,0
3864.54738565,10322.33984375,12.92226791,0
3864.54877453,10303.18066406,12.91219711,0
3864.55016341,10309.51660156,12.90285683,0
3864.55155229,10307.03222656,12.90780926,0
3864.55294117,10301.42285156,12.91172504,0
3864.55433005,10306.67089844,12.90771008,0
3864.55571893,10326.69238281,12.91848278,0
3864.55710781,10307.17089844,12.90853500,0
3864.55849669,10316.84375000,12.92204189,0
3864.55988557,10336.45214844,12.94684505,0
3864.56127445,10329.94824219,12.93035030,0
3864.56266333,10308.80957031,12.91045094,0
3864.56405221,10307.72851562,12.90726852,0
3864.56544109,10324.25000000,12.91560268,0
3864.56682997,10311.61328125,12.89817047,0
3864.56821885,10315.80566406,12.89829826,0
3864.56960773,10346.17578125,12.91159821,0
3864.57099661,10315.35644531,12.91621685,0
3864.57238549,10296.21289062,12.90109634,0
3864.57377437,10307.62011719,12.89915943,0
3864.57516325,10308.97949219,12.90635300,0
3864.57655213,10315.90234375,12.92223167,0
3864.57794101,10298.25683594,12.91607857,0
3864.57932989,10310.86425781,12.90895081,0
3864.58071877,10333.30664062,12.92072392,0
3864.58210765,10325.93750000,12.91957283,0
3864.58349653,10297.02343750,12.90256977,0
3864.58488541,10305.12890625,12.91031742,0
3864.58627429,10318.25000000,12.90263176,0
3864.58766317,10307.95117188,12.91708851,0
3864.58905205,10291.92675781,12.91274261,0
3864.59044093,10299.14550781,12.91334915,0
3864.59182981,10311.93164062,12.91124916,0
3864.59321869,10287.26757812,12.91634655,0
3864.59460757,10324.98046875,12.91785049,0
3864.59599645,10310.97851562,12.90986252,0
3864.59738533,10333.25781250,12.92368698,0
3864.59877421,10303.98730469,12.90204716,0
3864.60155197,10294.35839844,12.88092899,0
3864.60294085,10293.16503906,12.90146542,0
3864.60432973,10319.33691406,12.91598320,0
3864.60571861,10295.67578125,12.91980457,0
3864.60710749,10294.80273438,12.89926529,0
3864.60849637,10303.23242188,12.90844917,0
3864.60988525,10319.97753906,12.90899849,0
3864.61127413,10309.64355469,12.90478420,0
3864.61266301,10304.15917969,12.91121292,0
3864.61405189,10275.07617188,12.88932991,0
3864.61544077,10308.81640625,12.91099739,0
3864.61682965,10324.87402344,12.89991856,0
3864.61821853,10318.55371094,12.92551041,0
3864.61960741,10334.87597656,12.92305756,0
3864.62099629,10325.36523438,12.91558075,0
3864.62238517,10304.79296875,12.91312027,0
3864.62377405,10316.86914062,12.91985798,0
3864.62516293,10307.05175781,12.92970657,0
3864.62655181,10294.71875000,12.90921688,0
3864.62794069,10313.97363281,12.91606236,0
3864.62932957,10266.26269531,12.90891266,0
3864.63071845,10349.99707031,12.92674923,0
3864.63210733,10296.84375000,12.91082191,0
3864.63349621,10280.06152344,12.90090942,0
3864.63488509,10317.33984375,12.91721249,0
3864.63627397,10313.98242188,12.91463184,0
3864.63766285,10315.54003906,12.90922165,0
3864.63905173,10326.17675781,12.90985107,0
3864.64044061,10326.68652344,12.90859032,0
3864.64182949,10312.95507812,12.91440487,0
3864.64321837,10309.26367188,12.92416096,0
3864.64460725,10285.98046875,12.87304115,0
3864.64599613,10319.39355469,12.91041756,0
3864.64738501,10304.45703125,12.90525532,0
3864.64877389,10321.95019531,12.92060184,0
3864.65016277,10317.03320312,12.90714264,0
3864.65155165,10298.21679688,12.91310501,0
3864.65294053,10328.96484375,12.90778255,0
3864.65432941,10312.42089844,12.91299057,0
3864.65571829,10284.64746094,12.90428734,0
3864.65710717,10303.85937500,12.90852070,0
3864.65849605,10324.69140625,12.89328098,0
3864.65988493,10268.78710938,12.88120174,0
3864.66127381,10311.62207031,12.90288353,0
3864.66266269,10309.36328125,12.89437580,0
3864.66405157,10313.62890625,12.92411995,0
3864.66544045,10290.27539062,12.90544605,0
3864.66682933,10320.14941406,12.90256119,0
3864.66821821,10301.03613281,12.90613556,0
3864.66960709,10312.71679688,12.91503811,0
3864.67099597,10311.62597656,12.90791607,0
3864.67238485,10288.54589844,12.90012932,0
3864.67377373,10314.28906250,12.91972160,0
3864.67516261,10306.95605469,12.90309048,0
3864.67655149,10286.49511719,12.89554691,0
3864.67794037,10319.74414062,12.92211723,0
3864.67932925,10299.52441406,12.89875412,0
3864.68071813,10324.57128906,12.91483879,0
3864.68210701,10316.18164062,12.91598606,0
3864.68349589,10328.64355469,12.92976093,0
3864.68488477,10292.49511719,12.91283417,0
3864.68627365,10314.44628906,12.92217827,0
3864.68766253,10307.94042969,12.91453552,0
3864.68905141,10301.24316406,12.90464020,0
3864.69044029,10298.28710938,12.90676594,0
3864.69182917,10283.15820312,12.89052582,0
3864.69321805,10321.98339844,12.89920235,0
3864.69460693,10291.63671875,12.90059757,0
3864.69599581,10310.42480469,12.90662384,0
3864.69738469,10299.32128906,12.89554977,0
3864.69877357,10301.20605469,12.90598774,0
3864.70016245,10318.74316406,12.91491413,0
3864.70155133,10293.63574219,12.88932419,0
3864.70294021,10313.43359375,12.91667557,0
3864.70432909,10297.73535156,12.89661026,0
3864.70571797,10337.74609375,12.92772865,0
3864.70710685,10294.25781250,12.90655518,0
3864.70849573,10326.83496094,12.92570972,0
3864.70988461,10290.83007812,12.88787365,0
3864.71127349,10286.17675781,12.90562820,0
3864.71266237,10313.60839844,12.91751671,0
3864.71405125,10301.96386719,12.92038727,0
3864.71544013,10315.84179688,12.91720867,0
3864.71682901,10329.39648438,12.92575455,0
3864.71821789,10307.88183594,12.91881180,0
3864.71960677,10332.01562500,12.92291164,0
3864.72099565,10279.04687500,12.90102005,0
3864.72238453,10308.68066406,12.89997673,0
3864.72377341,10344.51464844,12.93095207,0
3864.72516229,10322.19042969,12.90844631,0
3864.72655117,10300.37109375,12.90938473,0
3864.72794005,10299.88671875,12.90746498,0
3864.72932893,10335.79785156,12.88797951,0
3864.73071781,10328.78027344,12.92263985,0
3864.73210669,10295.66601562,12.88922501,0
3864.73349557,10325.33203125,12.92092705,0
3864.73488445,10288.56250000,12.89496803,0
3864.73627333,10311.39648438,12.89976883,0
3864.73766221,10324.11621094,12.92440128,0
3864.73905109,10291.75390625,12.88820648,0
3864.74043997,10280.04003906,12.89269543,0
3864.74182885,10294.75976562,12.90438080,0
3864.74321773,10309.70214844,12.90674591,0
3864.74460661,10308.71875000,12.91191769,0
3864.74599549,10327.37792969,12.91249943,0
3864.74738437,10304.92187500,12.89305401,0
3864.74877325,10297.19140625,12.90323257,0
3864.75016213,10315.90527344,12.91709137,0
3864.75155101,10340.75585938,12.92773914,0
3864.75571764,10321.45312500,12.91975403,0
3864.75710652,10323.02734375,12.90713120,0
3864.75849540,10299.50195312,12.88979530,0
3864.75988428,10317.13183594,12.90040493,0
3864.76127316,10309.17968750,12.89837933,0
3864.76266204,10306.31542969,12.87719917,0
3864.76405092,10266.92480469,12.89145851,0
3864.76682868,10318.78906250,12.91858959,0
3864.76821756,10305.48632812,12.90676880,0
3864.76960644,10294.57226562,12.90328693,0
3864.77099532,10322.35546875,12.90949345,0
3864.77238420,10294.53125000,12.90415287,0
3864.77377308,10315.91015625,12.91922474,0
3864.77516196,10329.86425781,12.92747879,0
3864.77655084,10323.48730469,12.92777443,0
3864.77793972,10308.24804688,12.90510845,0
3864.77932860,10288.90527344,12.89025879,0
3864.78071748,10309.98339844,12.89932728,0
3864.78210636,10303.48632812,12.89287186,0
3864.78349524,10290.63964844,12.89532948,0
3864.78488412,10318.25683594,12.90941811,0
3864.78627300,10317.91406250,12.90786934,0
3864.78766188,10346.59082031,12.92778587,0
3864.78905076,10313.21582031,12.93100166,0
3864.79043964,10283.26562500,12.89480686,0
3864.79182852,10311.78027344,12.90665913,0
3864.79321740,10325.61328125,12.90151405,0
3864.79460628,10316.11914062,12.91609001,0
3864.79599516,10327.59277344,12.92637634,0
3864.79738404,10285.43847656,12.89881802,0
3864.79877292,10324.74023438,12.91376114,0
3864.80016180,10305.71191406,12.89504719,0
3864.80155068,10295.12011719,12.91211700,0
3864.80293956,10298.57324219,12.88488102,0
3864.80432844,10325.20800781,12.90824318,0
3864.80571732,10319.57812500,12.92055702,0
3864.80849508,10300.72949219,12.89547348,0
3864.80988396,10299.62109375,12.90059471,0
3864.81127284,10299.12695312,12.89368153,0
3864.81266172,10291.65917969,12.88963127,0
3864.81405060,10319.19238281,12.90480995,0
3864.81543948,10316.59472656,12.91523552,0
3864.81682836,10298.78710938,12.90090656,0
3864.81821723,10302.28906250,12.90774059,0
3864.81960611,10308.44531250,12.92205620,0
3864.82099499,10320.82128906,12.91619110,0
3864.82238387,10327.72070312,12.91543579,0
3864.82377275,10304.38476562,12.89869499,0
3864.82516163,10313.95605469,12.91947937,0
3864.82655051,10322.48828125,12.92677498,0
3864.82793939,10301.43359375,12.88745213,0
3864.82932827,10318.53808594,12.91784573,0
3864.83071715,10316.82910156,12.91351414,0
3864.83210603,10312.09667969,12.90605164,0
3864.83349491,10319.48339844,12.92597866,0
3864.83488379,10329.54589844,12.92103481,0
3864.83627267,10302.47949219,12.89875507,0
3864.83766155,10307.40527344,12.90891361,0
3864.83905043,10296.08300781,12.90362740,0
3864.84321707,10320.78125000,12.91698074,0
3864.84599483,10319.40820312,12.91515064,0
3864.84738371,10313.39257812,12.92416382,0
3864.84877259,10338.99707031,12.91858768,0
3864.85016147,10319.62402344,12.91320896,0
3864.85155035,10299.07519531,12.91759014,0
3864.85293923,10298.04199219,12.89952755,0
3864.85432811,10292.19726562,12.90279579,0
3864.85571699,10302.79589844,12.89991379,0
3864.85710587,10310.24023438,12.90898609,0
3864.85849475,10311.41992188,12.89829254,0
3864.85988363,10310.42285156,12.90612793,0
3864.86127251,10306.60156250,12.89633846,0
3864.86266139,10291.44726562,12.90177536,0
3864.86405027,10283.98925781,12.89361477,0
3864.86543915,10301.73828125,12.91170883,0
3864.86682803,10315.30566406,12.91642380,0
3864.86821691,10300.56347656,12.90329075,0
3864.86960578,10308.65332031,12.90108109,0
3864.87099466,10303.53906250,12.91159153,0
3864.87238354,10304.92089844,12.90281677,0
3864.87377242,10308.30468750,12.91543579,0
3864.87516130,10283.44726562,12.90303707,0
3864.87655018,10318.60937500,12.91029358,0
3864.87793906,10290.25292969,12.90479469,0
3864.87932794,10303.87402344,12.89189816,0
3864.88071682,10335.83593750,12.92144871,0
3864.88210570,10295.65820312,12.87620068,0
3864.88349458,10327.10937500,12.92766094,0
3864.88488346,10299.12011719,12.90630627,0
3864.88627234,10316.59375000,12.92634964,0
3864.88766122,10315.48730469,12.90441036,0
3864.88905010,10313.49218750,12.91221046,0
3864.89043898,10310.18750000,12.90079975,0
3864.89321674,10300.49023438,12.90384769,0
3864.89460562,10312.01855469,12.90638447,0
3864.89599450,10279.35644531,12.88235950,0
3864.89738338,10317.33398438,12.92140865,0
3864.89877226,10329.25000000,12.92509556,0
3864.90016114,10313.14941406,12.90786457,0
3864.90155002,10312.22070312,12.91629028,0
3864.90293890,10285.52734375,12.91346836,0
3864.90432778,10279.79687500,12.89863300,0
3864.90571666,10296.28417969,12.89967251,0
3864.90710554,10309.28906250,12.90910625,0
3864.90849442,10300.56445312,12.91435337,0
3864.90988330,10309.49609375,12.91504955,0
3864.91127218,10325.83398438,12.92595100,0
3864.91266106,10306.90722656,12.92032433,0
3864.91404993,10295.45996094,12.89221764,0
3864.91543881,10326.83496094,12.91270447,0
3864.91682769,10305.21582031,12.90412045,0
3864.91821657,10317.49121094,12.91403103,0
3864.91960545,10303.23437500,12.90378094,0
3864.92099433,10304.33593750,12.90528488,0
3864.92238321,10298.74218750,12.91020584,0
3864.92377209,10323.82324219,12.91040325,0
3864.92516097,10337.00878906,12.91114712,0
3864.92654985,10310.45703125,12.89589882,0
3864.92793873,10308.87500000,12.90783501,0
3864.92932761,10303.02539062,12.92092037,0
3864.93071649,10320.30761719,12.92425632,0
3864.93210537,10337.15820312,12.92487717,0
3864.93349425,10303.72167969,12.91312790,0
3864.93488313,10303.96875000,12.89182186,0
3864.93627201,10299.73144531,12.88609219,0
3864.93766089,10313.71875000,12.90087700,0
3864.93904977,10307.63476562,12.91525078,0
3864.94043865,10306.62792969,12.89829254,0
3864.94182753,10286.42773438,12.87845516,0
3864.94321641,10281.66210938,12.88677788,0
3864.94460529,10291.18750000,12.90287018,0
3864.94599417,10321.17285156,12.91810989,0
3864.94738305,10308.26269531,12.90670681,0
3864.94877193,10318.96484375,12.92081547,0
3864.95016081,10284.04687500,12.91480637,0
3864.95154969,10306.56542969,12.91109562,0
3864.95293856,10314.18457031,12.91414165,0
3864.95432744,10319.79199219,12.92529488,0
3864.95571632,10330.67187500,12.91648006,0
3864.95710520,10286.47070312,12.89424229,0
3864.95849408,10304.57421875,12.91168022,0
3864.95988296,10306.73046875,12.90816975,0
3864.96127184,10288.40527344,12.90809155,0
3864.96266072,10292.99707031,12.90242577,0
3864.96404960,10308.20117188,12.90961647,0
3864.96543848,10308.46289062,12.89484215,0
3864.96682736,10350.75390625,12.92912292,0
3864.96821624,10330.58203125,12.91156387,0
3864.96960512,10315.91113281,12.92042160,0
3864.97099400,10315.80859375,12.90894985,0
3864.97238288,10307.84765625,12.90121746,0
3864.97377176,10310.20898438,12.91157627,0
3864.97516064,10329.57812500,12.92051983,0
3864.97654952,10295.93652344,12.91609955,0
3864.97793840,10322.60937500,12.91298485,0
3864.97932728,10327.24023438,12.92944908,0
3864.98071616,10309.76562500,12.89430523,0
3864.98210504,10312.56933594,12.90273190,0
3864.98349392,10295.95800781,12.90546513,0
3864.98488280,10323.72656250,12.91408062,0
3864.98627168,10311.77636719,12.91191196,0
3864.98766056,10310.12500000,12.92195129,0
3864.98904943,10319.05761719,12.91682911,0
3864.99043831,10288.06054688,12.90386200,0
3864.99182719,10301.27148438,12.90965748,0
3864.99321607,10290.25683594,12.90479088,0
3864.99460495,10306.98632812,12.90899754,0
3864.99599383,10294.46679688,12.89529228,0
3864.99738271,10300.39160156,12.90421009,0
3864.99877159,10312.63574219,12.91902161,0
3865.00016047,10310.60839844,12.90665054,0
3865.00154935,10327.09667969,12.90745831,0
3865.00432711,10308.46191406,12.90883446,0
3865.00571599,10311.55664062,12.90819836,0
3865.00710487,10310.87792969,12.89684391,0
3865.00849375,10287.36621094,12.90306568,0
3865.00988263,10295.99023438,12.90152359,0
3865.01127151,10294.66113281,12.90068436,0
3865.01266039,10333.85839844,12.91649914,0
3865.01404927,10302.81347656,12.90112114,0
3865.01543815,10290.26562500,12.89786911,0
3865.01682703,10289.53906250,12.89591026,0
3865.01821591,10293.34179688,12.91198349,0
3865.01960479,10292.63964844,12.89087296,0
3865.02099367,10292.33984375,12.89751053,0
3865.02238254,10307.71191406,12.91337109,0
3865.02377142,10321.19824219,12.90456581,0
3865.02516030,10324.61230469,12.90332794,0
3865.02654918,10309.13671875,12.91528320,0
3865.02793806,10297.62890625,12.90876389,0
3865.02932694,10307.59179688,12.91150570,0
3865.03071582,10333.92285156,12.89994431,0
3865.03210470,10318.34277344,12.90469074,0
3865.03349358,10315.28320312,12.91910267,0
3865.03488246,10342.46875000,12.92766571,0
3865.03627134,10330.14746094,12.92379570,0
3865.03766022,10293.44140625,12.90005398,0
3865.03904910,10308.10546875,12.90705109,0
3865.04043798,10337.54492188,12.93166351,0
3865.04182686,10255.99121094,12.88045883,0
3865.04321574,10307.91796875,12.91296196,0
3865.04460462,10296.45996094,12.91020298,0
3865.04599350,10341.56640625,12.92236423,0
3865.04738238,10309.52343750,12.90959835,0
3865.04877126,10313.43847656,12.89864826,0
3865.05016014,10309.84277344,12.90902328,0
3865.05154902,10320.85839844,12.90757751,0
3865.05293790,10328.64355469,12.92167187,0
3865.05432677,10314.98925781,12.91535091,0
3865.05571565,10304.88671875,12.89875317,0
3865.05710453,10320.22070312,12.91489220,0
3865.05849341,10288.77148438,12.90789795,0
3865.05988229,10312.04394531,12.91128254,0
3865.06127117,10302.37304688,12.89412022,0
3865.06266005,10303.11425781,12.90762043,0
3865.06404893,10324.36523438,12.91842175,0
3865.06543781,10322.24609375,12.91770267,0
3865.06682669,10309.49902344,12.90388680,0
3865.06821557,10318.70312500,12.93520451,0
3865.06960445,10299.01074219,12.90430737,0
3865.07099333,10303.06933594,12.91179371,0
3865.07238221,10309.12011719,12.91220951,0
3865.07377109,10319.75585938,12.91985989,0
3865.07515997,10284.50292969,12.90346432,0
3865.07654885,10371.08789062,12.94201469,0
3865.08071549,10299.12597656,12.90923214,0
3865.08210437,10288.14355469,12.90114307,0
3865.08349325,10323.24707031,12.91421795,0
3865.08488212,10302.77929688,12.90912914,0
3865.08627100,10303.87695312,12.89476871,0
3865.08765988,10300.69433594,12.89655018,0
3865.08904876,10344.09375000,12.93612766,0
3865.09043764,10314.31542969,12.91449547,0
3865.09182652,10303.13574219,12.90477180,0
3865.09321540,10281.49023438,12.90010738,0
3865.09460428,10304.88183594,12.91017532,0
3865.09599316,10323.00683594,12.92463207,0
3865.09738204,10290.57421875,12.90888691,0
3865.09877092,10302.08398438,12.92212296,0
3865.10015980,10319.99023438,12.91624737,0
3865.10154868,10303.56738281,12.91791248,0
3865.10293756,10302.74804688,12.90880108,0
3865.10432644,10309.49023438,12.92070293,0
3865.10571532,10303.91503906,12.90213108,0
3865.10710420,10326.19140625,12.91807556,0
3865.10849308,10307.60156250,12.91569138,0
3865.10988196,10294.65429688,12.90855694,0
3865.11127084,10321.75097656,12.92571735,0
3865.11265972,10309.27343750,12.91713238,0
3865.11404859,10306.65234375,12.91276741,0
3865.11543747,10299.59863281,12.91181087,0
3865.11682635,10299.41796875,12.89976883,0
3865.11821523,10339.31542969,12.92958927,0
3865.11960411,10298.46972656,12.91936207,0
3865.12099299,10325.12109375,12.92070866,0
3865.12238187,10301.37988281,12.90080357,0
3865.12377075,10316.22656250,12.92178345,0
3865.12515963,10295.59472656,12.90705681,0
3865.12654851,10311.41210938,12.92277241,0
3865.12793739,10288.71582031,12.91168785,0
3865.12932627,10309.33203125,12.92600918,0
3865.13071515,10328.80078125,12.92566586,0
3865.13210403,10302.80566406,12.91851997,0
3865.13349291,10312.07714844,12.91852283,0
3865.13488179,10284.38281250,12.90611458,0
3865.13627067,10314.93066406,12.91787148,0
3865.13765955,10295.83593750,12.91831970,0
3865.13904843,10304.19238281,12.92275429,0
3865.14043731,10321.45605469,12.90406609,0
3865.14182619,10299.14355469,12.91224957,0
3865.14321506,10311.77636719,12.93156338,0
3865.14460394,10327.76660156,12.92682362,0
3865.14599282,10316.30468750,12.92514324,0
3865.14738170,10304.46875000,12.91731262,0
3865.14877058,10319.07128906,12.91973972,0
3865.15015946,10312.65917969,12.92402840,0
3865.15154834,10332.17968750,12.93327141,0
3865.15293722,10320.92187500,12.92204952,0
3865.15432610,10323.23339844,12.92987823,0
3865.15571498,10311.62695312,12.91554737,0
3865.15710386,10322.09863281,12.92416954,0
3865.15849274,10291.45117188,12.91062164,0
3865.15988162,10299.41015625,12.92094612,0
3865.16127050,10320.60156250,12.93566322,0
3865.16265938,10325.09765625,12.93301868,0
3865.16404826,10304.13281250,12.91006184,0
3865.16543714,10309.83789062,12.93022823,0
3865.16821490,10308.62011719,12.91317177,0
3865.16960378,10295.01171875,12.91713142,0
3865.17099265,10286.18359375,12.91433811,0
3865.17238153,10308.26855469,12.90550709,0
3865.17377041,10299.11914062,12.90855789,0
3865.17515929,10300.51367188,12.91457558,0
3865.17654817,10325.44042969,12.93265820,0
3865.17793705,10330.03320312,12.93389797,0
3865.17932593,10299.13769531,12.91508293,0
3865.18071481,10298.03613281,12.92112350,0
3865.18210369,10282.65429688,12.90661335,0
3865.18349257,10312.04980469,12.92566872,0
3865.18488145,10290.37402344,12.91067886,0
3865.18627033,10329.83984375,12.93350220,0
3865.18765921,10301.57812500,12.92488289,0
3865.18904809,10337.75878906,12.94009304,0
3865.19043697,10297.56250000,12.91741371,0
3865.19182585,10302.59667969,12.92170238,0
3865.19321473,10315.92480469,12.93205738,0
3865.19460361,10295.97851562,12.92289352,0
3865.19599249,10295.61035156,12.91014767,0
3865.19738137,10311.95214844,12.93527603,0
3865.19877024,10302.05566406,12.91087723,0
3865.20015912,10312.63671875,12.92826939,0
3865.20154800,10313.14453125,12.92257977,0
3865.20293688,10294.99707031,12.92864132,0
3865.20432576,10300.17187500,12.91775131,0
3865.20571464,10331.00878906,12.93726444,0
3865.20710352,10323.54296875,12.92607880,0
3865.20849240,10338.87988281,12.93760395,0
3865.20988128,10304.46582031,12.91757965,0
3865.21127016,10322.27343750,12.91552448,0
3865.21265904,10284.00195312,12.91298389,0
3865.21404792,10309.70703125,12.92721653,0
3865.21543680,10325.47851562,12.94658661,0
3865.21682568,10291.33593750,12.91321182,0
3865.21821456,10309.10546875,12.92578793,0
3865.21960344,10346.44433594,12.94861698,0
3865.22099232,10312.36718750,12.93440819,0
3865.22238120,10317.89648438,12.93100262,0
3865.22377007,10302.93066406,12.92989826,0
3865.22515895,10310.95898438,12.93865299,0
3865.22654783,10318.11230469,12.93315697,0
3865.22793671,10312.61523438,12.93267059,0
3865.22932559,10323.00585938,12.93423939,0
3865.23071447,10323.17773438,12.94047928,0
3865.23210335,10326.38476562,12.93786430,0
3865.23349223,10323.37792969,12.93799305,0
3865.23488111,10305.94433594,12.92780113,0
3865.23626999,10305.44921875,12.92540836,0
3865.23765887,10287.55957031,12.92411900,0
3865.23904775,10328.06933594,12.94215965,0
3865.24043663,10288.26660156,12.93208694,0
3865.24182551,10305.84179688,12.92864895,0
3865.24321439,10309.83691406,12.93281269,0
3865.24460327,10307.35937500,12.93250084,0
3865.24599215,10310.94531250,12.93854141,0
3865.24738103,10315.00781250,12.93392658,0
3865.24876991,10287.25097656,12.92692471,0
3865.25015878,10302.78320312,12.92523003,0
3865.25154766,10329.30273438,12.94720840,0
3865.25293654,10316.34082031,12.93537521,0
3865.25432542,10323.92578125,12.93662357,0
3865.25571430,10319.33300781,12.94178391,0
3865.25710318,10297.82910156,12.93636322,0
3865.25849206,10306.13085938,12.92468071,0
3865.25988094,10299.20703125,12.91568756,0
3865.26126982,10290.68652344,12.91507530,0
3865.26265870,10320.14843750,12.92982388,0
3865.26404758,10316.43164062,12.93663883,0
3865.26543646,10328.54882812,12.95008850,0
3865.26682534,10309.23925781,12.93357849,0
3865.26821422,10298.07910156,12.94017506,0
3865.26960310,10303.72753906,12.94653416,0
3865.27099198,10349.66503906,12.95490551,0
3865.27238086,10317.14648438,12.95323086,0
3865.27376974,10318.06835938,12.94284439,0
3865.27515861,10290.91796875,12.93444920,0
3865.27654749,10320.22656250,12.94365311,0
3865.27793637,10327.03613281,12.95576763,0
3865.27932525,10319.59667969,12.93956661,0
3865.28071413,10287.24121094,12.93163109,0
3865.28210301,10315.23925781,12.94906044,0
3865.28349189,10313.73632812,12.93634892,0
3865.28488077,10309.37011719,12.93498325,0
3865.28626965,10313.40234375,12.93900776,0
3865.28765853,10309.44824219,12.94347095,0
3865.28904741,10311.98535156,12.94901562,0
3865.29043629,10317.82324219,12.94589329,0
3865.29182517,10323.89843750,12.94470596,0
3865.29321405,10309.13085938,12.94802380,0
3865.29460293,10319.31738281,12.94249630,0
3865.29599181,10324.76757812,12.94213772,0
3865.29738069,10308.10449219,12.93843555,0
3865.29876957,10309.45703125,12.94896126,0
3865.30015844,10341.74707031,12.95006371,0
3865.30154732,10313.74511719,12.93601322,0
3865.30293620,10317.22070312,12.93835258,0
3865.30432508,10324.53222656,12.95674515,0
3865.30571396,10325.81933594,12.95127201,0
3865.30710284,10344.45996094,12.96022224,0
3865.30849172,10319.40917969,12.95666695,0
3865.30988060,10321.12597656,12.95203304,0
3865.31126948,10331.41015625,12.95776653,0
3865.31265836,10328.42382812,12.96709728,0
3865.31404724,10355.28613281,12.95734501,0
3865.31543612,10302.49804688,12.93983746,0
3865.31682500,10319.68457031,12.95564842,0
3865.31821388,10305.13378906,12.94488716,0
3865.31960276,10317.91308594,12.95460129,0
3865.32099164,10290.06542969,12.93067551,0
3865.32238052,10311.26757812,12.94855213,0
3865.32376940,10336.17089844,12.94163799,0
3865.32515827,10315.26562500,12.94308662,0
3865.32654715,10330.06542969,12.94689274,0
3865.32793603,10311.81445312,12.94361210,0
3865.32932491,10314.28125000,12.96621418,0
3865.33071379,10311.00878906,12.95460129,0
3865.33210267,10321.77929688,12.95145702,0
3865.33349155,10290.98828125,12.94311619,0
3865.33488043,10292.32128906,12.93490601,0
3865.33626931,10320.62988281,12.95885658,0
3865.33765819,10340.21289062,12.97730827,0
3865.33904707,10325.02929688,12.95887947,0
3865.34043595,10315.02148438,12.95146751,0
3865.34182483,10300.95117188,12.94331360,0
3865.34321371,10317.08984375,12.95543671,0
3865.34460259,10316.16699219,12.95295143,0
3865.34599147,10305.62792969,12.94935989,0
3865.34738035,10314.00292969,12.95341873,0
3865.34876922,10308.02539062,12.95878601,0
3865.35015810,10304.93359375,12.95155239,0
3865.35154698,10319.54199219,12.95884514,0
3865.35293586,10308.75097656,12.94295406,0
3865.35432474,10318.29687500,12.96376705,0
3865.35571362,10304.79589844,12.95579624,0
3865.35710250,10308.15820312,12.95911598,0
3865.35849138,10317.52441406,12.96232414,0
3865.35988026,10300.02246094,12.94534206,0
3865.36126914,10321.73925781,12.95912743,0
3865.36265802,10315.83007812,12.95930672,0
3865.36404690,10311.80761719,12.95508289,0
3865.36543578,10339.90917969,12.96686268,0
3865.36682466,10305.77832031,12.94823837,0
3865.36821354,10320.04394531,12.96182728,0
3865.36960242,10324.68847656,12.97150421,0
3865.37099130,10330.73144531,12.97061157,0
3865.37238017,10303.98828125,12.95793533,0
3865.37376905,10327.39941406,12.96828079,0
3865.37654681,10302.77929688,12.96365738,0
3865.37793569,10312.22167969,12.96789932,0
3865.37932457,10310.77734375,12.96308517,0
3865.38071345,10284.67480469,12.95024490,0
3865.38210233,10323.06933594,12.96292591,0
3865.38349121,10329.28320312,12.97206020,0
3865.38488009,10317.98437500,12.97388458,0
3865.38626897,10339.47558594,12.97128677,0
3865.38765785,10301.87402344,12.96146107,0
3865.38904673,10320.75097656,12.96868801,0
3865.39043561,10288.22753906,12.95852757,0
3865.39182449,10314.51855469,12.97583675,0
3865.39321337,10308.33691406,12.95824814,0
3865.39460225,10322.32910156,12.96504116,0
3865.39599112,10306.57324219,12.95932961,0
3865.39738000,10307.15722656,12.97033119,0
3865.39876888,10322.22851562,12.97405529,0
3865.40015776,10320.52539062,12.98179245,0
3865.40154664,10309.49414062,12.96927452,0
3865.40293552,10307.83593750,12.97036934,0
3865.40432440,10304.79980469,12.95669460,0
3865.40571328,10291.00781250,12.95663738,0
3865.40710216,10304.71484375,12.96871185,0
3865.40849104,10315.17382812,12.97440434,0
3865.40987992,10295.86230469,12.95984459,0
3865.41126880,10294.65722656,12.96601582,0
3865.41265768,10297.75781250,12.96141815,0
3865.41404656,10311.81054688,12.97446823,0
3865.41543544,10306.57910156,12.98199177,0
3865.41682432,10299.20410156,12.97388172,0
3865.41821320,10329.84960938,12.97820091,0
3865.41960207,10306.59765625,12.97114849,0
3865.42099095,10305.28222656,12.97016430,0
3865.42237983,10333.24218750,12.97991371,0
3865.42376871,10300.66894531,12.97952938,0
3865.42515759,10302.14453125,12.97173405,0
3865.42654647,10337.96777344,12.99268913,0
3865.42793535,10318.87500000,12.97834873,0
3865.42932423,10313.66113281,12.98087406,0
3865.43071311,10335.18750000,12.98740768,0
3865.43210199,10316.67968750,12.97967339,0
3865.43349087,10310.37988281,12.97798157,0
3865.43487975,10314.62304688,12.96454239,0
3865.43626863,10282.41601562,12.94582748,0
3865.43765751,10308.58496094,12.98160267,0
3865.43904639,10297.74023438,12.97597313,0
3865.44043527,10321.78613281,12.98192120,0
3865.44182414,10313.47167969,12.97546959,0
3865.44321302,10309.94238281,12.97269726,0
3865.44460190,10313.49707031,12.97539997,0
3865.44599078,10333.19238281,12.99454021,0
3865.44737966,10310.16113281,12.97932911,0
3865.44876854,10328.37011719,12.97809601,0
3865.45015742,10314.57128906,12.98431396,0
3865.45154630,10314.82910156,12.99167252,0
3865.45293518,10301.25390625,12.99205780,0
3865.45432406,10309.34863281,12.97719765,0
3865.45571294,10285.13867188,12.95952606,0
3865.45710182,10316.83007812,12.98097801,0
3865.45849070,10317.63378906,12.99075222,0
3865.45987958,10308.13281250,12.98574352,0
3865.46126846,10334.49707031,12.99473190,0
3865.46265734,10312.66796875,12.98582840,0
3865.46404621,10320.01757812,12.99620438,0
3865.46543509,10303.95898438,12.97769165,0
3865.46682397,10304.34375000,12.98312092,0
3865.46821285,10341.67089844,13.00664234,0
3865.46960173,10311.45214844,12.98441219,0
3865.47099061,10307.62597656,12.98621750,0
3865.47237949,10295.68750000,12.96840286,0
3865.47376837,10311.65625000,12.97915840,0
3865.47515725,10339.82519531,13.00122070,0
3865.47654613,10302.60546875,12.97932529,0
3865.47793501,10316.35058594,12.98994923,0
3865.47932389,10298.26464844,12.98773384,0
3865.48071277,10313.95312500,12.98682499,0
3865.48210165,10296.06542969,12.98955059,0
3865.48349053,10295.59570312,12.98457050,0
3865.48487941,10307.47753906,12.98620987,0
3865.48626829,10311.29589844,12.99352646,0
3865.48765716,10292.28710938,12.98220253,0
3865.48904604,10312.97753906,12.99693584,0
3865.49043492,10303.92285156,12.98656178,0
3865.49182380,10323.12011719,12.98905563,0
3865.49321268,10310.50195312,12.99074364,0
3865.49460156,10290.97363281,12.98907471,0
3865.49599044,10332.81054688,13.00623322,0
3865.49737932,10296.66308594,12.99372673,0
3865.49876820,10310.24511719,12.98457146,0
3865.50015708,10294.76757812,12.99261951,0
3865.50154596,10306.17382812,12.99783993,0
3865.50293484,10298.27343750,12.98951530,0
3865.50432372,10331.46777344,13.00420666,0
3865.50571260,10323.90039062,12.99622631,0
3865.50710148,10320.81250000,13.00779533,0
3865.50849035,10296.31054688,12.98971844,0
3865.50987923,10291.48242188,12.98017025,0
3865.51126811,10301.06835938,13.00043964,0
3865.51265699,10322.56835938,13.00247765,0
3865.51404587,10311.38769531,13.00146961,0
3865.51543475,10305.80371094,13.00720978,0
3865.51682363,10329.15332031,13.01036263,0
3865.51821251,10316.69042969,13.00695610,0
3865.51960139,10330.37109375,13.00187206,0
3865.52099027,10320.33007812,13.00905800,0
3865.52237915,10296.55664062,12.99952507,0
3865.52376803,10322.01953125,13.00659180,0
3865.52515691,10311.28515625,13.00336647,0
3865.52654579,10305.51562500,13.00205898,0
3865.52793467,10322.78027344,13.01225567,0
3865.52932355,10321.46093750,13.01464748,0
3865.53071242,10318.07910156,13.00273132,0
3865.53210130,10326.80664062,13.00388813,0
3865.53349018,10299.87792969,13.00459576,0
3865.53487906,10314.41015625,13.01642990,0
3865.53626794,10293.10839844,12.99967003,0
3865.53765682,10290.72753906,13.00133896,0
3865.53904570,10310.49609375,13.00884724,0
3865.54043458,10304.44628906,12.99508953,0
3865.54182346,10309.50488281,13.00526237,0
3865.54321234,10324.00000000,13.01962757,0
3865.54460122,10318.65234375,13.01595211,0
3865.54599010,10287.90234375,13.00695419,0
3865.54737898,10299.40332031,13.00936890,0
3865.54876786,10294.23339844,13.01810265,0
3865.55015674,10306.52246094,13.00508308,0
3865.55154562,10309.00195312,13.01786137,0
3865.55293449,10317.23828125,13.02364635,0
3865.55432337,10305.66992188,12.99507713,0
3865.55571225,10319.05273438,13.01533699,0
3865.55710113,10293.84375000,13.01031303,0
3865.55849001,10314.06933594,13.02014637,0
3865.55987889,10282.98437500,13.00476933,0
3865.56126777,10336.01660156,13.02355671,0
3865.56265665,10324.45898438,13.03286171,0
3865.56404553,10318.14941406,13.02181435,0
3865.56543441,10301.79492188,13.00656605,0
3865.56682329,10330.58300781,13.02988815,0
3865.56821217,10321.12597656,13.02407742,0
3865.56960105,10302.07910156,13.00985909,0
3865.57098993,10313.51074219,13.02090168,0
3865.57237881,10313.39062500,13.02271366,0
3865.57376768,10302.65527344,13.02157402,0
