time_bkjd,pdcsap_flux,pdcsap_flux_err,sap_quality
735.38355650,6836.59960938,3.83173823,393216
735.40398948,6830.67089844,3.83311796,393216
735.42442245,6833.29931641,3.83698583,393216
735.44485543,6828.79785156,3.83775258,393216
735.46528841,6831.17431641,3.83890271,393216
735.48572139,6835.68896484,3.84232616,401408
735.50615437,6834.82226562,3.84450412,393344
735.52658735,6826.02343750,3.84493399,393216
735.54702033,6827.27783203,3.84707236,393216
735.56745341,6838.84472656,3.84966493,393216
735.58788629,6824.33154297,3.84934330,393216
735.60831937,6826.76757812,3.85136700,393216
735.62875235,6837.51562500,3.85178900,393216
735.64918523,6837.99658203,3.85308933,393216
735.66961831,6839.32324219,3.85501170,393216
735.69005129,6832.97558594,3.85594249,393216
735.71048417,6840.54589844,3.85733461,393216
735.73091726,6833.12011719,3.85779452,393216
735.75135024,6836.37451172,3.85975027,393216
735.77178312,6839.49902344,3.86059618,393216
735.79221621,6842.66357422,3.86156893,393216
735.81264919,6837.41406250,3.86066628,393216
735.83308217,6833.04785156,3.86255860,393216
735.85351516,6838.48876953,3.86374211,393216
735.87394804,6843.40234375,3.86326385,393216
735.89438113,6833.64013672,3.86410546,0
735.91481411,6841.79101562,3.86402416,0
735.93524710,6830.51171875,3.86385536,393216
735.95568008,6838.50976562,3.86470556,0
735.97611307,6834.23876953,3.86488175,0
735.99654606,6842.60498047,3.86656547,0
736.01697914,6838.25097656,3.86597824,0
736.03741203,6829.75830078,3.86509013,0
736.05784512,6836.36132812,3.86709571,0
736.07827810,6832.12402344,3.86582828,0
736.09871099,6830.22900391,3.86661744,393216
736.11914408,6838.35839844,3.86757469,0
736.13957707,6834.29150391,3.86773705,0
736.16000996,6837.25830078,3.86705422,401408
736.18044305,6827.49560547,3.86685753,0
736.20087604,6832.81591797,3.86853242,262144
736.22130893,6839.34033203,3.86935639,262144
736.24174202,6837.94091797,3.87053156,0
736.26217501,6840.18896484,3.86971569,262144
736.28260810,6836.55908203,3.87004137,393216
736.30304099,6836.25048828,3.87049413,0
736.32347398,6831.87988281,3.86970401,0
736.34390707,6843.06445312,3.87080431,393216
736.36433996,6838.35791016,3.87106156,0
736.38477296,6835.33496094,3.87059999,0
736.40520605,6829.13378906,3.87015009,0
736.42563894,6828.67333984,3.87024140,393216
736.44607193,6834.58251953,3.87079477,0
736.46650493,6838.18798828,3.87226582,0
736.48693792,6844.59423828,3.87247086,0
736.50737102,6842.05566406,3.87139201,0
736.52780391,6836.44775391,3.87190604,0
736.54823690,6838.41894531,3.87187362,0
736.56867000,6837.90625000,3.87213230,0
736.58910299,6836.52246094,3.87171698,0
736.60953589,6841.87548828,3.87313938,0
736.62996899,6834.92968750,3.87262583,0
736.65040198,6837.00976562,3.87287593,393216
736.67083488,6839.42773438,3.87228680,393216
736.69126798,6839.71142578,3.87312412,393216
736.71170097,6832.30273438,3.87222362,393216
736.73213407,6838.87792969,3.87320828,393216
736.75256697,6837.39941406,3.87279701,393216
736.77299997,6835.98291016,3.87308669,8192
736.79343307,6828.36669922,3.87166834,0
736.81386596,6841.67480469,3.87318826,0
736.83429896,6839.98437500,3.87288094,0
736.85473206,6838.73876953,3.87286139,0
736.87516496,6840.41894531,3.87328291,0
736.89559806,6834.83935547,3.87280822,0
736.91603106,6838.28173828,3.87245131,0
736.93646396,6835.23632812,3.87304235,0
736.95689707,6833.92382812,3.87298965,0
736.97733007,6840.02099609,3.87395835,0
736.99776307,6825.91357422,3.87244129,0
737.01819607,6839.53076172,3.87268257,0
737.03862907,6836.86181641,3.87359166,0
737.05906207,6840.56640625,3.87419224,393216
737.07949508,6835.55810547,3.87308240,262144
737.09992808,6839.06738281,3.87340021,262144
737.12036108,6835.99169922,3.87282348,16
737.14079409,6840.91845703,3.87407398,16
737.16122709,6840.28710938,3.87414551,16
737.18166010,6845.22900391,3.87438273,16
737.20209310,6843.16113281,3.87450719,16
737.22252611,6838.59960938,3.87385488,393232
737.24295921,6838.32275391,3.87436128,393232
737.26339212,6836.35546875,3.87355399,393232
737.28382512,6827.88183594,3.87326026,393232
737.32469114,6840.37402344,3.87366223,16
737.34512424,6835.33984375,3.87480831,16
737.36555725,6834.79736328,3.87352157,16
737.38599016,6837.13037109,3.87406802,16
737.40642327,6839.04687500,3.87416101,16
737.42685627,6844.93457031,3.87449217,16
737.44728918,6830.61181641,3.87382269,16
737.46772229,6837.60058594,3.87470102,16
737.48815530,6847.44287109,3.87545776,16
737.50858821,6836.23535156,3.87464905,0
737.52902132,6837.73144531,3.87499762,0
737.54945433,6841.96435547,3.87519073,0
737.56988744,6837.61083984,3.87454057,0
737.59032035,6828.85205078,3.87423873,0
737.61075336,6835.99218750,3.87529778,0
737.63118647,6843.89843750,3.87605500,0
737.65161939,6826.91992188,3.87337089,0
737.67205240,6838.71093750,3.87540317,0
737.69248551,6830.37109375,3.87473536,0
737.71291852,6839.10253906,3.87546229,0
737.73335144,6826.02343750,3.87419796,8192
737.75378455,6841.16943359,3.87567329,0
737.77421746,6842.96289062,3.87597704,262144
737.79465058,6837.46923828,3.87491727,0
737.81508359,6839.66943359,3.87589097,262144
737.83551651,6833.93408203,3.87440395,0
737.85594962,6834.37207031,3.87508059,0
737.87638264,6833.28271484,3.87474203,262144
737.89681555,6842.10791016,3.87605333,262144
737.91724867,6840.38964844,3.87582636,0
737.93768168,6838.72705078,3.87535834,0
737.95811480,6836.59570312,3.87564588,0
737.97854772,6837.11914062,3.87497044,0
737.99898073,6834.05859375,3.87492847,0
738.01941385,6837.05126953,3.87553740,0
738.03984677,6829.82080078,3.87486577,0
738.06027979,6831.89208984,3.87489486,0
738.08071291,6838.29248047,3.87594366,0
738.10114582,6839.25683594,3.87588501,0
738.12157884,6836.16162109,3.87512136,0
738.14201196,6840.32373047,3.87588358,0
738.16244488,6840.70117188,3.87601781,0
738.18287800,6830.80078125,3.87534881,0
738.20331102,6836.29003906,3.87553525,0
738.22374404,6838.63037109,3.87548733,393216
738.24417706,6838.67724609,3.87593937,393216
738.26461009,6834.55126953,3.87528443,393216
738.28504311,6837.51074219,3.87550688,0
738.30547613,6834.78564453,3.87543178,393216
738.32590915,6831.46142578,3.87546921,393216
738.34634217,6841.80371094,3.87637401,0
738.36677530,6833.69726562,3.87533832,0
738.38720822,6835.38671875,3.87539625,0
738.40764134,6836.00439453,3.87555122,0
738.42807427,6834.51855469,3.87551975,0
738.44850729,6840.67626953,3.87630630,0
738.46894042,6832.27929688,3.87498355,0
738.48937334,6837.54199219,3.87600756,0
738.50980636,6835.73925781,3.87561464,393216
738.53023949,6837.41601562,3.87611365,0
738.55067242,6832.96289062,3.87506390,0
738.57110544,6828.55322266,3.87473440,393216
738.59153857,6833.68798828,3.87547350,0
738.61197150,6830.28662109,3.87528038,0
738.63240462,6837.52197266,3.87533784,0
738.65283765,6836.60498047,3.87567091,0
738.67327058,6844.93505859,3.87654829,393216
738.69370370,6849.44433594,3.87692976,393216
738.71413673,6839.97607422,3.87627506,0
738.73456976,6838.66308594,3.87642336,393216
738.75500279,6834.17724609,3.87498593,393216
738.77543582,6833.07275391,3.87550306,0
738.79586885,6842.51708984,3.87629724,393216
738.81630188,6841.05468750,3.87624693,0
738.83673491,6835.63867188,3.87556481,393216
738.85716804,6835.99121094,3.87533426,262144
738.87760107,6829.75781250,3.87480283,0
738.89803400,6835.82568359,3.87553406,393216
738.91846713,6836.21972656,3.87576151,0
738.93890017,6836.01953125,3.87594032,0
738.95933310,6826.98242188,3.87450123,0
738.97976623,6836.00878906,3.87599564,393216
739.00019926,6835.88964844,3.87587094,393216
739.02063220,6834.76562500,3.87541986,393216
739.04106533,6837.00732422,3.87617493,393216
739.06149826,6841.42236328,3.87653089,393216
739.08193140,6832.87548828,3.87541032,393216
739.10236443,6828.10693359,3.87465453,393216
739.12279737,6839.51171875,3.87586784,393216
739.14323050,6836.23095703,3.87622309,128
739.16366354,6836.89404297,3.87529731,262144
739.18409647,6841.06250000,3.87599897,393216
739.20452961,6836.35937500,3.87529850,393216
739.22496264,6836.19287109,3.87555218,393216
739.24539578,6832.86474609,3.87507892,0
739.26582872,6840.50878906,3.87717628,393344
739.28626175,6832.46240234,3.87579799,393216
739.30669489,6835.46484375,3.87560081,393216
739.32712783,6836.84228516,3.87563014,393216
739.34756087,6835.32714844,3.87533402,393216
739.36799401,6828.81201172,3.87457943,393216
739.38842695,6837.27392578,3.87598801,0
739.40885999,6829.20068359,3.87496042,262144
739.42929312,6838.34423828,3.87564254,0
739.44972616,6838.90673828,3.87646008,0
739.47015920,6831.05468750,3.87483382,0
739.49059224,6831.39160156,3.87538719,0
739.51102529,6825.93652344,3.87487268,0
739.53145833,6838.54296875,3.87590480,0
739.55189137,6834.54150391,3.87560272,0
739.57232441,6831.53466797,3.87581372,0
739.59275745,6845.68164062,3.87780142,128
739.61319049,6838.84082031,3.87556744,0
739.63362354,6835.61132812,3.87630582,262144
739.65405658,6837.67382812,3.87564659,0
739.67448962,6838.69238281,3.87664270,0
739.69492277,6840.43994141,3.87619114,0
739.71535571,6839.19238281,3.87635517,0
739.73578876,6835.26367188,3.87573171,0
739.75622190,6835.31005859,3.87592411,0
739.77665485,6843.23583984,3.87685704,8192
739.79708789,6838.21142578,3.87634683,0
739.81752104,6844.46484375,3.87670898,0
739.83795398,6843.51611328,3.87677264,0
739.85838713,6836.43750000,3.87530351,0
739.87882018,6836.39599609,3.87569404,0
739.89925312,6836.69189453,3.87585735,0
739.91968627,6836.44921875,3.87613654,0
739.94011932,6852.80517578,3.87751865,0
739.96055237,6835.14794922,3.87579751,0
739.98098541,6841.32226562,3.87656093,0
740.00141846,6832.45410156,3.87559080,0
740.02185151,6832.49121094,3.87630987,0
740.04228456,6835.66748047,3.87594843,0
740.06271761,6834.09765625,3.87506580,0
740.08315076,6840.58203125,3.87657976,0
740.10358381,6833.41015625,3.87605238,0
740.12401676,6832.35546875,3.87581038,0
740.14444991,6831.75683594,3.87546492,262144
740.16488296,6830.48095703,3.87563825,0
740.18531591,6830.47949219,3.87580442,0
740.20574907,6834.62890625,3.87591767,0
740.22618212,6829.30859375,3.87574530,0
740.24661507,6837.16406250,3.87674236,0
740.26704822,6840.02929688,3.87690353,0
740.30791433,6839.90136719,3.87722826,262144
740.32834738,6830.50000000,3.87624669,0
740.34878034,6838.17187500,3.87675810,262144
740.36921349,6835.89697266,3.87684703,16
740.38964655,6833.41210938,3.87669921,16
740.41007950,6836.68554688,3.87663007,16
740.43051266,6836.74218750,3.87637138,16
740.45094571,6838.72802734,3.87743282,16
740.47137887,6834.20312500,3.87604022,16
740.51224488,6829.03515625,3.87650776,16
740.53267804,6839.57177734,3.87792897,16
740.55311100,6836.84326172,3.87775040,16
740.57354405,6844.98486328,3.87798619,16
740.59397721,6840.93261719,3.87839556,0
740.61441027,6838.30615234,3.87780762,0
740.63484323,6838.19482422,3.87679911,0
740.65527639,6833.82470703,3.87754726,0
740.67570945,6838.30078125,3.87757134,0
740.69614251,6838.16357422,3.87734032,0
740.71657557,6838.01025391,3.87748170,0
740.73700863,6843.80664062,3.87777019,0
740.75744179,6849.10888672,3.87837315,262144
740.77787475,6830.80517578,3.87715387,0
740.79830781,6840.19580078,3.87746358,0
740.81874097,6831.66601562,3.87681890,0
740.83917393,6840.54833984,3.87806344,0
740.85960700,6831.25000000,3.87655759,0
740.88004016,6838.21533203,3.87732983,8192
740.90047312,6831.40234375,3.87689257,0
740.92090628,6833.38183594,3.87690520,0
740.94133925,6833.62792969,3.87646365,0
740.96177231,6831.38232422,3.87720585,0
740.98220548,6834.39697266,3.87617230,0
741.00263844,6833.83642578,3.87707758,0
741.02307151,6845.15283203,3.87831759,0
741.04350467,6833.42871094,3.87762165,0
741.06393764,6840.58984375,3.87707114,0
741.08437080,6838.93945312,3.87681007,0
741.10480387,6834.79394531,3.87620664,0
741.12523694,6834.72558594,3.87747312,0
741.14567000,6835.96826172,3.87747622,0
741.16610307,6844.92089844,3.87802720,0
741.18653614,6842.46240234,3.87902808,128
741.20696920,6834.23583984,3.87697029,0
741.22740227,6843.31787109,3.87754941,0
741.24783534,6853.17333984,3.87980962,128
741.26826851,6837.70410156,3.87639666,0
741.28870148,6830.76708984,3.87636089,0
741.30913465,6830.78125000,3.87685800,0
741.32956772,6834.98486328,3.87742376,0
741.35000069,6837.78515625,3.87708998,0
741.37043386,6843.95556641,3.87724042,393216
741.39086693,6832.44677734,3.87621284,0
741.41129990,6838.21533203,3.87741780,0
741.43173307,6834.14648438,3.87688994,0
741.45216614,6833.67822266,3.87633085,0
741.47259912,6831.87255859,3.87665868,0
741.49303229,6831.74755859,3.87666678,393216
741.51346536,6834.58251953,3.87698817,262144
741.53389844,6837.77392578,3.87678742,0
741.55433151,6830.96972656,3.87525320,0
741.57476448,6838.87060547,3.87746191,0
741.59519766,6836.80908203,3.87725735,0
741.61563073,6835.15478516,3.87690210,0
741.63606371,6842.14746094,3.87695026,262144
741.65649688,6830.80029297,3.87636447,0
741.67692996,6834.56103516,3.87597370,0
741.69736313,6837.15527344,3.87698126,0
741.71779611,6840.14208984,3.87707114,0
741.73822918,6839.29980469,3.87670541,0
741.75866236,6833.90820312,3.87636209,0
741.77909534,6837.76025391,3.87601137,0
741.79952842,6835.96826172,3.87594986,0
741.81996159,6834.51757812,3.87670493,0
741.84039467,6839.83447266,3.87688327,0
741.86082765,6837.50781250,3.87596083,0
741.88126083,6836.32031250,3.87665081,0
741.90169391,6839.96386719,3.87678528,0
741.92212709,6841.80322266,3.87678194,0
741.94256007,6836.38183594,3.87641454,393216
741.96299315,6836.95654297,3.87669873,0
741.98342633,6835.57324219,3.87541032,0
742.00385931,6839.67773438,3.87638617,0
742.02429239,6832.61132812,3.87623596,0
742.04472557,6833.87988281,3.87549329,262144
742.06515855,6840.54687500,3.87716055,0
742.08559163,6838.41015625,3.87685180,0
742.10602482,6834.83496094,3.87686515,0
742.12645780,6836.71630859,3.87679672,0
742.14689098,6837.35009766,3.87596250,0
742.16732407,6842.85253906,3.87702656,0
742.18775705,6831.11523438,3.87557077,0
742.20819023,6840.89892578,3.87654734,0
742.22862322,6838.86425781,3.87540889,0
742.24905630,6834.69482422,3.87541175,0
742.26948949,6832.79736328,3.87564969,0
742.28992247,6840.96289062,3.87583447,0
742.31035566,6835.76025391,3.87443304,0
742.33078874,6831.12060547,3.87536764,0
742.35122183,6832.48486328,3.87624907,0
742.37165492,6836.73779297,3.87543607,0
742.39208801,6841.74658203,3.87606215,0
742.41252109,6841.05224609,3.87607074,0
742.43295418,6841.21679688,3.87655234,0
742.45338727,6838.20458984,3.87611747,0
742.47382036,6838.03320312,3.87457037,0
742.49425355,6832.76855469,3.87600183,0
742.51468653,6837.02197266,3.87381053,0
742.53511972,6835.17138672,3.87634921,0
742.55555281,6842.82958984,3.87709332,262144
742.57598580,6837.34619141,3.87482834,262144
742.59641899,6834.17333984,3.87383175,0
742.61685208,6841.93750000,3.87583971,0
742.63728508,6841.41015625,3.87677932,0
742.65771827,6839.25439453,3.87515759,0
742.67815136,6831.65039062,3.87412548,262144
742.69858455,6839.41552734,3.87676454,0
742.71901754,6835.44873047,3.87588835,0
742.73945064,6839.01611328,3.87692285,262144
742.75988383,6829.25097656,3.87393188,262144
742.78031682,6838.70751953,3.87559652,0
742.80074992,6840.47314453,3.87595129,0
742.82118311,6848.36425781,3.87797332,0
742.84161610,6830.89013672,3.87400103,0
742.86204920,6844.92138672,3.87777281,0
742.88248229,6838.74414062,3.87497592,0
742.90291539,6831.22363281,3.87382650,0
742.92334858,6841.45654297,3.87510967,0
742.94378158,6835.32910156,3.87509680,0
742.96421468,6834.91308594,3.87414479,0
742.98464787,6839.95996094,3.87704563,0
743.00508097,6838.88867188,3.87577510,0
743.02551397,6846.72216797,3.87809491,128
743.04594717,6836.85595703,3.87487721,0
743.06638026,6833.45996094,3.87450886,0
743.08681326,6838.02880859,3.87426567,0
743.10724646,6840.22998047,3.87452745,0
743.12767956,6839.15576172,3.87401462,0
743.14811276,6837.77685547,3.87430382,0
743.16854576,6834.47460938,3.87435007,0
743.18897886,6836.16796875,3.87437654,0
743.20941206,6840.12988281,3.87699556,262144
743.22984506,6841.51416016,3.87452030,262144
743.25027816,6833.40625000,3.87400961,0
743.29114436,6837.42089844,3.87464619,0
743.31157757,6838.79882812,3.87374043,0
743.33201067,6837.95410156,3.87481070,0
743.35244367,6830.57666016,3.87361383,0
743.37287688,6835.66601562,3.87416720,0
743.39330998,6845.64843750,3.87524390,0
743.41374298,6839.17675781,3.87440324,0
743.43417619,6843.25732422,3.87474203,0
743.45460929,6835.39257812,3.87437534,0
743.47504230,6827.30078125,3.87328362,0
743.49547550,6841.60253906,3.87523031,0
743.51590861,6835.45458984,3.87385631,0
743.53634171,6837.29248047,3.87439394,262144
743.55677482,6843.38427734,3.87479424,262144
743.57720792,6838.55126953,3.87465262,0
743.59764103,6839.18896484,3.87503481,262144
743.61807414,6837.76367188,3.87438965,262144
743.63850725,6836.42968750,3.87381697,0
743.65894035,6830.55224609,3.87328649,0
743.67937346,6833.39697266,3.87432098,0
743.69980667,6833.53906250,3.87354660,0
743.72023978,6840.70703125,3.87469816,0
743.74067279,6840.86035156,3.87510681,262144
743.76110600,6831.33886719,3.87413120,0
743.78153911,6838.61083984,3.87462664,0
743.80197212,6842.51269531,3.87484837,0
743.82240533,6831.52441406,3.87394333,0
743.84283844,6834.72216797,3.87388849,262144
743.86327145,6841.96630859,3.87462354,0
743.88370466,6837.39013672,3.87343359,0
743.90413777,6838.53271484,3.87435055,0
743.92457099,6834.67968750,3.87344289,0
743.94500400,6837.21679688,3.87403440,0
743.96543711,6844.24951172,3.87460518,0
743.98587032,6833.70947266,3.87355494,0
744.00630334,6840.67382812,3.87410927,0
744.02673645,6836.38427734,3.87356782,393216
744.04716957,6839.98632812,3.87421441,0
744.06760268,6834.50292969,3.87390852,262144
744.08803579,6838.27294922,3.87426209,0
744.10846901,6847.59082031,3.87530756,8192
744.12890203,6840.11083984,3.87452531,0
744.14933524,6834.94824219,3.87351322,262144
744.16976836,6829.59277344,3.87310743,0
744.19020137,6834.61962891,3.87366724,0
744.21063459,6832.15283203,3.87433910,0
744.23106771,6833.79687500,3.87357879,0
744.25150073,6837.08740234,3.87375164,0
744.27193394,6840.86621094,3.87399745,0
744.29236706,6839.18701172,3.87412000,0
744.31280028,6838.11376953,3.87473774,0
744.33323330,6836.38085938,3.87343717,0
744.35366642,6839.93701172,3.87350249,0
744.37409964,6837.59667969,3.87373471,0
744.39453266,6836.27636719,3.87347150,0
744.41496578,6837.70654297,3.87413621,0
744.43539900,6841.75292969,3.87445283,0
744.45583202,6836.38964844,3.87395597,0
744.47626514,6841.33740234,3.87446713,0
744.49669836,6830.06494141,3.87304854,262144
744.51713138,6839.03076172,3.87457514,0
744.53756461,6841.98193359,3.87572765,0
744.55799773,6835.64697266,3.87382960,0
744.57843075,6838.27197266,3.87343216,0
744.59886398,6843.85107422,3.87418127,0
744.61929710,6840.49462891,3.87491155,0
744.63973022,6840.60888672,3.87406588,0
744.66016335,6827.91601562,3.87300301,0
744.68059647,6837.59667969,3.87448454,0
744.70102960,6835.12792969,3.87347198,0
744.72146272,6834.77343750,3.87405849,0
744.74189585,6839.12011719,3.87401819,0
744.76232897,6839.16162109,3.87385511,0
744.78276210,6837.53515625,3.87408161,0
744.80319523,6835.19873047,3.87356186,0
744.82362835,6835.94287109,3.87400961,0
744.84406148,6837.07470703,3.87423754,0
744.86449461,6826.56494141,3.87338352,0
744.88492784,6837.97265625,3.87408185,0
744.90536087,6835.78662109,3.87389302,0
744.92579410,6833.47021484,3.87384129,0
744.94622722,6837.83447266,3.87396121,0
744.96666025,6834.25390625,3.87426066,0
744.98709348,6837.55566406,3.87394524,0
745.00752661,6829.45458984,3.87350512,0
745.02795964,6836.41113281,3.87451601,0
745.04839288,6836.70654297,3.87454152,0
745.06882601,6835.60205078,3.87402463,0
745.08925904,6828.25097656,3.87321019,0
745.10969227,6831.16503906,3.87354803,0
745.13012540,6843.89892578,3.87468338,393216
745.15055863,6840.22265625,3.87429214,0
745.17099167,6833.63818359,3.87389207,0
745.19142480,6837.43603516,3.87454295,0
745.21185803,6839.82275391,3.87500095,0
745.23229107,6833.92089844,3.87358046,0
745.25272420,6840.85009766,3.87472177,0
745.27315744,6846.79052734,3.87497663,0
745.29359047,6839.72363281,3.87471318,0
745.31402371,6841.50878906,3.87509322,0
745.33445684,6828.42089844,3.87370396,0
745.35488998,6839.08837891,3.87532353,0
745.37532311,6835.04003906,3.87327838,0
745.39575625,6838.49707031,3.87504172,0
745.41618929,6833.06689453,3.87373424,0
745.43662253,6841.57275391,3.87469864,0
745.45705566,6838.30615234,3.87491584,0
745.47748870,6834.40380859,3.87403059,0
745.49792194,6834.39941406,3.87426043,0
745.51835508,6836.80078125,3.87430310,0
745.53878832,6835.61425781,3.87475538,0
745.55922136,6834.62207031,3.87412643,0
745.57965450,6845.29833984,3.87544703,0
745.60008774,6836.08154297,3.87419391,0
745.62052078,6838.65136719,3.87448835,0
745.64095392,6842.16455078,3.87548995,0
745.66138716,6845.54394531,3.87513685,0
745.68182020,6841.21923828,3.87509131,0
745.70225334,6836.73095703,3.87490058,0
745.72268658,6841.89550781,3.87520313,0
745.74311963,6830.28466797,3.87368226,0
745.76355287,6842.06982422,3.87536359,0
745.78398601,6833.83447266,3.87495875,0
745.80441905,6837.09521484,3.87471819,0
745.82485230,6839.43847656,3.87484312,0
745.84528544,6831.47070312,3.87410235,0
745.86571859,6837.37158203,3.87498617,0
745.88615173,6831.80566406,3.87429690,0
745.90658488,6838.11035156,3.87491202,393216
745.92701812,6842.33300781,3.87550354,8192
745.94745117,6834.24414062,3.87441897,0
745.96788431,6836.02099609,3.87422490,0
745.98831746,6836.49365234,3.87474704,0
746.00875061,6833.70654297,3.87420845,393216
746.02918376,6823.74755859,3.87344885,393216
746.04961700,6843.13720703,3.87496662,393216
746.07005005,6840.90771484,3.87538552,0
746.09048320,6838.03710938,3.87483478,0
746.11091645,6835.20117188,3.87426400,0
746.13134950,6835.79248047,3.87371349,0
746.15178275,6831.70703125,3.87359548,0
746.17221590,6835.84912109,3.87402296,0
746.19264895,6832.86914062,3.87369823,393216
746.21308220,6836.33544922,3.87428427,0
746.23351535,6828.81152344,3.87328196,0
746.27438165,6832.98291016,3.87405038,16
746.29481480,6834.54687500,3.87439036,16
746.31524805,6833.69921875,3.87413239,0
746.33568111,6833.43115234,3.87364626,0
746.35611426,6836.12890625,3.87427759,0
746.37654751,6838.22949219,3.87466311,0
746.39698056,6835.89550781,3.87363815,0
746.41741372,6830.91650391,3.87330055,0
746.43784697,6839.69433594,3.87472248,0
746.45828003,6836.25195312,3.87430549,393216
746.47871318,6829.17968750,3.87304568,393216
746.49914644,6831.62744141,3.87306380,0
746.51957959,6841.75292969,3.87417316,0
746.54001275,6834.08496094,3.87267566,0
746.56044590,6834.08935547,3.87336349,0
746.58087906,6834.36035156,3.87402344,0
746.60131222,6839.63037109,3.87450123,0
746.62174537,6835.03906250,3.87401915,0
746.64217843,6834.99365234,3.87406230,0
746.66261169,6841.95410156,3.87478328,0
746.68304485,6832.12109375,3.87416363,0
746.70347791,6832.09570312,3.87291598,393216
746.72391117,6837.59326172,3.87453222,262144
746.74434432,6831.66845703,3.87302685,0
746.76477758,6829.50585938,3.87312627,0
746.78521064,6829.18457031,3.87275982,0
746.80564380,6828.40039062,3.87321734,0
746.82607707,6830.34912109,3.87286520,0
746.84651013,6833.67626953,3.87282848,0
746.86694329,6835.28613281,3.87367487,0
746.88737655,6827.90576172,3.87301445,0
746.90780961,6828.71093750,3.87321782,0
746.92824287,6839.14501953,3.87408280,393216
746.94867604,6835.60937500,3.87390852,393216
746.96910910,6842.32958984,3.87445235,0
746.98954236,6832.67187500,3.87320805,393216
747.00997553,6836.92431641,3.87359834,393216
747.03040869,6830.30859375,3.87277937,0
747.05084186,6837.38525391,3.87432647,0
747.07127502,6831.72070312,3.87335920,0
747.09170819,6832.82617188,3.87293100,0
747.11214135,6828.89111328,3.87296104,0
747.13257452,6838.54003906,3.87408042,0
747.15300778,6835.94140625,3.87388802,0
747.17344095,6829.24462891,3.87290812,0
747.19387402,6832.86914062,3.87322307,0
747.21430728,6842.25781250,3.87450576,0
747.23474045,6846.39306641,3.87401700,0
747.25517352,6832.65429688,3.87379241,0
747.27560679,6838.09960938,3.87395692,0
747.29603986,6840.47070312,3.87476945,393216
747.31647313,6830.74658203,3.87374353,0
747.33690629,6834.02734375,3.87377048,0
747.35733936,6829.01025391,3.87294674,0
747.37777263,6832.97021484,3.87345624,393216
747.39820580,6832.45263672,3.87229300,0
747.41863888,6833.21679688,3.87297821,0
747.43907215,6833.07031250,3.87334585,393216
747.45950532,6841.19238281,3.87422132,0
747.47993839,6830.21191406,3.87338734,0
747.50037166,6836.57373047,3.87382603,393216
747.52080483,6833.92871094,3.87398791,393216
747.54123811,6837.04101562,3.87420988,8192
747.56167118,6836.22851562,3.87314606,393216
747.58210435,6837.51757812,3.87332153,393216
747.60253763,6838.92089844,3.87367082,393216
747.62297070,6837.36132812,3.87417269,393216
747.64340388,6829.54443359,3.87293983,0
747.66383715,6831.04248047,3.87306428,0
747.68427023,6832.81445312,3.87267828,8192
747.70470340,6840.54150391,3.87429929,393216
747.72513668,6826.89306641,3.87186313,0
747.74556985,6833.57470703,3.87234330,393216
747.76600303,6838.67236328,3.87409997,0
747.78643621,6831.28076172,3.87304425,0
747.80686938,6835.35009766,3.87337470,0
747.82730266,6838.16406250,3.87417436,0
747.84773574,6832.67431641,3.87309885,0
747.86816892,6836.15966797,3.87392831,393216
747.88860220,6838.26806641,3.87422729,8192
747.90903528,6829.99804688,3.87261605,0
747.92946856,6839.01367188,3.87438583,393216
747.94990164,6839.14160156,3.87413001,0
747.97033482,6835.94677734,3.87426805,0
747.99076810,6837.01464844,3.87442899,0
748.01120118,6835.76416016,3.87385035,393216
748.03163436,6835.10449219,3.87435007,0
748.05206764,6838.18310547,3.87396622,393216
748.07250072,6831.22607422,3.87302256,393216
748.09293390,6833.78710938,3.87329173,0
748.11336719,6836.51074219,3.87414718,393216
748.13380027,6840.19580078,3.87429762,0
748.15423355,6835.23535156,3.87365723,393216
748.17466674,6831.13720703,3.87373257,393216
748.19509982,6830.48876953,3.87290001,401408
748.21553310,6838.94677734,3.87476468,393344
748.23596629,6834.65722656,3.87347198,0
748.25639947,6831.27734375,3.87347984,0
748.27683266,6836.73730469,3.87356091,0
748.29726584,6831.44628906,3.87337780,0
748.31769913,6835.21435547,3.87383485,0
748.33813222,6837.80957031,3.87327194,0
748.35856540,6833.90576172,3.87321877,0
748.37899869,6824.06201172,3.87109756,0
748.39943188,6835.55224609,3.87375736,393216
748.41986497,6833.37304688,3.87269282,393216
748.44029825,6840.48486328,3.87379360,0
748.46073144,6839.75341797,3.87350774,393216
748.48116453,6831.71630859,3.87303591,0
748.50159782,6832.67187500,3.87285471,393216
748.52203101,6833.99658203,3.87341738,393216
748.54246420,6836.68994141,3.87262630,0
748.56289739,6833.86474609,3.87265277,0
748.58333048,6836.29785156,3.87332296,8192
748.60376377,6840.11132812,3.87320924,0
748.62419696,6833.93505859,3.87255049,393216
748.64463005,6831.59912109,3.87300062,393216
748.66506335,6834.09521484,3.87333512,0
748.68549654,6831.91064453,3.87212968,0
748.70592963,6837.80175781,3.87394905,0
748.72636292,6834.36425781,3.87272620,0
748.74679612,6825.08007812,3.87154508,0
748.76722941,6831.53857422,3.87236738,0
748.78766251,6830.37451172,3.87228155,0
748.80809570,6838.22851562,3.87299681,0
748.82852899,6837.08740234,3.87275624,0
748.84896209,6834.83105469,3.87253118,0
748.86939529,6836.44580078,3.87327743,128
748.88982858,6841.06445312,3.87411857,0
748.91026178,6838.42236328,3.87274528,393216
748.93069497,6834.20312500,3.87253904,393216
748.95112817,6830.86083984,3.87237906,0
748.97156137,6830.09814453,3.87270212,0
748.99199457,6831.59814453,3.87275910,0
749.01242776,6837.81933594,3.87304902,0
749.03286096,6833.86083984,3.87245846,0
749.05329426,6839.48193359,3.87339234,393216
749.07372736,6838.11132812,3.87323499,393216
749.09416056,6838.55419922,3.87385154,0
749.11459376,6837.53515625,3.87323689,0
749.13502696,6831.87548828,3.87219524,393216
749.15546026,6835.07470703,3.87365103,393216
749.17589346,6829.61376953,3.87219024,0
749.19632656,6837.54882812,3.87371874,262144
749.21675986,6833.39257812,3.87298226,0
749.25762617,6829.93310547,3.87261605,393216
749.27805947,6830.83691406,3.87232757,393216
749.29849257,6835.17724609,3.87316513,393216
749.31892587,6838.60449219,3.87341166,393216
749.33935908,6839.89160156,3.87312293,393216
749.35979218,6831.82763672,3.87295747,0
749.38022549,6836.05664062,3.87301278,0
749.40065869,6832.40039062,3.87231660,0
749.42109190,6836.35888672,3.87300420,393216
749.44152510,6839.26904297,3.87354255,393216
749.46195831,6834.98876953,3.87301922,0
749.48239151,6837.07275391,3.87299776,262144
749.50282472,6836.62548828,3.87252307,0
749.52325793,6832.92968750,3.87261295,0
749.54369123,6836.98144531,3.87280321,0
749.56412434,6840.09082031,3.87302732,0
749.58455755,6838.41064453,3.87271619,0
749.60499086,6832.91845703,3.87235594,270336
749.62542406,6834.86181641,3.87201023,262144
749.64585717,6835.43554688,3.87260962,270336
749.66629048,6841.67919922,3.87453985,262272
749.68672369,6825.06738281,3.87092900,262144
749.70715680,6833.45166016,3.87264872,0
749.72759011,6842.08447266,3.87258601,393216
749.74802332,6827.04296875,3.87201738,262144
749.76845653,6838.00976562,3.87263656,0
749.78888975,6835.55419922,3.87148595,0
749.80932296,6838.83642578,3.87281775,0
749.82975617,6839.39746094,3.87324619,262144
749.85018938,6840.64355469,3.87278175,262144
749.87062259,6841.30126953,3.87209153,0
749.89105581,6844.12304688,3.87355852,393216
749.91148902,6830.62841797,3.87201762,262144
749.93192233,6833.32617188,3.87281108,393216
749.95235545,6837.43066406,3.87269545,393216
749.97278866,6839.82421875,3.87246466,262144
749.99322198,6834.25537109,3.87185073,0
750.01365509,6839.04150391,3.87349677,0
750.03408831,6835.86230469,3.87311602,0
750.05452162,6839.09375000,3.87343931,0
750.07495484,6837.84667969,3.87265515,0
750.09538796,6839.06542969,3.87287164,0
750.11582127,6836.53369141,3.87315655,0
750.13625449,6837.32324219,3.87224698,0
750.15668771,6843.19140625,3.87455750,128
750.17712093,6840.12939453,3.87331319,0
750.21798746,6828.42333984,3.87219834,0
750.23842058,6838.50927734,3.87274861,0
750.25885380,6833.36035156,3.87271237,0
750.27928712,6829.45703125,3.87170625,0
750.29972024,6839.33789062,3.87298918,0
750.32015356,6837.58154297,3.87262297,0
750.34058678,6835.17724609,3.87250233,0
750.36101991,6837.29833984,3.87228560,0
750.38145323,6838.05468750,3.87309813,128
750.40188645,6833.15771484,3.87196159,0
750.42231957,6839.08007812,3.87299919,0
750.44275289,6837.25927734,3.87193990,270336
750.46318602,6839.17138672,3.87291813,0
750.48361924,6833.01269531,3.87120724,0
750.50405256,6836.99023438,3.87229538,262144
750.52448569,6838.29443359,3.87281084,0
750.54491901,6845.55615234,3.87277412,0
750.56535224,6837.00000000,3.87255669,0
750.58578536,6832.93115234,3.87121654,0
750.60621869,6834.97705078,3.87178230,0
750.62665191,6836.76171875,3.87229371,0
750.64708514,6838.48291016,3.87198377,0
750.66751837,6841.91894531,3.87178731,0
750.68795159,6839.21044922,3.87256932,0
750.70838482,6840.63232422,3.87229347,0
750.72881805,6838.85644531,3.87164950,0
750.74925128,6836.24121094,3.87146997,0
750.76968460,6832.18994141,3.87142062,0
750.79011783,6834.89208984,3.87045622,0
750.81055096,6838.84130859,3.87195683,0
750.83098429,6831.32910156,3.87103367,0
750.85141752,6838.57031250,3.87143683,0
750.87185065,6841.99951172,3.87181497,0
750.89228398,6831.32177734,3.87094522,0
750.91271721,6837.85156250,3.87175512,0
750.93315054,6835.78173828,3.87151122,0
750.95358367,6846.22070312,3.87163353,0
750.97401691,6834.74511719,3.87096834,0
750.99445024,6832.93359375,3.87115312,0
751.01488337,6836.66406250,3.87158155,0
751.03531660,6836.39892578,3.87164497,0
751.05574984,6833.77099609,3.87161469,0
751.07618307,6841.02392578,3.87175035,0
751.09661620,6831.98339844,3.87091994,0
751.11704954,6830.51318359,3.87042403,0
751.13748277,6831.76464844,3.87057400,0
751.15791611,6835.42724609,3.87056136,0
751.17834924,6836.14794922,3.87071133,0
751.19878248,6835.03808594,3.87030983,0
751.21921582,6839.84130859,3.87174797,0
751.23964895,6840.00000000,3.87727976,128
751.26008219,6843.40429688,3.87196994,0
751.28051553,6837.26220703,3.87139606,0
751.30094876,6833.50341797,3.87084198,0
751.32138200,6836.24951172,3.87112570,0
751.34181524,6836.06738281,3.87105560,0
751.36224848,6831.07275391,3.87076616,0
751.38268172,6836.24658203,3.87094378,0
751.40311496,6837.35156250,3.87081027,0
751.42354820,6839.95654297,3.87074971,0
751.44398154,6834.47363281,3.87103295,0
751.46441468,6836.50585938,3.87143469,0
751.48484792,6842.23632812,3.87118292,0
751.50528126,6838.72412109,3.87057662,0
751.52571440,6832.40820312,3.87006617,0
751.54614774,6837.79882812,3.87033749,0
751.56658098,6830.23095703,3.87037325,0
751.58701413,6846.24902344,3.87169623,0
751.60744747,6831.91455078,3.86985254,0
751.62788071,6844.65673828,3.87169790,0
751.64831386,6834.81347656,3.87049603,0
751.66874720,6833.33203125,3.87076449,0
751.68918044,6840.03076172,3.87059951,0
751.70961359,6841.66406250,3.87032151,0
751.73004693,6836.49853516,3.87022877,0
751.75048008,6834.72363281,3.87065196,0
751.77091343,6839.39892578,3.87064838,0
751.79134667,6835.55712891,3.87064552,0
751.81177982,6838.40087891,3.87094235,0
751.83221316,6837.52050781,3.87060308,0
751.85264641,6835.27099609,3.87087584,0
751.87307966,6835.54736328,3.87111640,0
751.89351291,6831.42480469,3.87070441,0
751.91394616,6843.36865234,3.87195826,0
751.93437950,6838.66406250,3.87098551,0
751.95481275,6838.82470703,3.87055659,0
751.97524590,6837.00683594,3.87078214,393216
751.99567925,6835.27587891,3.87061191,393216
752.01611250,6831.34130859,3.87032366,393216
752.03654565,6833.09179688,3.87042427,0
752.05697900,6830.21240234,3.87044740,0
752.07741225,6836.14355469,3.87103653,0
752.09784541,6832.70166016,3.87014222,0
752.11827876,6841.08447266,3.87077785,0
752.13871201,6841.83349609,3.87172222,0
752.15914536,6833.86328125,3.87035370,393216
752.17957852,6834.71582031,3.87036490,0
752.20001177,6835.77929688,3.87127733,0
752.24087828,6834.95849609,3.87009907,16
752.26131153,6860.54589844,3.87259030,16
752.28174489,6833.18164062,3.86958861,16
752.30217804,6837.14355469,3.87014985,16
752.32261140,6841.21875000,3.87142658,16
752.34304465,6831.60107422,3.86980367,16
752.36347781,6836.09667969,3.87008095,393216
752.38391116,6839.92724609,3.87106872,393216
752.40434432,6830.14111328,3.86982679,393216
752.42477758,6833.76123047,3.86988425,0
752.44521094,6832.49462891,3.86952853,0
752.46564419,6838.60839844,3.87002873,0
752.48607735,6839.20214844,3.87096262,0
752.50651071,6838.51220703,3.87044573,0
752.52694397,6839.53320312,3.87048531,0
752.54737723,6843.31494141,3.87086272,0
752.56781049,6833.66308594,3.86941409,0
752.58824375,6842.30419922,3.87065816,0
752.60867701,6832.59033203,3.86958456,393216
752.62911027,6845.00732422,3.87165928,393216
752.64954353,6840.92480469,3.87067056,393216
752.66997689,6844.63964844,3.87084794,393216
752.69041005,6841.65673828,3.87057853,393216
752.71084342,6848.11376953,3.87113571,0
752.73127668,6837.04687500,3.87049651,393216
752.75170984,6835.44482422,3.86999798,393216
752.77214320,6841.72558594,3.87027717,393216
752.79257647,6834.54931641,3.87033820,0
752.81300963,6848.62792969,3.87189627,0
752.83344300,6839.08691406,3.87103271,262144
752.85387626,6841.00048828,3.87079048,0
752.87430943,6840.75927734,3.87022758,0
752.89474279,6838.08154297,3.87044907,262144
752.91517606,6838.16894531,3.87158394,262144
752.93560932,6834.96240234,3.86972308,0
752.95604259,6844.26416016,3.87162542,0
752.97647586,6835.19287109,3.87015128,393216
752.99690912,6837.29541016,3.87089109,0
753.01734239,6834.47558594,3.87073684,262144
753.03777566,6832.73242188,3.86955070,393216
753.11950874,6839.08398438,3.87002397,0
753.13994201,6837.00048828,3.87062383,0
753.16037538,6846.99462891,3.87225604,0
753.18080865,6831.69091797,3.86969161,0
753.20124182,6844.79833984,3.87155771,262144
753.22167519,6841.44824219,3.87103391,0
753.24210846,6838.62841797,3.87099814,262144
753.26254163,6836.46435547,3.87090325,393216
753.28297500,6833.65283203,3.87022638,0
753.30340828,6840.21582031,3.87070942,0
753.32384165,6825.50537109,3.87039089,393216
753.34427482,6833.47460938,3.87084079,0
753.36470810,6834.73144531,3.86995053,0
753.38514147,6841.25878906,3.87118101,0
753.40557464,6833.11328125,3.86996293,0
753.42600792,6837.40869141,3.87010264,0
753.44644130,6838.80712891,3.87062860,0
753.46687447,6840.65380859,3.87113428,262144
753.48730775,6836.55517578,3.87020469,262144
753.50774112,6835.90527344,3.87030363,8192
753.52817430,6835.99853516,3.86992526,393216
753.54860768,6838.18798828,3.87015271,0
753.56904095,6837.87744141,3.87015033,262144
753.58947413,6835.08251953,3.87030506,393216
753.60990751,6838.11035156,3.87071753,0
753.63034079,6841.43896484,3.87055802,0
753.65077397,6837.24804688,3.87003374,0
753.67120735,6846.47998047,3.87111640,0
753.69164062,6840.90673828,3.86997390,262144
753.71207390,6832.08007812,3.86895108,0
753.73250718,6838.32812500,3.87044263,0
753.75294047,6838.46679688,3.86993575,0
753.77337375,6830.68798828,3.86957383,0
753.79380703,6842.12890625,3.87002802,262144
753.81424031,6839.41259766,3.86967301,0
753.83467369,6838.86914062,3.86968732,0
753.85510687,6832.76318359,3.86941981,0
753.87554016,6839.81542969,3.86945844,393216
753.89597354,6847.29931641,3.87019372,393216
753.91640672,6835.20166016,3.86928368,0
753.93684011,6839.24218750,3.86905265,0
753.95727339,6833.72558594,3.87002707,0
753.97770658,6839.52978516,3.86982489,393216
753.99813996,6841.69873047,3.87030649,0
754.01857325,6839.29736328,3.86981726,0
754.03900643,6839.51171875,3.86962414,0
754.05943982,6839.70849609,3.86979699,0
754.07987310,6841.20996094,3.87035561,0
754.10030649,6838.79003906,3.86929417,0
754.12073968,6841.20898438,3.87154222,393344
754.14117296,6840.39697266,3.86966753,393216
754.16160635,6832.22949219,3.86883879,401408
754.18203954,6842.66015625,3.87018633,393216
754.20247283,6843.14648438,3.87050962,393216
754.22290612,6837.96240234,3.87041473,393216
754.24333941,6837.17578125,3.87005115,0
754.26377270,6838.52539062,3.87057161,0
754.28420599,6832.53027344,3.86947942,0
754.30463928,6835.13476562,3.87019897,0
754.32507267,6836.00634766,3.86943054,0
754.34550596,6841.10742188,3.87024021,0
754.36593915,6837.92968750,3.87046409,0
754.38637254,6835.03613281,3.87002039,0
754.40680583,6830.44384766,3.86879826,0
754.42723903,6847.40966797,3.87101769,262144
754.44767242,6840.75146484,3.87084484,0
754.46810571,6834.56103516,3.86990070,393216
754.48853891,6835.32714844,3.86987305,0
754.50897230,6841.92578125,3.86967874,0
754.52940559,6841.51513672,3.87031269,0
754.54983899,6837.48193359,3.87029624,0
754.57027218,6828.58642578,3.86854219,0
754.59070548,6837.77832031,3.86964798,0
754.61113888,6832.83496094,3.86915541,0
754.63157207,6831.50878906,3.86920428,393216
754.65200537,6839.74267578,3.87015104,393216
754.67243876,6832.13378906,3.86914444,393216
754.69287196,6838.26953125,3.86915922,0
754.71330536,6837.76611328,3.86957288,0
754.73373866,6838.69921875,3.86921954,0
754.75417186,6846.90820312,3.86959267,0
754.77460525,6834.42138672,3.86953807,0
754.79503855,6835.52343750,3.86913919,393216
754.81547185,6842.99365234,3.87015581,0
754.83590515,6831.21484375,3.86837459,0
754.85633845,6840.15576172,3.86949897,0
754.87677175,6838.18847656,3.86949968,0
754.89720505,6841.94873047,3.86921096,0
754.91763835,6826.77783203,3.86789989,393216
754.93807166,6838.62207031,3.86954045,0
754.95850496,6838.78417969,3.86904955,0
754.97893826,6837.77880859,3.86945486,0
754.99937156,6837.01123047,3.86902499,0
755.01980487,6838.94384766,3.86915112,0
755.04023817,6845.98876953,3.86967921,0
755.06067157,6840.75927734,3.86902118,0
755.08110478,6844.40478516,3.86916614,0
755.10153818,6841.91943359,3.86848736,0
755.12197149,6846.52783203,3.86924577,0
755.14240469,6837.27246094,3.86891842,0
755.16283810,6837.02783203,3.86868453,0
755.20370461,6842.53955078,3.86964798,0
755.22413802,6841.58544922,3.86850739,0
755.24457132,6842.29931641,3.86983871,0
755.26500453,6844.17138672,3.86897492,0
755.28543794,6843.95898438,3.86963701,0
755.30587125,6828.99951172,3.86783385,393216
755.32630465,6847.31054688,3.86986065,0
755.34673786,6835.21142578,3.86825180,0
755.36717117,6835.66162109,3.86855721,0
755.38760458,6839.86523438,3.86896276,0
755.40803779,6847.51757812,3.87002468,0
755.42847110,6845.04492188,3.86962128,0
755.44890451,6840.66259766,3.86941409,0
755.46933772,6833.99365234,3.86845183,0
755.48977114,6836.53320312,3.86865735,0
755.51020445,6840.98876953,3.86945558,0
755.53063766,6838.80712891,3.86861229,0
755.55107107,6842.75683594,3.86974144,0
755.57150438,6845.91796875,3.86955380,0
755.59193760,6841.20898438,3.86874437,0
755.61237101,6839.15771484,3.86850047,0
755.63280432,6842.32177734,3.86911488,0
755.65323754,6832.86816406,3.86780977,0
755.67367095,6835.81152344,3.86852622,0
755.69410427,6837.83740234,3.86817551,0
755.71453768,6839.03710938,3.86823320,0
755.73497090,6833.06835938,3.86811709,0
755.75540422,6836.54541016,3.86883235,8192
755.77583763,6841.55175781,3.86968207,0
755.79627085,6838.85009766,3.86892176,393216
755.81670417,6839.35449219,3.86877227,393216
755.83713758,6829.61523438,3.86803865,0
755.85757080,6830.08593750,3.86801958,0
755.87800422,6844.66503906,3.86895728,0
755.89843754,6832.80566406,3.86846805,0
755.91887076,6834.70410156,3.86829567,393216
755.93930418,6841.26611328,3.86862946,393216
755.95973750,6836.93750000,3.86880636,0
755.98017082,6833.37109375,3.86782050,393216
756.00060414,6838.17089844,3.86841226,393216
756.02103746,6832.81835938,3.86809421,393216
756.04147078,6837.81542969,3.86809707,393216
756.06190410,6839.85742188,3.86893272,0
756.08233742,6835.27734375,3.86826754,0
756.10277085,6838.54638672,3.86848903,0
756.12320407,6832.26367188,3.86789393,393216
756.14363739,6835.32568359,3.86826062,393216
756.16407071,6838.78076172,3.86868906,393216
756.18450404,6841.75488281,3.86829734,393216
756.20493736,6839.94873047,3.86895537,0
756.22537079,6838.38671875,3.86834884,0
756.24580401,6838.52294922,3.86846137,0
756.26623734,6836.09667969,3.86831999,0
756.28667076,6839.57421875,3.86881804,0
756.30710399,6830.81250000,3.86742187,0
756.32753741,6834.25146484,3.86804986,0
756.34797074,6840.81933594,3.86860752,0
756.36840397,6844.44287109,3.86846256,393216
756.38883740,6838.45312500,3.86784387,0
756.40927072,6841.15429688,3.86854196,0
756.42970395,6837.23437500,3.86845684,0
756.45013738,6832.36816406,3.86760831,393216
756.47057071,6832.40185547,3.86786652,0
756.49100414,6835.02197266,3.86768031,8192
756.51143737,6837.16162109,3.86770773,0
756.53187070,6838.84326172,3.86776805,0
756.55230413,6835.27197266,3.86828685,0
756.57273736,6832.50488281,3.86745024,0
756.59317069,6843.56640625,3.86793900,0
756.61360412,6835.62109375,3.86764932,0
756.63403735,6831.80468750,3.86747432,0
756.65447068,6839.20410156,3.86803508,0
756.67490412,6840.50927734,3.86879539,0
756.69533745,6834.03027344,3.86801529,0
756.71577078,6829.73779297,3.86746264,0
756.73620412,6832.92382812,3.86788630,0
756.75663745,6835.89990234,3.86768603,0
756.77707079,6843.14404297,3.86983681,128
756.79750412,6834.37890625,3.86805415,0
756.81793735,6839.85498047,3.86870384,0
756.83837079,6837.69042969,3.86842299,0
756.85880413,6832.58935547,3.86763096,0
756.87923746,6828.56250000,3.86711144,0
756.89967080,6832.58789062,3.86697745,0
756.92010414,6842.12304688,3.86859393,0
756.94053757,6836.37548828,3.86787772,0
756.96097081,6833.82763672,3.86809421,0
756.98140415,6841.23730469,3.86806512,0
757.00183759,6832.43994141,3.86759615,0
757.02227083,6840.16748047,3.86858988,0
757.04270416,6836.60498047,3.86840606,0
757.06313760,6841.39501953,3.86880589,0
757.08357084,6832.03320312,3.86755443,0
757.10400428,6834.56542969,3.86787939,0
757.12443762,6835.28027344,3.86782718,0
757.14487087,6837.28320312,3.86884499,128
757.16530431,6838.54443359,3.86854434,0
757.18573765,6836.04882812,3.86816120,0
757.20617099,6840.58007812,3.86860251,0
757.22660433,6833.60156250,3.86753893,0
757.24703768,6837.55810547,3.86783886,0
757.26747102,6837.03466797,3.86854482,0
757.28790436,6827.10351562,3.86726451,8192
757.30833771,6837.72607422,3.86875677,0
757.32877115,6834.15527344,3.86802578,0
757.34920449,6831.56982422,3.86708069,0
757.36963774,6839.02490234,3.86901832,0
757.39007119,6836.22412109,3.86846852,0
757.41050453,6836.65234375,3.86789489,0
757.43093778,6841.11132812,3.86884403,0
757.45137122,6833.51171875,3.86839175,0
757.47180447,6836.31396484,3.86848450,0
757.49223792,6823.84277344,3.86695957,0
757.51267126,6834.31689453,3.86793804,0
757.53310451,6834.17919922,3.86792016,0
757.55353796,6841.04785156,3.86856031,0
757.57397131,6834.78076172,3.86796689,0
757.59440456,6842.40625000,3.86841941,0
757.61483801,6841.22363281,3.86859894,0
757.63527136,6839.45410156,3.86804342,0
757.65570461,6841.72412109,3.86854529,0
757.67613806,6842.66357422,3.86852741,0
757.69657141,6839.60937500,3.86848330,0
757.71700486,6839.56005859,3.86808777,0
757.73743811,6836.79199219,3.86730480,0
757.75787146,6837.06103516,3.86795497,0
757.77830492,6833.76318359,3.86765981,0
757.79873817,6840.17919922,3.86714196,0
757.81917152,6839.12451172,3.86728597,0
757.83960497,6840.87158203,3.86747551,0
757.86003833,6837.04394531,3.86800289,0
757.88047168,6836.18164062,3.86704803,0
757.90090504,6838.16552734,3.86773324,0
757.92133839,6840.01416016,3.86871338,0
757.94177175,6831.32324219,3.86637473,0
757.96220510,6835.11132812,3.86742997,0
757.98263846,6830.90332031,3.86695099,0
758.00307191,6847.11767578,3.86836457,0
758.02350517,6841.92529297,3.86741447,8192
758.04393853,6831.06982422,3.86672401,0
758.06437189,6830.82763672,3.86695695,0
758.08480524,6843.14453125,3.86912942,128
758.10523870,6831.24560547,3.86726904,0
758.12567196,6834.00927734,3.86745453,8192
758.14610532,6840.67968750,3.86764789,0
758.18697204,6834.39697266,3.86663890,0
758.20740540,6839.39257812,3.86728263,0
758.22783886,6839.14843750,3.86754513,0
758.24827212,6838.25390625,3.86774516,0
758.26870558,6837.66699219,3.86728764,0
758.28913894,6845.35449219,3.86778617,0
758.30957220,6834.61083984,3.86707807,0
758.33000567,6835.97460938,3.86740780,0
758.35043903,6835.65869141,3.86694431,0
758.37087239,6836.79003906,3.86736369,0
758.39130575,6837.28613281,3.86740947,0
758.41173912,6828.57177734,3.86621213,0
758.43217248,6834.73486328,3.86681724,0
758.45260585,6837.97949219,3.86652517,0
758.47303921,6841.15136719,3.86758065,0
758.49347268,6829.13085938,3.86612225,0
758.51390594,6830.43115234,3.86656451,0
758.53433931,6831.49169922,3.86642408,0
758.55477277,6834.03369141,3.86554646,0
758.57520614,6833.07031250,3.86629009,0
758.59563941,6834.93701172,3.86673403,0
758.61607288,6833.45996094,3.86623931,0
758.63650624,6831.00390625,3.86576223,0
758.65693961,6836.61914062,3.86719060,0
758.67737298,6839.82812500,3.86756587,0
758.69780635,6834.21289062,3.86609912,0
758.71823972,6838.05029297,3.86664319,0
758.73867309,6828.61083984,3.86512399,0
758.75910636,6835.56396484,3.86540413,8192
758.77953983,6833.38232422,3.86626816,0
758.79997320,6837.86816406,3.86596966,0
758.82040647,6841.99072266,3.86631131,0
758.84083994,6838.18603516,3.86634231,0
758.86127331,6831.19677734,3.86575770,0
758.88170678,6832.96972656,3.86461163,0
758.90214006,6835.39306641,3.86630774,0
758.92257343,6831.91699219,3.86541724,0
758.94300690,6837.09765625,3.86545300,0
758.96344018,6836.09619141,3.86572981,0
758.98387355,6831.58935547,3.86555910,0
759.00430702,6835.55712891,3.86549425,0
759.02474030,6828.78564453,3.86450076,0
759.04517367,6850.96972656,3.86768055,0
759.06560715,6828.54052734,3.86390686,0
759.08604053,6829.65039062,3.86505127,0
759.10647390,6838.55175781,3.86615777,128
759.12690728,6835.76513672,3.86519456,0
759.14734065,6834.03076172,3.86491203,0
759.16777403,6829.33349609,3.86432171,0
759.18820741,6830.91210938,3.86479712,0
759.20864079,6834.68359375,3.86503887,0
759.22907427,6834.63574219,3.86520457,0
759.24950754,6835.81445312,3.86550808,0
759.26994102,6834.55126953,3.86445475,0
759.29037430,6824.84814453,3.86360216,0
759.31080768,6834.16455078,3.86495495,0
759.33124116,6833.54980469,3.86496234,0
759.35167444,6833.65869141,3.86472726,0
759.37210783,6834.04443359,3.86590815,128
759.39254131,6835.79248047,3.86524343,0
759.41297459,6835.40136719,3.86592221,0
759.43340797,6830.73779297,3.86401010,0
759.45384145,6833.96386719,3.86543584,0
759.47427474,6827.64990234,3.86404586,0
759.49470822,6831.07519531,3.86538053,0
759.51514160,6832.24023438,3.86477375,0
759.53557489,6833.57226562,3.86558938,0
759.55600837,6826.84667969,3.86572003,0
759.57644176,6833.53125000,3.86607933,0
759.59687514,6825.54394531,3.86480379,0
759.61730853,6835.77636719,3.86584496,0
759.63774191,6833.56738281,3.86607862,393216
759.65817540,6834.06152344,3.86532307,0
759.67860868,6830.16699219,3.86567688,0
759.69904207,6837.41210938,3.86565971,0
759.71947556,6829.51416016,3.86562586,0
759.73990895,6833.83349609,3.86559367,0
759.76034223,6840.02929688,3.86537242,0
759.78077572,6826.54150391,3.86390567,393216
759.80120911,6834.02392578,3.86494708,393216
759.82164240,6834.58251953,3.86441398,8192
759.84207589,6826.80322266,3.86392713,0
759.86250928,6828.36328125,3.86462307,0
759.88294277,6840.19384766,3.86573362,393216
759.90337606,6835.53466797,3.86573553,262144
759.92380945,6837.84472656,3.86511803,0
759.94424284,6835.46875000,3.86517882,0
759.96467623,6839.15283203,3.86497355,393216
759.98510953,6826.77880859,3.86403847,0
760.00554302,6831.11962891,3.86442161,0
760.02597641,6837.30322266,3.86530256,0
760.04640990,6835.35644531,3.86376834,0
760.06684320,6836.12011719,3.86458182,0
760.08727659,6838.97949219,3.86528754,0
760.10771009,6830.67724609,3.86360931,0
760.12814338,6837.72900391,3.86578465,0
760.14857678,6846.12500000,3.86592340,0
760.16901027,6834.65234375,3.86452293,0
760.18944357,6833.49511719,3.86498523,0
760.20987696,6833.75097656,3.86350083,0
760.23031046,6834.07470703,3.86379051,0
760.25074386,6837.67871094,3.86355162,0
760.27117725,6837.52832031,3.86429334,0
760.29161065,6833.77343750,3.86357021,0
760.31204405,6836.20947266,3.86351132,0
760.33247745,6841.10205078,3.86397862,0
760.35291085,6837.41455078,3.86408472,393216
760.37334424,6839.12402344,3.86497188,0
760.39377774,6843.48681641,3.86306071,0
760.41421104,6837.08789062,3.86330485,0
760.43464454,6831.02978516,3.86271358,0
760.45507794,6830.71191406,3.86174583,393216
760.47551125,6842.63818359,3.86454725,0
760.49594475,6833.41601562,3.86245632,0
760.51637815,6835.54492188,3.86281848,0
760.53681145,6831.33886719,3.86216259,0
760.55724495,6834.36474609,3.86215711,0
760.57767836,6832.76318359,3.86144948,0
760.59811166,6834.92236328,3.86286521,0
760.61854516,6842.86474609,3.86337781,0
760.63897847,6839.47998047,3.86349130,0
760.65941197,6833.90039062,3.86161160,0
760.67984537,6835.77978516,3.86332941,0
760.70027868,6829.79003906,3.86180782,0
760.74114559,6834.27490234,3.86290240,0
760.76157890,6836.87939453,3.86245275,0
760.78201240,6838.94189453,3.86300826,0
760.80244581,6841.47167969,3.86301422,0
760.82287932,6836.92626953,3.86289978,0
760.84331262,6839.78613281,3.86372232,0
760.86374603,6834.22900391,3.86230779,0
760.88417954,6839.67187500,3.86302137,0
760.90461285,6842.84082031,3.86302376,0
760.92504626,6839.22314453,3.86159301,0
760.94547977,6844.67529297,3.86483788,0
760.96591318,6849.26318359,3.86364341,0
760.98634649,6836.52392578,3.86261010,0
761.00678000,6836.99316406,3.86267543,0
761.02721341,6837.36962891,3.85845900,0
761.04764692,6835.88330078,3.85498238,0
763.76527812,6840.79931641,3.82888579,0
763.78571159,6834.32470703,3.83228827,0
763.80614505,6832.31835938,3.83540750,0
763.82657851,6841.49121094,3.83791137,0
763.84701197,6832.32861328,3.83864903,0
763.86744553,6840.36621094,3.84148645,0
763.88787890,6832.59912109,3.84300089,0
763.90831246,6833.16064453,3.84356403,0
763.92874592,6831.64746094,3.84556961,0
763.94917929,6840.84863281,3.84716868,0
763.96961285,6838.47119141,3.84861112,0
763.99004632,6836.01708984,3.84944081,0
764.01047968,6836.09130859,3.85053349,0
764.03091325,6835.07421875,3.85145473,0
764.05134671,6839.64501953,3.85245728,0
764.07178008,6835.97119141,3.85349584,0
764.09221365,6841.27490234,3.85367441,0
764.11264711,6839.24072266,3.85522652,0
764.13308068,6841.22802734,3.85581470,0
764.15351405,6829.89892578,3.85558105,0
764.17394752,6829.61132812,3.85582352,0
764.19438098,6835.02880859,3.85668468,0
764.21481445,6839.34912109,3.85752153,0
764.23524792,6841.20605469,3.85850954,0
764.25568139,6847.49462891,3.86025381,128
764.27611486,6834.54589844,3.85816908,0
764.29654843,6838.62304688,3.85854173,393216
764.31698180,6834.73046875,3.85843849,0
764.33741527,6828.11230469,3.85809731,0
764.35784885,6829.01220703,3.85761976,262144
764.37828232,6830.81689453,3.85825348,262144
764.39871569,6834.31005859,3.85902381,0
764.41914926,6836.55078125,3.85945940,0
764.43958273,6836.99609375,3.85973692,262144
764.46001611,6840.89355469,3.86017060,262144
764.48044968,6835.68359375,3.85974360,262144
764.50088316,6835.55517578,3.86008549,262144
764.52131663,6835.46191406,3.86001468,0
764.54175011,6835.06640625,3.85983944,0
764.56218358,6830.72119141,3.85958266,262144
764.58261716,6836.63037109,3.86054420,262144
764.60305053,6832.46972656,3.86037087,262144
764.62348401,6827.77636719,3.85921192,262144
764.64391758,6824.44140625,3.85926795,262144
764.66435096,6843.35791016,3.86073160,262144
764.68478454,6831.78808594,3.85972953,262144
764.70521802,6839.76904297,3.86009240,262144
764.72565140,6842.94482422,3.86012602,262144
764.74608497,6838.64599609,3.86049485,0
764.76651845,6830.30371094,3.86004376,0
764.78695183,6839.09228516,3.86061215,0
764.80738541,6833.41748047,3.85949087,0
764.82781889,6841.06054688,3.86083364,0
764.84825237,6832.33593750,3.85976171,0
764.86868585,6839.29736328,3.86020422,0
764.88911923,6844.62597656,3.86066198,0
764.90955282,6836.53857422,3.86004043,393216
764.92998630,6834.41650391,3.85984063,262144
764.95041978,6835.23730469,3.86026335,262144
764.97085326,6839.52929688,3.85988545,393216
764.99128674,6829.53222656,3.85887551,0
765.01172023,6831.22949219,3.85919690,0
765.03215381,6837.90332031,3.85927224,0
765.05258720,6832.41015625,3.85918593,0
765.07302078,6837.91796875,3.85966182,0
765.09345427,6829.88330078,3.85917258,0
765.11388765,6840.95556641,3.85972309,0
765.13432124,6835.46582031,3.85926843,0
765.15475472,6825.79394531,3.85823512,0
765.17518811,6826.64843750,3.85865402,0
765.19562170,6839.90136719,3.86025786,0
765.21605518,6835.44384766,3.85905075,0
765.23648857,6828.51123047,3.85848355,0
765.25692216,6832.17822266,3.85898662,262144
765.27735565,6835.87402344,3.85878682,262144
765.29778923,6829.61230469,3.85857916,0
765.31822262,6834.55029297,3.85870028,0
765.33865611,6832.34326172,3.85797787,262144
765.35908970,6829.21728516,3.85801482,393216
765.37952309,6831.34423828,3.85791111,0
765.39995658,6845.84423828,3.86025834,0
765.42039017,6831.94433594,3.85785937,0
765.44082357,6835.63916016,3.85882139,0
765.46125716,6834.72363281,3.85875034,0
765.48169055,6843.54150391,3.85987544,0
765.50212404,6833.29882812,3.85834408,0
765.52255763,6831.28173828,3.85791802,0
765.54299103,6831.60351562,3.85749221,0
765.56342452,6841.57763672,3.85873127,0
765.58385811,6837.18359375,3.85831547,0
765.60429161,6831.51953125,3.85783052,0
765.62472500,6833.51171875,3.85826731,0
765.64515860,6836.44433594,3.85770941,393216
765.66559209,6836.52734375,3.85829854,8192
765.68602559,6831.12939453,3.85762429,0
765.70645908,6836.06298828,3.85826087,0
765.72689258,6833.78222656,3.85800505,0
765.74732618,6829.45214844,3.85791779,0
765.76775957,6831.63232422,3.85713100,0
765.78819307,6837.46826172,3.85818195,262144
765.80862667,6830.23046875,3.85742450,0
765.82906007,6840.34082031,3.85848689,0
765.84949367,6835.02099609,3.85770297,0
765.86992717,6833.47949219,3.85715294,0
765.89036057,6844.43652344,3.85837650,0
765.91079417,6836.84667969,3.85752892,0
765.95166107,6837.08593750,3.85817242,0
765.97209467,6832.69628906,3.85684419,0
765.99252817,6834.67431641,3.85715890,0
766.01296167,6835.34619141,3.85746884,0
766.03339517,6834.39013672,3.85678339,0
766.05382867,6833.20800781,3.85636306,0
766.07426228,6837.43505859,3.85774398,0
766.09469568,6829.09033203,3.85590720,0
766.11512918,6837.83496094,3.85744596,0
766.13556269,6837.39550781,3.85691452,0
766.15599619,6833.53662109,3.85677099,0
766.17642970,6829.02490234,3.85601926,0
766.19686320,6833.77783203,3.85612273,0
766.21729671,6829.54248047,3.85617638,0
766.23773031,6835.18701172,3.85678172,0
766.25816382,6837.98486328,3.85655499,0
766.27859722,6833.59716797,3.85658884,0
766.29903083,6826.05419922,3.85523868,0
766.31946434,6839.23339844,3.85776424,0
766.33989775,6836.74462891,3.85588646,0
766.36033135,6834.12500000,3.85643172,393216
766.38076486,6826.21728516,3.85585809,0
766.40119847,6828.34960938,3.85577202,0
766.42163188,6827.78271484,3.85573792,393216
766.44206539,6841.59228516,3.85596538,0
766.46249900,6844.63769531,3.85704017,0
766.48293241,6837.13232422,3.85585642,0
766.50336592,6840.33544922,3.85594034,0
766.52379953,6841.10253906,3.85725427,393216
766.54423294,6829.83007812,3.85521460,0
766.56466645,6836.34863281,3.85672593,0
766.58510007,6834.97851562,3.85597038,0
766.60553348,6829.94677734,3.85552120,0
766.62596709,6835.39501953,3.85540986,0
766.64640061,6837.27001953,3.85555840,0
766.66683402,6834.67187500,3.85624099,0
766.68726763,6833.65527344,3.85611320,0
766.70770115,6833.67626953,3.85571194,0
766.72813466,6835.80957031,3.85602307,0
766.74856818,6829.70947266,3.85474348,0
766.76900169,6830.55419922,3.85556984,0
766.78943521,6835.03662109,3.85593534,0
766.80986872,6827.31591797,3.85475659,0
766.83030224,6838.41552734,3.85595083,0
766.85073576,6838.08105469,3.85536408,0
766.87116927,6839.95800781,3.85634494,0
766.89160279,6838.56103516,3.85573483,0
766.91203641,6835.63085938,3.85573244,0
766.93246983,6833.09033203,3.85517311,0
766.95290335,6834.83349609,3.85469460,0
766.97333697,6844.99658203,3.85649347,0
766.99377039,6840.75976562,3.85611272,0
767.01420401,6836.96435547,3.85563850,0
767.03463753,6833.49267578,3.85529566,0
767.05507095,6820.38378906,3.85355473,393216
767.07550457,6838.69824219,3.85534120,0
767.09593809,6838.67578125,3.85589433,0
767.11637151,6844.44531250,3.85653663,0
767.13680513,6837.28417969,3.85494018,0
767.15723866,6836.99365234,3.85567117,0
767.17767228,6838.76025391,3.85585403,0
767.19810570,6836.26953125,3.85532475,0
767.21853923,6840.41699219,3.85531497,0
767.23897285,6826.83837891,3.85396147,0
767.25940627,6832.27441406,3.85502291,0
767.27983980,6829.66015625,3.85426307,0
767.30027342,6840.45410156,3.85542321,0
767.32070685,6841.17089844,3.85650754,0
767.34114038,6833.15917969,3.85461020,0
767.36157390,6832.30859375,3.85469484,0
767.38200753,6837.39746094,3.85537982,0
767.40244106,6842.18457031,3.85623455,0
767.42287458,6833.80175781,3.85434151,0
767.44330801,6833.26464844,3.85499763,0
767.46374164,6834.44433594,3.85478663,0
767.48417517,6827.34912109,3.85278320,0
767.50460860,6829.69628906,3.85145426,262144
767.52504223,6842.78173828,3.85527754,0
767.54547575,6832.40917969,3.85285330,0
767.56590928,6835.88134766,3.85487771,0
767.58634282,6840.97900391,3.85533643,0
767.60677635,6835.72216797,3.85399270,0
767.62720998,6831.62500000,3.85255384,262144
767.64764341,6835.60156250,3.85399461,0
767.66807694,6840.76367188,3.85540771,0
767.68851057,6837.91113281,3.85436440,0
767.70894401,6838.52539062,3.85513377,262144
767.72937764,6837.91113281,3.85441065,0
767.74981117,6841.06982422,3.85480285,0
767.77024461,6838.95458984,3.85458183,262144
767.79067824,6839.05371094,3.85451269,0
767.81111177,6839.10400391,3.85530138,0
767.83154521,6843.06542969,3.85536742,0
767.85197884,6837.59619141,3.85244250,0
767.87241238,6839.49853516,3.85331941,0
767.89284592,6839.25781250,3.85471439,0
767.91327945,6838.46044922,3.85162568,0
767.93371299,6842.55273438,3.85372925,0
767.95414653,6834.44482422,3.85144877,0
767.97458006,6838.45800781,3.85482550,0
767.99501360,6839.02539062,3.85203886,0
768.01544714,6844.33984375,3.85245180,0
768.03588068,6837.84765625,3.85302401,0
768.05631422,6841.00585938,3.85164404,0
768.07674776,6846.25146484,3.85356069,0
768.09718130,6837.12500000,3.85145807,0
768.11761494,6839.52294922,3.85188603,0
768.13804848,6834.27587891,3.85095143,0
768.15848192,6830.99951172,3.85134244,0
768.17891556,6833.24658203,3.85115266,0
768.19934910,6839.08593750,3.85148454,0
768.21978254,6835.73242188,3.85175729,0
768.24021618,6835.74511719,3.85202885,262144
768.26064973,6829.28759766,3.85083318,0
768.28108317,6839.73291016,3.85226107,393216
768.30151681,6841.18457031,3.85231757,393216
768.32195036,6834.75878906,3.85114479,393216
768.34238400,6836.79931641,3.85107064,0
768.36281744,6833.93164062,3.85135865,0
768.38325099,6835.89111328,3.85189080,0
768.40368463,6842.24267578,3.85265827,0
768.42411808,6836.79736328,3.85186577,262144
768.44455163,6836.72705078,3.85101771,262144
768.46498527,6842.03466797,3.85243869,262144
768.48541872,6841.61523438,3.85177302,0
768.50585237,6842.73486328,3.85234284,262144
768.52628591,6842.24755859,3.85255170,262144
768.54671936,6849.05957031,3.85246944,0
768.56715301,6836.52343750,3.85202646,0
768.58758656,6839.32324219,3.85103869,0
768.60802011,6842.56982422,3.85333896,128
768.62845366,6831.10595703,3.85076594,0
768.64888721,6837.67480469,3.85194898,0
768.66932076,6840.57763672,3.85195661,0
768.68975431,6840.19628906,3.85210109,0
768.71018786,6842.81152344,3.85183811,0
768.73062141,6834.12060547,3.85209799,0
768.75105496,6836.08593750,3.85184932,0
768.77148851,6834.46972656,3.85164309,0
768.79192217,6835.17138672,3.85131264,0
768.81235562,6837.15185547,3.85177398,0
768.83278917,6846.04736328,3.85261154,0
768.85322283,6846.08837891,3.85262847,0
768.87365628,6838.82861328,3.85226727,0
768.89408993,6842.45654297,3.85186219,0
768.93495694,6841.13769531,3.85235405,0
768.95539060,6846.43408203,3.85275435,0
768.97582415,6834.67871094,3.85158920,0
768.99625761,6834.36865234,3.85147548,393216
769.01669127,6841.59863281,3.85220528,393216
769.03712482,6840.37646484,3.85253072,0
769.05755848,6833.33300781,3.85172963,0
769.07799194,6840.19482422,3.85221696,393216
769.09842550,6837.36718750,3.85142398,0
769.11885915,6845.84423828,3.85328078,0
769.13929261,6838.53027344,3.85223579,0
769.15972617,6844.87451172,3.85264635,0
769.18015983,6839.28857422,3.85175753,0
769.20059329,6842.82763672,3.85282731,0
769.22102685,6835.18701172,3.85256386,128
769.24146051,6849.35009766,3.85270071,0
769.26189397,6837.64550781,3.85202670,0
769.28232763,6844.38867188,3.85184336,0
769.30276120,6836.24316406,3.85151529,0
769.32319466,6845.74707031,3.85256124,0
769.34362832,6843.92822266,3.85269380,0
769.36406188,6834.41162109,3.85163331,0
769.38449535,6841.29931641,3.85261917,0
769.40492901,6834.62451172,3.85173154,0
769.42536257,6833.19628906,3.85133171,262144
769.44579624,6835.73095703,3.85206461,262144
769.46622970,6830.76513672,3.85184836,0
769.48666327,6836.09765625,3.85205054,0
769.52753040,6845.53125000,3.85276079,0
769.54796396,6838.06884766,3.85230970,0
769.56839763,6831.88769531,3.85140491,0
769.58883110,6837.17822266,3.85177922,0
769.60926467,6833.63232422,3.85189128,0
769.62969833,6834.35546875,3.85211658,393216
769.65013180,6834.42724609,3.85289931,0
769.67056547,6837.30078125,3.85253143,0
769.69099904,6838.44384766,3.85277724,393216
769.71143251,6836.25048828,3.85183334,0
769.73186618,6839.95117188,3.85280418,0
769.75229975,6837.80371094,3.85256338,393216
769.77273332,6835.54101562,3.85233378,0
769.79316689,6837.60302734,3.85263419,0
769.81360046,6832.59912109,3.85243630,0
769.83403413,6840.53173828,3.85316181,0
769.85446760,6839.95703125,3.85249662,0
769.87490117,6836.57177734,3.85297704,270336
769.89533485,6834.80224609,3.85238814,0
769.91576832,6838.32031250,3.85301733,0
769.93620189,6834.87988281,3.85297084,0
769.95663547,6833.30566406,3.85220551,262144
769.97706904,6837.36279297,3.85328817,0
769.99750261,6832.54785156,3.85285926,262144
770.01793629,6842.43408203,3.85380435,0
770.03836976,6839.64892578,3.85317159,0
770.05880344,6843.77050781,3.85369134,0
770.07923702,6837.05468750,3.85273790,0
770.09967049,6837.75781250,3.85306859,0
770.12010417,6837.53662109,3.85263085,0
770.14053775,6834.78076172,3.85266423,0
770.16097122,6840.61767578,3.85330486,393216
770.18140490,6835.88476562,3.85249901,393216
770.20183848,6837.37890625,3.85266757,393216
770.22227216,6839.28515625,3.85314345,0
770.24270564,6834.31738281,3.85238457,0
770.26313921,6837.14941406,3.85252047,0
770.28357289,6828.25585938,3.85195231,0
770.30400637,6834.87841797,3.85286832,0
770.32443995,6833.33496094,3.85215521,393216
770.34487364,6836.53808594,3.85283351,8192
770.36530712,6825.67236328,3.85152459,0
770.38574070,6840.08349609,3.85281301,393216
770.40617438,6839.86328125,3.85339427,0
770.42660786,6832.96875000,3.85224199,0
770.44704154,6835.41748047,3.85256100,0
770.46747513,6833.11914062,3.85243511,0
770.48790871,6836.62597656,3.85288453,0
770.50834229,6833.71337891,3.85215640,0
770.52877588,6841.04394531,3.85371637,393216
770.54920936,6834.15429688,3.85264587,393216
770.56964305,6836.00097656,3.85254288,0
770.59007663,6838.36718750,3.85324669,393216
770.61051022,6832.66503906,3.85233259,270336
770.63094380,6844.78564453,3.85346079,0
770.65137739,6835.95117188,3.85224342,0
770.67181108,6834.94140625,3.85221958,262144
770.69224456,6835.26367188,3.85244918,0
770.71267815,6834.66845703,3.85230780,0
770.73311184,6834.65966797,3.85281491,393216
770.75354533,6833.53808594,3.85261559,0
770.77397902,6829.14550781,3.85245514,0
770.79441260,6832.30029297,3.85204601,0
770.81484609,6838.76025391,3.85293460,0
770.83527978,6842.03271484,3.85339713,0
770.85571337,6835.15136719,3.85269642,0
770.87614686,6842.10302734,3.85342789,0
770.89658055,6835.67675781,3.85257816,0
770.91701415,6843.67041016,3.85378194,0
770.93744774,6833.55322266,3.85221434,0
770.95788133,6840.25830078,3.85299683,0
770.97831492,6831.94335938,3.85216856,393216
770.99874861,6841.13037109,3.85315847,393216
771.01918211,6839.52050781,3.85321808,0
771.03961570,6835.32568359,3.85265160,0
771.06004939,6840.00927734,3.85349488,393216
771.08048299,6844.57421875,3.85336637,393216
771.10091648,6835.27929688,3.85297680,393216
771.12135008,6833.54248047,3.85253477,393216
771.14178377,6830.52099609,3.85207224,0
771.16221737,6836.61621094,3.85294032,0
771.18265096,6838.21826172,3.85288572,393216
771.20308446,6835.34130859,3.85253930,393216
771.22351816,6837.63720703,3.85332918,0
771.24395175,6827.23779297,3.85195780,0
771.26438525,6831.31347656,3.85244942,0
771.28481895,6827.51513672,3.85174251,0
771.30525255,6837.64843750,3.85306716,0
771.32568605,6837.59130859,3.85310388,393216
771.34611974,6840.26025391,3.85330558,0
771.36655334,6834.51074219,3.85279989,0
771.38698704,6828.89550781,3.85260367,0
771.40742054,6836.42480469,3.85300326,0
771.42785414,6848.26367188,3.85429716,0
771.44828784,6835.46728516,3.85285139,0
771.46872135,6835.62353516,3.85346437,0
771.48915495,6836.30517578,3.85286736,0
771.50958865,6833.49853516,3.85294008,393216
771.53002215,6840.49853516,3.85321522,0
771.55045585,6837.38623047,3.85353374,0
771.57088946,6834.38330078,3.85302877,0
771.59132296,6834.85156250,3.85305882,0
771.61175666,6835.82128906,3.85332465,0
771.63219027,6836.15771484,3.85346675,0
771.65262387,6839.33593750,3.85387444,0
771.67305748,6831.42773438,3.85307860,0
771.69349108,6831.13037109,3.85254455,0
771.71392469,6839.90917969,3.85349345,0
771.73435829,6838.02587891,3.85302901,0
771.75479190,6834.46289062,3.85310340,0
771.77522551,6843.12011719,3.85397720,0
771.79565911,6835.43994141,3.85323596,0
771.81609272,6839.35107422,3.85348630,0
771.83652633,6829.20166016,3.85225224,0
771.85695994,6827.62646484,3.85233259,0
771.87739355,6839.50732422,3.85297513,0
771.91826077,6835.54638672,3.85244989,0
771.93869447,6825.24951172,3.85145545,0
771.95912808,6833.03369141,3.85188746,393216
771.97956160,6828.50781250,3.85195661,0
771.99999531,6832.49658203,3.85160685,0
772.02042892,6844.65234375,3.85298586,393216
772.04086243,6841.06738281,3.85308886,0
772.06129614,6840.05419922,3.85270095,0
772.08172975,6834.80908203,3.85185313,0
772.10216327,6840.27050781,3.85315871,0
772.12259698,6838.02636719,3.85308576,0
772.14303059,6831.06982422,3.85189700,0
772.16346431,6834.87695312,3.85185146,0
772.18389782,6829.22216797,3.85155344,0
772.20433143,6840.56054688,3.85280156,0
772.22476515,6834.66406250,3.85222173,0
772.24519866,6834.17041016,3.85169315,0
772.26563228,6834.20507812,3.85158873,0
772.28606600,6838.12646484,3.85194087,0
772.30649961,6831.37158203,3.85134816,0
772.32693323,6841.17578125,3.85247207,0
772.34736685,6840.58837891,3.85220885,0
772.36780046,6843.69482422,3.85212183,0
772.38823408,6836.79589844,3.85167599,0
772.40866770,6832.99365234,3.85117602,0
772.42910132,6845.51708984,3.85253215,393216
772.44953494,6837.09277344,3.85236478,128
772.46996856,6839.49316406,3.85185623,0
772.49040228,6839.91210938,3.85153890,0
772.51083580,6832.92236328,3.85151076,0
772.53126942,6831.73242188,3.85056496,0
772.55170314,6832.86230469,3.85116553,0
772.57213666,6834.34472656,3.85129023,0
772.59257028,6835.23046875,3.85127521,0
772.61300400,6834.31835938,3.85171413,0
772.63343753,6836.10400391,3.85118246,0
772.65387115,6833.84375000,3.85112739,393216
772.67430487,6841.22021484,3.85165501,393216
772.69473839,6834.51806641,3.85103536,393216
772.71517212,6836.40332031,3.85116076,0
772.73560574,6840.93652344,3.85183764,0
772.75603927,6836.48925781,3.85092998,393216
772.77647299,6832.48974609,3.85054302,0
772.79690662,6841.01660156,3.85135150,393216
772.81734024,6844.37548828,3.85150790,0
772.83777387,6829.89941406,3.84977508,401408
772.87864122,6834.13476562,3.85056520,8192
772.89907475,6840.28173828,3.85070205,0
772.91950838,6839.53076172,3.85112357,393216
772.93994211,6829.44970703,3.84985900,0
772.96037573,6836.53369141,3.84984207,0
772.98080926,6831.79638672,3.84966350,393216
773.00124299,6838.95117188,3.85064530,0
773.02167652,6830.15039062,3.84910607,0
773.04211015,6834.18701172,3.84917164,0
773.06254388,6837.02392578,3.84952426,8192
773.08297741,6833.97412109,3.84973383,0
773.10341114,6839.25292969,3.84994078,0
773.12384477,6839.92724609,3.85012078,0
773.14427830,6845.10058594,3.85024977,8192
773.16471204,6832.74902344,3.84916949,0
773.18514567,6834.94140625,3.84929991,0
773.20557920,6831.30029297,3.84894323,393216
773.22601294,6835.11425781,3.84916687,0
773.24644657,6839.13232422,3.84952712,0
773.26688030,6840.18701172,3.84940648,0
773.28731384,6832.09375000,3.84896278,0
773.30774747,6836.17675781,3.84969139,0
773.32818121,6840.92675781,3.84924912,0
773.34861474,6834.43554688,3.85050321,0
773.36904838,6832.53320312,3.84866476,0
773.38948211,6838.85986328,3.84960604,0
773.40991565,6836.56250000,3.84923744,0
773.43034929,6830.97412109,3.84887218,0
773.45078302,6836.24462891,3.84880400,0
773.47121656,6839.39941406,3.84982300,0
773.49165030,6835.86376953,3.84927297,0
773.51208394,6834.24755859,3.84876227,0
773.53251758,6844.67529297,3.84982061,0
773.55295122,6830.82031250,3.84804392,8192
773.57338485,6830.08007812,3.84871864,0
773.59381849,6837.48242188,3.84965658,0
773.61425213,6843.58007812,3.84967399,0
773.63468577,6836.01806641,3.84880924,0
773.65511952,6837.49658203,3.84930110,0
773.67555306,6832.22753906,3.84873629,0
773.69598670,6840.17333984,3.84996057,0
773.71642044,6827.57763672,3.84834552,0
773.73685398,6839.56054688,3.84852505,0
773.75728763,6832.68896484,3.84865952,0
773.77772137,6837.03125000,3.84849191,0
773.79815491,6835.06054688,3.84830403,0
773.81858856,6845.34570312,3.84948969,0
773.83902230,6830.64697266,3.84749794,0
773.85945585,6839.30664062,3.84872198,0
773.87988959,6838.50683594,3.84904885,0
773.90032324,6832.94433594,3.84813571,0
773.92075678,6838.17333984,3.84859610,0
773.94119053,6831.22216797,3.84804773,0
773.96162417,6836.21972656,3.84827423,0
773.98205772,6832.53027344,3.84814095,0
774.00249147,6833.40087891,3.84884810,0
774.02292512,6836.82470703,3.84812188,0
774.04335886,6839.89843750,3.84886122,0
774.06379241,6833.16503906,3.84766817,0
774.08422606,6838.41259766,3.84824848,0
774.10465981,6833.17138672,3.84788465,0
774.12509336,6840.11572266,3.84853172,0
774.14552701,6839.78417969,3.84885144,0
774.16596076,6837.39746094,3.84847474,0
774.18639441,6841.89550781,3.84826827,393216
774.20682796,6834.95507812,3.84749436,393216
774.22726171,6844.81445312,3.84987473,0
774.24769536,6851.46142578,3.85242915,128
774.26812901,6827.07617188,3.84722519,0
774.28856267,6839.89062500,3.84815931,0
774.30899632,6833.81201172,3.84772897,0
774.32942997,6833.70166016,3.84712648,393216
774.34986363,6827.91845703,3.84694791,0
774.37029718,6833.77587891,3.84735298,0
774.39073093,6827.37109375,3.84660888,0
774.41116459,6832.39990234,3.84643745,393216
774.43159834,6834.32177734,3.84731936,393216
774.45203190,6839.57568359,3.84739327,0
774.47246555,6839.53466797,3.84829378,393216
774.49289931,6832.42822266,3.84685659,0
774.51333287,6833.77587891,3.84728289,0
774.53376652,6844.63574219,3.84876704,0
774.55420028,6828.16455078,3.84708309,393216
774.57463384,6842.87402344,3.84767914,0
774.59506760,6829.24658203,3.84650040,0
774.61550126,6845.46289062,3.84818864,8192
774.63593481,6835.09082031,3.84707832,0
774.65636857,6835.18750000,3.84700465,0
774.67680223,6832.24707031,3.84664178,0
774.69723589,6840.27441406,3.84766507,0
774.71766955,6837.96044922,3.84760427,0
774.73810321,6829.70605469,3.84657574,0
774.75853687,6828.43750000,3.84590554,0
774.77897053,6835.79736328,3.84720492,0
774.79940420,6840.53564453,3.84733152,0
774.81983796,6843.69873047,3.84794736,0
774.84027162,6832.73925781,3.84676123,0
774.86070518,6831.07958984,3.84647083,0
774.90157261,6833.64550781,3.84688210,0
774.92200617,6840.66699219,3.84792042,0
774.94243994,6836.67822266,3.84674549,0
774.96287360,6839.35888672,3.84702420,8192
774.98330727,6840.28173828,3.84663701,0
775.00374093,6832.31933594,3.84622240,0
775.02417450,6838.57958984,3.84629345,0
775.04460826,6842.93603516,3.84763622,0
775.06504193,6837.59765625,3.84594417,0
775.08547550,6846.45849609,3.84723496,0
775.10590927,6836.57958984,3.84609532,0
775.12634293,6841.29492188,3.84645510,0
775.14677650,6834.65966797,3.84509110,0
775.16721027,6833.46044922,3.84561634,0
775.18764394,6828.93652344,3.84561944,0
775.20807771,6838.80078125,3.84635496,0
775.22851128,6836.34521484,3.84585786,0
775.24894495,6830.15820312,3.84552598,0
775.26937872,6834.35449219,3.84608817,0
775.28981229,6837.98242188,3.84656549,0
775.31024596,6836.64257812,3.84621334,0
775.33067973,6846.82519531,3.84882236,128
775.35111340,6835.50390625,3.84631467,0
775.37154707,6841.14013672,3.84684014,0
775.39198074,6837.28906250,3.84576607,0
775.41241442,6839.61523438,3.84671307,0
775.43284809,6832.86718750,3.84618020,0
775.45328176,6837.73291016,3.84663916,393216
775.47371544,6834.27832031,3.84607506,0
775.49414911,6838.39990234,3.84636068,0
775.51458279,6834.75146484,3.84622216,393216
775.53501646,6838.69384766,3.84646320,393216
775.55545014,6825.87548828,3.84499598,393216
775.57588381,6837.27978516,3.84603405,0
775.59631759,6832.32470703,3.84555435,0
775.61675116,6834.94873047,3.84544587,393216
775.63718484,6832.82324219,3.84657216,393344
775.65761862,6830.90576172,3.84582782,0
775.67805220,6835.36279297,3.84584451,0
775.69848587,6837.72119141,3.84545183,0
775.71891965,6835.11621094,3.84509301,0
775.73935323,6838.63476562,3.84652114,0
775.75978701,6834.33984375,3.84580898,0
775.78022069,6846.95166016,3.85137439,128
775.80065427,6829.00048828,3.84563446,0
775.82108805,6840.62988281,3.84618402,0
775.84152173,6836.35595703,3.84549761,0
775.86195531,6833.81298828,3.84523940,393216
775.88238909,6832.94238281,3.84509325,0
775.90282277,6833.34765625,3.84567308,0
775.92325645,6831.68798828,3.84570003,0
775.94369014,6836.30468750,3.84586787,0
775.96412382,6836.42480469,3.84539652,0
775.98455760,6830.69775391,3.84538698,0
776.00499129,6835.33593750,3.84588337,0
776.02542487,6829.28906250,3.84478998,0
776.04585865,6837.99560547,3.84583259,0
776.06629234,6843.34570312,3.84592152,0
776.08672592,6834.34033203,3.84457684,393216
776.10715971,6837.06054688,3.84706640,128
776.12759339,6838.73193359,3.84550214,0
776.14802708,6831.72753906,3.84434175,0
776.16846077,6840.43554688,3.84618592,0
776.18889435,6830.98828125,3.84445262,0
776.20932814,6836.52392578,3.84472966,0
776.22976183,6835.90039062,3.84502888,0
776.25019552,6836.59228516,3.84522486,0
776.27062920,6835.46289062,3.84557319,0
776.29106289,6837.60009766,3.84531188,0
776.31149648,6833.24951172,3.84451151,0
776.33193027,6835.60839844,3.84503818,0
776.35236396,6833.49511719,3.84471536,0
776.37279775,6834.81445312,3.84487772,0
776.39323134,6829.74121094,3.84405231,0
776.41366503,6840.20019531,3.84458828,0
776.43409882,6831.59423828,3.84381819,0
776.45453241,6834.07763672,3.84469104,0
776.47496611,6842.92724609,3.84536886,0
776.49539990,6836.18310547,3.84445095,393216
776.51583349,6836.40527344,3.84510946,393216
776.53626728,6838.48730469,3.84550500,262144
776.55670098,6834.60351562,3.84460783,0
776.57713467,6833.23632812,3.84467864,0
776.59756836,6841.38232422,3.84566140,393216
776.61800206,6835.15917969,3.84462762,0
776.63843575,6843.28613281,3.84606695,0
776.65886945,6846.59375000,3.84624672,0
776.67930314,6838.64990234,3.84436083,393216
776.69973684,6839.54785156,3.84490609,0
776.72017064,6840.19091797,3.84533501,393216
776.74060423,6841.60449219,3.84510612,393216
776.76103803,6835.17724609,3.84494352,0
776.78147173,6833.93750000,3.84425735,0
776.80190533,6842.03173828,3.84520507,0
776.82233912,6833.25439453,3.84493589,0
776.84277272,6844.30566406,3.84498215,0
776.86320642,6837.27880859,3.84493017,393216
776.88364022,6837.13427734,3.84475946,0
776.90407382,6835.39501953,3.84430575,0
776.92450762,6842.52685547,3.84512711,0
776.94494132,6831.32470703,3.84399176,393216
776.96537492,6837.44482422,3.84503961,0
776.98580872,6840.46093750,3.84487772,0
777.00624242,6838.16699219,3.84488463,0
777.02667602,6830.74511719,3.84415555,0
777.04710983,6835.99169922,3.84425616,0
777.06754353,6838.61132812,3.84499884,0
777.08797723,6827.68310547,3.84388280,0
777.10841094,6835.56689453,3.84428382,0
777.12884464,6833.47363281,3.84442115,0
777.14927844,6833.10742188,3.84405732,0
777.16971205,6833.11083984,3.84408951,0
777.19014575,6834.56298828,3.84472752,0
777.21057956,6835.91650391,3.84452248,0
777.23101326,6844.10937500,3.84557962,0
777.25144687,6838.97070312,3.84523129,0
777.27188068,6839.55908203,3.84548020,393216
777.29231438,6832.82617188,3.84468675,401408
777.31274809,6836.45507812,3.84655023,128
777.33318180,6832.08496094,3.84461284,0
777.35361550,6836.53613281,3.84537411,0
777.37404931,6831.62451172,3.84433699,0
777.39448292,6840.14013672,3.84599209,0
777.41491663,6844.98291016,3.84681964,0
777.43535044,6838.56884766,3.84564900,0
777.45578405,6831.98779297,3.84466362,0
777.47621776,6836.87402344,3.84603643,0
777.49665147,6843.07128906,3.84661388,0
777.51708518,6828.66943359,3.84442306,393216
777.53751899,6834.56494141,3.84551549,0
777.55795260,6837.60302734,3.84545040,0
777.57838631,6833.18505859,3.84610510,0
777.59882012,6834.01904297,3.84609032,0
777.61925374,6832.60693359,3.84652114,0
777.63968745,6831.77392578,3.84623933,0
777.66012126,6847.39892578,3.84735441,0
777.68055488,6842.81005859,3.84696341,0
777.70098869,6838.37988281,3.84690809,0
777.72142240,6840.14355469,3.84697175,0
777.74185602,6836.82421875,3.84640241,393216
777.76228983,6835.25390625,3.84619594,393216
777.78272355,6838.80761719,3.84606695,0
777.80315727,6838.45800781,3.84684157,0
777.82359098,6836.20703125,3.84595084,0
777.84402470,6838.91357422,3.84613204,0
777.88489223,6833.80517578,3.84616637,0
777.90532585,6837.05175781,3.84532952,0
777.92575967,6829.53808594,3.84490728,0
777.94619339,6834.75878906,3.84535766,0
777.96662700,6834.30761719,3.84486890,0
777.98706082,6838.42871094,3.84605002,0
778.00749454,6835.54638672,3.84536290,0
778.02792816,6836.36621094,3.84484768,0
778.04836198,6836.33203125,3.84457731,0
778.06879570,6835.62597656,3.84475994,0
778.08922942,6829.21386719,3.84399605,0
778.10966315,6836.65429688,3.84441614,0
778.13009677,6833.53222656,3.84484816,0
778.15053059,6836.61572266,3.84388518,0
778.17096431,6834.38867188,3.84431696,0
778.19139793,6840.90429688,3.84477353,0
778.21183176,6834.81542969,3.84419322,0
778.23226548,6834.39257812,3.84365058,0
778.25269930,6837.64550781,3.84499454,0
778.27313293,6842.59326172,3.84482908,0
778.29356665,6837.88769531,3.84441900,0
778.31400048,6835.67333984,3.84428048,0
778.33443410,6836.12158203,3.84349298,0
778.35486783,6837.99414062,3.84442830,0
778.37530165,6835.35009766,3.84354305,0
778.39573538,6835.72216797,3.84302449,0
778.41616901,6833.98730469,3.84299421,0
778.43660283,6835.03906250,3.84329677,0
778.45703656,6837.20849609,3.84377837,0
778.47747029,6840.84716797,3.84409761,393216
778.49790402,6842.57177734,3.84384370,0
778.51833775,6842.47509766,3.84384274,0
778.53877148,6835.72607422,3.84255433,393216
778.55920521,6839.69238281,3.84347105,0
778.57963893,6833.40527344,3.84316182,0
778.60007276,6837.54638672,3.84301615,0
778.62050640,6846.60986328,3.84424305,0
778.64094023,6835.18310547,3.84254956,0
778.66137396,6840.88330078,3.84373808,393216
778.68180759,6843.72949219,3.84355664,0
778.70224142,6832.20654297,3.84259915,0
778.72267515,6833.76464844,3.84280324,393216
778.74310879,6835.28125000,3.84302425,393216
778.76354262,6834.76123047,3.84282231,0
778.78397625,6845.95312500,3.84352469,0
778.80440999,6836.96875000,3.84240699,393216
778.82484382,6835.11181641,3.84279108,0
778.84527745,6839.95800781,3.84305167,0
778.86571129,6829.83789062,3.84246016,0
778.88614502,6838.95263672,3.84313107,0
778.90657866,6833.70849609,3.84236431,0
778.92701249,6837.39990234,3.84283948,0
778.94744623,6829.48535156,3.84183717,0
778.96787997,6837.36132812,3.84245205,0
778.98831370,6836.50732422,3.84251499,0
779.00874744,6833.67626953,3.84228277,0
779.02918128,6832.19140625,3.84219360,0
779.04961492,6842.77832031,3.84288788,0
779.07004866,6841.36718750,3.84274578,0
779.09048249,6837.89843750,3.84245753,0
779.11091623,6837.77050781,3.84172249,0
779.13134987,6836.93164062,3.84230137,393216
779.15178371,6838.04150391,3.84221911,0
779.17221745,6832.71044922,3.84175587,0
779.19265109,6840.00683594,3.84260869,393216
779.21308493,6833.30957031,3.84138465,0
779.23351868,6838.33984375,3.84207916,0
779.25395252,6834.66992188,3.84191751,0
779.27438616,6839.77246094,3.84216714,0
779.29481990,6832.57470703,3.84162331,0
779.31525365,6829.78857422,3.84071970,0
779.33568739,6842.84619141,3.84243751,0
779.35612113,6841.35302734,3.84242797,0
779.37655488,6834.87109375,3.84147143,0
779.39698862,6838.67187500,3.84141254,0
779.41742246,6844.47656250,3.84249830,0
779.43785611,6836.31347656,3.84197521,0
779.45828985,6837.99414062,3.84182310,0
779.47872370,6843.84716797,3.84289479,0
779.49915735,6837.01123047,3.84181905,0
779.51959109,6838.30859375,3.84184599,0
779.54002494,6831.76806641,3.84111905,0
779.56045859,6830.35156250,3.84068346,0
779.58089233,6832.79589844,3.84092736,0
779.60132618,6840.61132812,3.84203744,0
779.62175993,6841.03857422,3.84164929,0
779.64219368,6842.71191406,3.84209633,0
779.66262743,6837.73193359,3.84158444,0
779.68306118,6836.96679688,3.84166265,0
779.70349493,6852.46240234,3.84299040,393216
779.72392868,6834.39941406,3.84105086,393216
779.74436243,6834.67578125,3.84142661,0
779.76479628,6843.04492188,3.84205365,0
779.78522993,6839.41601562,3.84166956,0
779.80566378,6841.32470703,3.84198451,0
779.82609753,6841.29736328,3.84205127,0
779.84653119,6832.74365234,3.84119058,0
779.86696504,6835.63476562,3.84101152,262144
779.88739879,6834.36181641,3.84121013,0
779.90783244,6842.58447266,3.84189200,0
779.92826630,6831.89453125,3.84080243,0
779.94870005,6834.90576172,3.84123468,0
779.96913371,6836.62109375,3.84126616,0
779.98956756,6835.06054688,3.84142542,393216
780.01000122,6836.86767578,3.84097695,0
780.03043507,6836.21386719,3.84088922,0
780.05086883,6836.34130859,3.84097171,0
780.07130248,6838.17187500,3.84126019,0
780.09173634,6838.12109375,3.84122777,0
780.11217010,6834.87939453,3.84128785,0
780.13260386,6832.73095703,3.84111500,0
780.15303761,6840.05224609,3.84135246,393216
780.17347137,6834.54003906,3.84085274,0
780.19390523,6830.88574219,3.84016848,0
780.21433889,6834.31689453,3.84052157,393216
780.23477265,6843.18701172,3.84154081,0
780.25520651,6837.73095703,3.84060287,0
780.27564027,6839.16503906,3.84080839,0
780.29607393,6835.46923828,3.84064531,0
780.31650779,6839.11181641,3.84083247,0
780.33694155,6836.55761719,3.84062147,0
780.35737521,6837.09960938,3.84100604,0
780.37780907,6834.46533203,3.84050727,0
780.39824283,6834.21484375,3.84006333,0
780.41867670,6837.55810547,3.84106350,0
780.43911036,6833.82958984,3.84008837,393216
780.45954412,6839.09423828,3.84043097,393216
780.47997799,6837.55078125,3.84047890,393216
780.50041165,6840.03271484,3.84101081,393216
780.52084541,6841.66748047,3.84087014,393216
780.54127928,6836.47412109,3.84040952,393216
780.56171294,6837.30224609,3.84085941,0
780.58214681,6837.53466797,3.84009361,393216
780.60258057,6849.93310547,3.84297013,393344
780.62301424,6850.67724609,3.84190845,393216
780.64344811,6841.58691406,3.84093904,0
780.66388177,6838.64111328,3.84022403,0
780.68431554,6830.50537109,3.83959913,393216
780.70474941,6841.66894531,3.84093809,0
780.72518308,6838.58349609,3.84050012,0
780.74561684,6834.42773438,3.83990979,393216
780.76605071,6833.92724609,3.83959174,0
780.78648438,6836.97460938,3.84009314,0
780.80691825,6837.87597656,3.84018803,0
780.82735202,6835.89501953,3.83964825,0
780.86821956,6835.87988281,3.83985519,0
780.90908710,6834.94433594,3.83971524,0
780.92952087,6841.96093750,3.84088373,0
780.94995465,6831.45605469,3.83960629,0
780.97038852,6835.75585938,3.84009838,0
780.99082229,6842.25097656,3.84070826,0
781.01125596,6837.04052734,3.83987284,0
781.03168984,6839.55810547,3.84053397,0
781.05212361,6836.93164062,3.83995938,0
781.07255729,6841.73437500,3.84057307,0
781.09299116,6843.50439453,3.84072733,0
781.11342493,6838.34619141,3.84027624,0
781.13385861,6843.36767578,3.84051466,0
781.15429248,6837.46679688,3.84006238,0
781.17472626,6841.31250000,3.84019423,0
781.19516014,6836.57324219,3.83982897,0
781.21559381,6837.11767578,3.83977771,0
781.23602759,6834.97949219,3.83943343,0
781.25646137,6842.08837891,3.84067822,0
781.27689515,6840.78515625,3.84017563,262144
781.29732882,6842.33349609,3.83998966,0
781.31776270,6833.82275391,3.83915615,0
781.33819648,6842.11035156,3.83998728,0
781.35863036,6837.75244141,3.83978248,393216
781.37906404,6832.69628906,3.83890390,0
781.39949782,6835.33007812,3.83929205,0
781.41993170,6839.66015625,3.83958030,0
781.44036538,6836.84130859,3.83952546,0
781.46079916,6830.47607422,3.83881378,8192
781.48123304,6828.66748047,3.83827758,393216
781.50166682,6833.27099609,3.83821034,0
781.52210050,6834.26269531,3.83998561,0
781.54253439,6840.12548828,3.83930206,0
781.56296817,6828.75683594,3.83802652,0
781.58340195,6835.61083984,3.84147310,0
781.60383574,6829.94775391,3.83766890,0
781.62426952,6831.92236328,3.83846354,0
781.64470340,6834.79541016,3.83891273,0
781.66513709,6840.12304688,3.84128833,0
781.68557087,6833.38427734,3.83832836,0
781.70600476,6834.15087891,3.84043622,0
781.72643844,6848.79052734,3.84448075,128
781.74687233,6834.12255859,3.83946586,0
781.76730612,6841.49609375,3.84168768,0
781.78773980,6837.28320312,3.84112763,393216
781.80817369,6831.23095703,3.84031606,0
781.82860748,6839.22607422,3.84130096,0
781.84904117,6843.30810547,3.84086061,0
781.86947505,6845.31787109,3.84133148,0
781.88990884,6835.43896484,3.84022188,0
781.91034263,6849.54248047,3.84185719,393216
781.93077642,6831.73828125,3.84023666,393216
781.95121011,6832.88818359,3.84029937,0
781.97164400,6843.62207031,3.84140801,0
781.99207779,6837.66943359,3.84056354,0
782.01251158,6832.00976562,3.83964872,0
782.03294537,6828.88720703,3.83969402,0
782.05337916,6832.31201172,3.83984518,0
782.07381295,6838.79980469,3.84064293,0
782.09424675,6838.41015625,3.84079671,401408
782.11468054,6835.16210938,3.84037519,393216
782.13511443,6836.92871094,3.84040189,0
782.15554822,6834.68310547,3.84036303,393216
782.17598192,6836.95947266,3.84036565,393216
782.19641581,6837.77343750,3.84033108,0
782.27815099,6837.89648438,3.84040999,0
782.29858489,6829.80419922,3.83941889,393216
782.31901858,6837.21337891,3.84046102,0
782.33945238,6841.06152344,3.84033704,0
782.35988628,6836.13134766,3.84026599,0
782.38031997,6825.51367188,3.83924770,0
782.40075377,6840.66503906,3.84036875,0
782.42118767,6830.79394531,3.83957958,0
782.44162137,6834.01855469,3.83983970,0
782.46205517,6833.84912109,3.84016538,0
782.48248906,6843.84765625,3.84057665,393216
782.50292276,6834.22900391,3.83956909,0
782.52335666,6833.35400391,3.83942819,393216
782.54379046,6834.47753906,3.83927131,0
782.56422416,6829.09570312,3.83907413,0
782.58465806,6836.92626953,3.83992505,0
782.60509177,6833.20019531,3.83912325,0
782.62552557,6828.57958984,3.83883548,393216
782.64595947,6841.29394531,3.83993769,393216
782.66639327,6839.89404297,3.83981466,393216
782.68682707,6837.53515625,3.83961630,393216
782.70726088,6839.31835938,3.84014034,393216
782.72769468,6835.47412109,3.83952522,393216
782.74812848,6841.48828125,3.84023666,0
782.76856229,6829.56103516,3.83860779,0
782.78899609,6841.31347656,3.84033871,0
782.80942990,6842.21777344,3.84030867,393216
782.82986370,6830.65625000,3.83880448,393216
782.85029751,6837.00244141,3.83959627,0
782.87073141,6832.03417969,3.83903289,0
782.89116512,6832.41503906,3.83903790,0
782.91159902,6839.85839844,3.83999491,0
782.93203283,6839.21044922,3.83977151,0
782.95246654,6835.62841797,3.83937526,0
782.97290045,6834.35400391,3.83916211,393216
782.99333425,6837.48095703,3.83904552,8192
783.01376796,6844.04345703,3.84005213,0
783.03420187,6829.81250000,3.83909559,0
783.05463568,6834.26220703,3.83884645,0
783.07506959,6831.08398438,3.83866572,0
783.09550330,6835.82910156,3.83929944,0
783.11593711,6829.24462891,3.83846688,0
783.13637092,6828.57031250,3.83826160,0
783.15680473,6834.29296875,3.83870173,0
783.17723854,6835.32421875,3.83896732,0
783.19767235,6843.69970703,3.83968186,393216
783.21810616,6839.20654297,3.83909059,0
783.23853998,6831.13476562,3.83839083,0
783.25897379,6834.06152344,3.83903050,0
783.27940760,6841.41162109,3.83986831,0
783.29984151,6833.00683594,3.83897376,0
783.32027533,6836.04638672,3.83878469,0
783.34070904,6837.15625000,3.83905149,0
783.36114296,6836.98828125,3.83910131,0
783.38157677,6841.66992188,3.83976865,0
783.40201049,6831.66015625,3.83845496,393216
783.42244440,6836.08740234,3.84013939,128
783.44287822,6836.10937500,3.83876467,0
783.46331213,6836.60449219,3.83870840,0
783.48374585,6837.89208984,3.83895683,0
783.50417967,6844.00097656,3.83956218,0
783.52461358,6843.76708984,3.83909893,393216
783.54504730,6831.84423828,3.83812857,8192
783.56548112,6837.71044922,3.83879566,0
783.58591504,6840.00390625,3.83924699,0
783.60634876,6829.31591797,3.83793116,0
783.62678257,6832.33642578,3.83795476,0
783.64721649,6843.68896484,3.83934641,0
783.66765021,6844.92187500,3.83920074,0
783.68808413,6835.94140625,3.83825636,0
783.70851795,6842.98876953,3.83909249,0
783.72895167,6846.87060547,3.83955359,0
783.74938560,6834.08544922,3.83817577,0
783.76981932,6838.65917969,3.83876371,393216
783.79025324,6842.31250000,3.83906555,8192
783.83112088,6841.15283203,3.84030724,393216
783.85155471,6832.05517578,3.83789992,393216
783.87198853,6828.33349609,3.83776641,8192
783.89242235,6838.07373047,3.83875060,0
783.91285618,6837.82568359,3.83818865,393216
783.93329000,6838.15722656,3.83843899,0
783.95372383,6836.28808594,3.83834529,0
783.97415765,6828.39404297,3.83746314,0
783.99459148,6836.48632812,3.83839035,0
784.01502530,6838.59375000,3.83855796,393216
784.03545923,6839.61376953,3.83857059,393216
784.05589296,6833.99121094,3.83841801,0
784.07632688,6835.00537109,3.83790755,0
784.09676071,6839.25439453,3.83853292,0
784.11719444,6836.52587891,3.83821845,0
784.13762836,6835.70849609,3.83830357,0
784.15806219,6837.96972656,3.83790660,0
784.17849592,6837.99169922,3.83815598,0
784.19892985,6837.36962891,3.83809853,8192
784.21936368,6834.43701172,3.83778191,0
784.23979761,6837.48291016,3.83793283,0
784.26023134,6837.87548828,3.83793759,0
784.28066517,6841.04589844,3.83808804,0
784.30109910,6831.96582031,3.83765149,0
784.32153283,6833.96630859,3.83722973,0
784.34196666,6835.90673828,3.83756828,0
784.36240059,6839.78955078,3.83808017,0
784.38283433,6829.59716797,3.83673882,0
784.40326816,6833.59375000,3.83724356,0
784.42370199,6830.98828125,3.83687043,0
784.44413583,6838.25585938,3.83772039,0
784.46456976,6830.59667969,3.83659601,0
784.48500349,6838.91601562,3.83739924,0
784.50543733,6829.15185547,3.83706403,393216
784.52587126,6831.21582031,3.83702850,0
784.54630510,6837.58447266,3.83753371,0
784.56673883,6837.33154297,3.83752847,393216
784.58717277,6836.49755859,3.83760452,0
784.60760660,6833.42041016,3.83719587,0
784.62804044,6837.26513672,3.83708882,393216
784.64847428,6838.65332031,3.83769631,0
784.66890811,6831.04248047,3.83691406,0
784.68934205,6836.28564453,3.83744335,0
784.70977579,6840.18261719,3.83750677,0
784.73020963,6842.00781250,3.83816099,0
784.75064357,6838.38916016,3.83775282,0
784.77107731,6838.12597656,3.83714080,0
784.79151114,6836.54101562,3.83682036,0
784.81194508,6837.94384766,3.83703756,0
784.83237882,6845.68603516,3.83972502,128
784.85281276,6832.70068359,3.83669829,0
784.87324661,6847.79199219,3.84045506,128
784.89368035,6841.54443359,3.83739233,0
784.91411429,6836.39501953,3.83699918,0
784.93454813,6838.60449219,3.83688498,0
784.95498187,6834.95361328,3.83706284,0
784.97541581,6832.32861328,3.83677697,401408
784.99584966,6837.80126953,3.83699036,0
785.01628360,6838.23242188,3.83689785,0
785.03671734,6831.95947266,3.83634377,0
785.05715119,6836.56689453,3.83706975,393216
785.07758503,6842.31445312,3.83697176,393216
785.09801888,6836.81787109,3.83690262,0
785.11845272,6839.00878906,3.83710313,0
785.13888657,6838.39062500,3.83689928,393216
785.15932041,6837.22705078,3.83661294,0
785.17975426,6833.30029297,3.83567572,0
785.20018820,6836.94091797,3.83623958,393216
785.22062195,6837.01660156,3.83674455,393216
785.24105590,6832.22363281,3.83583593,393216
785.26148975,6836.77441406,3.83628058,0
785.28192349,6839.48437500,3.83634996,262144
785.30235744,6834.69140625,3.83638144,393216
785.32279129,6832.04394531,3.83570409,393216
785.34322504,6829.09277344,3.83576965,8192
785.36365899,6822.59375000,3.83450675,0
785.38409284,6836.65283203,3.83594704,393216
785.40452679,6826.96484375,3.83517766,393216
785.42496054,6837.73095703,3.83616281,0
785.44539439,6834.82714844,3.83624077,0
785.46582834,6838.54541016,3.83605552,393216
785.48626209,6826.77490234,3.83495593,0
785.50669594,6837.79736328,3.83598828,0
785.52712989,6831.46533203,3.83538699,0
785.54756365,6834.03125000,3.83585978,0
785.56799750,6836.00292969,3.83596897,393216
785.58843145,6843.83447266,3.83639383,0
785.60886521,6828.94042969,3.83505630,0
785.62929916,6838.46923828,3.83582354,0
785.64973301,6837.77441406,3.83577824,0
785.67016687,6833.37988281,3.83526874,0
785.69060072,6834.42578125,3.83575606,393216
785.71103458,6830.50244141,3.83476853,393216
785.73146833,6835.51123047,3.83557129,0
785.75190229,6841.19873047,3.83618736,0
785.77233615,6839.46923828,3.83568001,0
785.79277000,6831.59423828,3.83483577,0
785.81320386,6835.32910156,3.83534718,401408
785.83363772,6846.02929688,3.83662772,393216
785.85407157,6832.99023438,3.83553338,393216
785.87450543,6831.86962891,3.83504033,393216
785.89493929,6836.16992188,3.83576846,393216
785.91537325,6831.62841797,3.83554649,393216
785.93580701,6831.29345703,3.83499074,0
785.95624087,6827.33544922,3.83419228,0
785.97667483,6834.25341797,3.83520079,0
785.99710859,6834.15283203,3.83539248,393216
786.01754255,6835.49804688,3.83544040,0
786.03797641,6838.22167969,3.83566904,0
786.05841017,6833.82861328,3.83513260,0
786.07884413,6835.27197266,3.83533096,0
786.09927799,6836.17822266,3.83560133,8192
786.11971176,6835.51171875,3.83529687,0
786.14014572,6839.53613281,3.83578873,393216
786.16057958,6834.58154297,3.83571339,0
786.18101345,6839.95019531,3.83610225,8192
786.20144731,6831.70947266,3.83494186,393216
786.22188117,6831.55029297,3.83492351,0
786.24231514,6831.86816406,3.83499098,0
786.26274890,6833.46289062,3.83498144,0
786.28318277,6832.14746094,3.83548975,0
786.30361673,6832.89404297,3.83546615,0
786.32405050,6846.20556641,3.83638954,0
786.34448436,6838.62548828,3.83585048,0
786.36491823,6838.81005859,3.83580160,8192
786.38535210,6841.42968750,3.83622885,0
786.40578606,6832.37011719,3.83544421,393216
786.44665370,6829.65185547,3.83460832,393216
786.46708767,6837.18701172,3.83571172,0
786.48752154,6834.48535156,3.83532214,0
786.50795531,6838.59912109,3.83596373,393216
786.52838928,6841.55419922,3.83598948,393216
786.54882314,6834.81201172,3.83517575,393216
786.56925691,6836.72070312,3.83546782,393216
786.58969088,6826.90869141,3.83439064,0
786.61012476,6828.47021484,3.83475590,0
786.63055873,6839.09619141,3.83597851,8192
786.65099250,6842.58837891,3.83580875,393216
786.67142637,6823.24072266,3.83415198,0
786.69186034,6836.49560547,3.83547187,0
786.71229411,6838.73730469,3.83530116,0
786.73272799,6835.33105469,3.83511281,0
786.75316196,6832.99853516,3.83453107,393216
786.77359573,6840.59130859,3.83534312,0
786.81446358,6837.38085938,3.83533216,0
786.83489736,6829.86376953,3.83449030,0
786.85533133,6832.59765625,3.83494186,0
786.87576521,6831.27978516,3.83514166,393216
786.89619908,6835.05224609,3.83551288,393216
786.91663296,6833.36816406,3.83521938,393216
786.93706683,6840.79296875,3.83605433,393216
786.95750071,6836.68017578,3.83546686,393216
786.97793459,6836.30371094,3.83477330,0
786.99836847,6831.24414062,3.83469510,0
787.01880234,6833.07714844,3.83420515,0
787.03923622,6835.59765625,3.83427405,0
787.05967010,6834.62402344,3.83488750,0
787.08010408,6833.32812500,3.83448935,0
787.10053786,6838.38232422,3.83449817,0
787.12097174,6835.82421875,3.83463740,0
787.14140572,6828.86474609,3.83404303,393216
787.16183950,6838.52832031,3.83499527,0
787.18227348,6834.60351562,3.83415198,393216
787.20270736,6833.97802734,3.83436012,393216
787.22314114,6832.24023438,3.83463264,0
787.24357512,6835.75390625,3.83475327,0
787.26400900,6833.98486328,3.83392000,0
787.28444278,6837.59326172,3.83476377,0
787.32531065,6836.97705078,3.83380055,0
787.34574443,6839.53173828,3.83533049,128
787.36617842,6838.83056641,3.83450913,393216
787.38661230,6838.08398438,3.83446813,0
787.40704629,6829.29443359,3.83315754,0
787.42748007,6835.37841797,3.83359814,0
787.44791396,6832.92041016,3.83331847,0
787.46834794,6838.13720703,3.83392549,0
787.48878173,6832.85693359,3.83287072,393216
787.50921561,6838.38085938,3.83395100,0
787.52964960,6832.27441406,3.83311653,0
787.55008349,6841.08544922,3.83376241,8192
787.57051737,6842.15283203,3.83403993,0
787.59095126,6841.76123047,3.83353281,393216
787.61138515,6843.53466797,3.83350754,393216
787.63181904,6835.78466797,3.83327270,393216
787.65225292,6829.52246094,3.83237576,0
787.67268671,6835.15185547,3.83269691,0
787.69312070,6839.71582031,3.83352113,0
787.71355459,6840.56738281,3.83365417,0
787.73398838,6846.11914062,3.83378696,401408
787.75442237,6835.61767578,3.83294487,393216
787.77485626,6837.39355469,3.83274579,0
787.79529025,6835.83154297,3.83324075,0
787.81572405,6833.55517578,3.83217645,393216
787.83615794,6840.08007812,3.83281898,0
787.85659193,6834.07861328,3.83228254,0
787.87702572,6832.41064453,3.83238649,0
787.89745961,6834.59082031,3.83242321,0
787.91789361,6841.05517578,3.83301353,0
787.93832740,6834.94335938,3.83256412,0
787.95876139,6834.30712891,3.83237600,0
787.97919529,6835.48730469,3.83247352,0
787.99962908,6834.70019531,3.83192897,0
788.02006308,6823.68164062,3.83095670,0
788.04049697,6841.58349609,3.83263803,393216
788.06093087,6834.17480469,3.83181620,0
788.08136476,6837.55810547,3.83196044,0
788.10179866,6835.90478516,3.83221126,393216
788.12223256,6841.47314453,3.83247781,393216
788.14266645,6833.35400391,3.83148670,0
788.16310035,6842.20556641,3.83220077,0
788.18353435,6829.88769531,3.83130622,393216
788.20396815,6839.02783203,3.83188844,0
788.22440205,6830.87109375,3.83080077,0
788.24483594,6839.85742188,3.83130550,0
788.26526984,6836.07177734,3.83167100,0
788.28570374,6836.42285156,3.83159041,0
788.30613774,6830.11767578,3.83060050,0
788.32657154,6827.71093750,3.83065724,0
788.34700554,6842.36132812,3.83222699,0
788.36743944,6834.35058594,3.83201241,128
788.38787324,6834.49267578,3.83122277,393216
788.40830725,6840.88671875,3.83150268,0
788.42874115,6835.46191406,3.83108306,0
788.44917495,6833.01269531,3.83113217,0
788.46960895,6836.06542969,3.83083892,393216
788.49004285,6839.05761719,3.83138037,0
788.51047666,6832.09326172,3.83060503,0
788.53091066,6843.58740234,3.83164692,0
788.55134456,6837.20898438,3.83052063,393216
788.57177857,6843.82080078,3.83184385,0
788.59221237,6838.09765625,3.83088589,0
788.61264628,6837.36718750,3.83090520,393216
788.63308028,6838.15185547,3.83101773,393216
788.65351409,6834.15429688,3.83052683,0
788.67394799,6839.60498047,3.83104777,0
788.69438200,6840.17480469,3.83106923,0
788.71481581,6834.24267578,3.83040190,8192
788.73524981,6837.66406250,3.83046055,0
788.75568372,6833.32861328,3.83008099,8192
788.77611763,6832.92089844,3.82962561,0
788.79655154,6831.73095703,3.82992125,0
788.81698545,6832.21777344,3.82968354,0
788.83741935,6840.68310547,3.83127642,0
788.85785326,6834.41308594,3.83034420,0
788.87828717,6835.76025391,3.83020854,0
788.89872108,6839.29003906,3.83044004,0
788.91915499,6839.83984375,3.83074474,0
788.93958890,6835.83837891,3.83039403,393216
788.96002291,6835.48535156,3.83033514,0
788.98045672,6835.47949219,3.83013391,0
789.00089064,6829.34277344,3.82876706,0
789.02132465,6834.53173828,3.83002424,0
789.04175846,6842.72509766,3.83041453,0
789.06219237,6838.22265625,3.82985115,0
789.10306020,6833.85107422,3.82940698,0
789.12349421,6837.98681641,3.83043289,0
789.14392813,6838.13281250,3.83014083,0
789.16436194,6829.71679688,3.82947206,0
789.18479595,6836.36816406,3.83033562,0
789.20522987,6844.05371094,3.83006692,0
789.22566378,6836.33935547,3.82986259,0
789.24609770,6845.40380859,3.83088136,0
789.26653162,6843.28564453,3.83073711,0
789.28696553,6834.08447266,3.82953906,0
789.30739945,6831.06591797,3.82930040,0
789.32783337,6836.29541016,3.82986426,0
789.34826738,6836.05175781,3.82976675,0
789.36870130,6838.11181641,3.83007741,0
789.38913512,6833.12744141,3.82931542,393216
789.40956914,6840.08593750,3.82976913,0
789.43000306,6834.19628906,3.82894039,0
789.45043687,6839.83447266,3.82966042,0
789.47087089,6834.46142578,3.82898068,0
789.49130471,6832.06933594,3.82892847,0
789.51173863,6837.31298828,3.82872701,0
789.53217265,6837.56250000,3.82968402,0
789.55260648,6827.31787109,3.82856131,0
789.57304050,6838.11816406,3.82963443,0
789.59347442,6839.10742188,3.83055878,0
789.61390824,6836.80371094,3.82959509,0
789.63434226,6831.24121094,3.82899928,0
789.65477618,6836.43505859,3.82923388,0
789.67521001,6839.20751953,3.82969904,0
789.69564403,6834.89746094,3.82879949,0
789.71607795,6844.72656250,3.83010507,0
789.73651198,6832.11816406,3.82841682,0
789.75694580,6829.13769531,3.82839084,0
789.79781375,6842.48486328,3.82961202,0
789.81824758,6846.16552734,3.83001637,0
789.83868150,6841.49755859,3.82939219,0
789.85911553,6832.96386719,3.82878017,0
789.87954935,6849.68701172,3.83030725,262144
789.89998328,6838.57324219,3.82900763,262144
789.92041731,6841.72216797,3.82895660,0
789.94085123,6841.99511719,3.82889056,262144
789.96128516,6827.50683594,3.82567573,262144
789.98171909,6837.04980469,3.82644153,0
790.00215302,6832.55908203,3.82642293,0
790.02258695,6835.25195312,3.82662725,0
790.04302088,6834.56787109,3.82713318,0
790.06345481,6834.23486328,3.82615066,0
790.08388884,6831.64355469,3.82675791,0
790.10432266,6838.08349609,3.82705140,0
790.12475670,6844.55761719,3.82782364,0
790.14519053,6835.63671875,3.82717156,0
790.16562446,6837.79638672,3.82612920,0
790.18605849,6830.94580078,3.82548261,8192
790.20649232,6836.65136719,3.82663584,0
790.22692625,6846.99316406,3.82885408,393216
790.24736028,6837.00244141,3.82799864,0
790.26779412,6838.53808594,3.82819963,0
790.28822805,6834.07080078,3.82533360,0
790.30866208,6840.07714844,3.82781124,0
790.32909592,6838.16894531,3.82630157,0
790.34952995,6835.26953125,3.82603931,0
790.36996389,6838.61035156,3.82574701,0
790.39039772,6834.93652344,3.82537246,0
790.41083176,6828.77001953,3.82567525,0
790.43126569,6857.41455078,3.82963967,0
790.45169963,6834.46289062,3.82571578,0
790.47213356,6828.77490234,3.82493997,0
790.49256750,6835.68505859,3.82572556,0
790.51300154,6837.84423828,3.82595515,0
790.53343537,6842.00439453,3.82630014,0
790.55386931,6833.21630859,3.82600498,0
790.57430335,6836.63525391,3.82579422,0
790.59473729,6836.69140625,3.82588434,0
790.61517113,6844.85302734,3.82621717,262144
790.63560517,6839.65869141,3.82564187,0
790.65603910,6837.50830078,3.82627773,0
790.67647294,6833.29980469,3.82496715,0
790.69690698,6835.80664062,3.82497692,0
790.71734092,6836.45166016,3.82493114,0
790.73777497,6837.89208984,3.82503104,0
790.75820881,6840.10156250,3.82537556,0
790.77864265,6834.58984375,3.82437849,0
790.79907669,6833.54003906,3.82521534,0
790.81951063,6832.30517578,3.82415724,0
790.83994447,6837.44042969,3.82535195,0
790.86037852,6842.97314453,3.82521081,0
790.88081246,6830.73144531,3.82408118,0
790.90124650,6833.42333984,3.82447267,0
790.92168035,6835.61669922,3.82441711,0
790.94211429,6834.17919922,3.82483220,0
790.96254833,6835.31835938,3.82433319,0
790.98298218,6845.28515625,3.82554603,0
791.00341612,6835.16894531,3.82460141,0
791.02385017,6839.14599609,3.82515812,0
791.04428401,6839.65283203,3.82489228,0
791.06471796,6853.36279297,3.82769370,0
791.08515201,6838.13476562,3.82481146,0
791.10558595,6835.08056641,3.82461619,0
791.12601990,6834.80810547,3.82397366,0
791.14645385,6831.42626953,3.82315135,0
791.16688780,6839.53125000,3.82417059,0
791.18732174,6830.15039062,3.82366157,0
791.20775569,6829.91650391,3.82363439,0
791.22818964,6835.43115234,3.82453632,393216
791.24862369,6843.43847656,3.82542157,0
791.26905754,6836.92480469,3.82384753,0
791.28949159,6842.08593750,3.82526994,0
791.30992554,6835.29589844,3.82374144,0
791.33035939,6837.37402344,3.82446003,128
791.35079344,6840.34082031,3.82488513,0
791.37122739,6853.02099609,3.82936597,128
791.39166124,6835.36914062,3.82367587,0
791.41209530,6833.53759766,3.82338357,0
791.43252915,6838.50195312,3.82414293,0
791.45296310,6837.98339844,3.82400203,0
791.47339715,6839.79003906,3.82637215,0
791.49383101,6837.08935547,3.82410073,0
791.51426506,6836.45800781,3.82368279,0
791.53469901,6836.05810547,3.82358813,0
791.55513287,6835.55664062,3.82369161,0
791.57556692,6840.59716797,3.82402563,0
791.59600088,6834.07568359,3.82355452,8192
791.61643483,6832.12500000,3.82300305,0
791.63686879,6831.39453125,3.82274151,0
791.65730274,6834.69335938,3.82339311,0
791.67773680,6837.52539062,3.82408452,128
791.69817066,6830.90283203,3.82249069,0
791.71860461,6838.08642578,3.82372975,0
791.73903867,6848.59716797,3.82442975,0
791.75947253,6828.91845703,3.82256413,0
791.77990649,6841.88085938,3.82335997,0
791.80034054,6835.00976562,3.82273006,393216
791.82077450,6837.69775391,3.82314062,0
791.84120836,6841.74658203,3.82384586,0
791.86164242,6838.44140625,3.82376122,0
791.90251034,6838.46923828,3.82377481,0
791.94337826,6836.56640625,3.82303572,0
791.96381222,6838.04345703,3.82329988,0
791.98424618,6841.49804688,3.82357717,0
792.00468015,6838.92382812,3.82288790,0
792.02511411,6836.81152344,3.82316709,0
792.04554807,6834.97705078,3.82276464,0
792.06598213,6835.83642578,3.82322621,0
792.08641600,6836.77050781,3.82294607,0
792.10684996,6832.60302734,3.82238579,0
792.12728402,6835.48779297,3.82243586,0
792.14771789,6836.23876953,3.82263374,0
792.16815185,6837.26416016,3.82307315,393216
792.18858592,6837.44677734,3.82257938,0
792.20901978,6835.73876953,3.82278252,0
792.22945375,6838.23291016,3.82323122,393216
792.24988781,6832.60302734,3.82167864,0
792.27032168,6839.38037109,3.82312322,0
792.29075574,6824.37695312,3.82151294,0
792.31118971,6839.48388672,3.82330942,0
792.33162368,6841.36669922,3.82308531,0
792.35205765,6831.28613281,3.82248974,0
792.37249161,6836.88867188,3.82239223,0
792.39292558,6841.20458984,3.82356858,0
792.41335955,6840.74218750,3.82353711,128
792.43379352,6836.06152344,3.82300615,0
792.45422759,6835.76464844,3.82284665,0
792.47466156,6831.49658203,3.82215095,0
792.49509543,6835.74365234,3.82276106,0
792.51552950,6834.88623047,3.82250237,0
792.53596347,6840.16552734,3.82283139,0
792.55639734,6832.65917969,3.82218862,0
792.57683141,6836.88867188,3.82266617,0
792.59726538,6843.80371094,3.82338333,0
792.61769925,6843.34375000,3.82287788,0
792.63813332,6840.68554688,3.82283783,0
792.65856730,6832.34619141,3.82199574,0
792.67900127,6849.11572266,3.82359767,262144
792.69943524,6836.14306641,3.82203031,0
792.71986912,6844.11962891,3.82321239,0
792.74030319,6836.61621094,3.82181954,0
792.78117104,6838.76074219,3.82247186,0
792.80160511,6834.35449219,3.82209516,0
792.82203909,6834.22509766,3.82160020,0
792.84247316,6838.11425781,3.82241583,0
792.86290704,6837.58935547,3.82236433,0
792.88334102,6845.20703125,3.82278013,0
792.90377509,6838.35156250,3.82223511,0
792.92420897,6836.51074219,3.82210445,0
792.94464295,6835.81494141,3.82143092,0
792.96507702,6837.18115234,3.82229543,0
792.98551100,6840.55273438,3.82215548,0
793.00594488,6826.93212891,3.82112169,0
793.02637896,6837.12597656,3.82204461,0
793.04681294,6837.23095703,3.82162142,0
793.06724691,6843.96777344,3.82258081,0
793.08768089,6835.45214844,3.82134199,0
793.10811487,6834.21093750,3.82134128,0
793.12854895,6834.12744141,3.82166028,8192
793.14898283,6835.93212891,3.82211494,0
793.16941682,6831.20117188,3.82125592,0
793.18985090,6836.26953125,3.82186508,0
793.21028478,6832.11865234,3.82127953,0
793.23071886,6835.45556641,3.82194877,393216
793.25115284,6836.23828125,3.82111573,393216
793.27158672,6835.75830078,3.82140374,0
793.29202081,6836.86328125,3.82116222,393216
793.31245469,6839.20117188,3.82183194,393216
793.33288867,6827.22119141,3.82067561,0
793.35332276,6827.45751953,3.82097173,0
793.37375664,6828.26513672,3.82058668,0
793.39419063,6833.20166016,3.82103634,0
793.41462471,6827.59326172,3.82053924,0
793.43505860,6838.52392578,3.82138395,0
793.45549268,6835.93115234,3.82142663,0
793.47592667,6835.89990234,3.82145643,0
793.51679464,6835.47656250,3.82147074,393216
793.53722863,6830.09814453,3.82099319,0
793.55766261,6834.41894531,3.82106829,0
793.57809660,6828.94433594,3.82075429,0
793.59853059,6830.99267578,3.82028389,0
793.61896458,6830.46093750,3.82054996,0
793.63939867,6844.32763672,3.82171273,0
793.65983255,6841.56787109,3.82173967,0
793.68026664,6827.58398438,3.82020855,0
793.70070063,6831.77880859,3.82028627,0
793.72113452,6833.10400391,3.82087231,0
793.74156861,6830.73681641,3.82067633,0
793.76200260,6828.18017578,3.81994152,0
793.78243649,6838.75244141,3.82122993,0
793.80287059,6838.24609375,3.82133269,0
793.82330458,6831.22021484,3.82070637,0
793.84373867,6833.40087891,3.82071233,0
793.86417256,6837.29882812,3.82108665,0
793.88460655,6834.14843750,3.82062817,0
793.90504055,6832.09130859,3.82041597,0
793.92547454,6836.95068359,3.82111335,0
793.94590843,6836.03955078,3.82060862,0
793.96634253,6840.16064453,3.82112622,0
793.98677652,6833.57324219,3.82063842,0
794.00721051,6833.86474609,3.82084441,0
794.02764451,6832.51220703,3.82020164,0
794.04807850,6832.95410156,3.82063890,0
794.06851260,6828.80224609,3.82019925,0
794.08894650,6831.49169922,3.82039261,0
794.10938049,6833.06005859,3.82055449,0
794.12981459,6836.82568359,3.82080412,0
794.15024848,6831.93017578,3.82023978,393216
794.17068248,6833.18603516,3.82063580,0
794.19111658,6832.15625000,3.82045388,0
794.21155058,6835.85693359,3.82066250,0
794.23198458,6830.52929688,3.81996393,0
794.25241857,6839.58105469,3.82148051,0
794.27285257,6836.07910156,3.82010365,0
794.29328667,6834.02392578,3.82041574,393216
794.31372057,6827.09619141,3.81942201,0
794.33415457,6834.78076172,3.82023048,0
794.35458867,6839.52246094,3.82064295,0
794.37502257,6841.36523438,3.82080841,8192
794.39545667,6834.30517578,3.82020497,0
794.41589067,6835.86279297,3.82017064,0
794.43632457,6838.37451172,3.82064533,0
794.45675868,6834.79980469,3.82043386,0
794.47719268,6835.60839844,3.82026887,0
794.49762658,6829.29199219,3.81978250,0
794.51806068,6833.67480469,3.82022619,0
794.53849469,6829.14746094,3.81972313,0
794.55892859,6834.89843750,3.82026863,0
794.57936269,6834.72558594,3.82044220,0
794.59979660,6832.92822266,3.81990290,0
794.62023070,6833.71337891,3.82023668,8192
794.64066471,6829.18652344,3.81940436,0
794.66109861,6826.80712891,3.81907010,0
794.68153272,6837.97753906,3.82012415,0
794.70196672,6831.16552734,3.81966805,393216
794.72240073,6836.68798828,3.82013369,0
794.74283473,6835.31689453,3.82006288,0
794.76326874,6832.03320312,3.81956172,0
794.78370275,6828.85693359,3.81917477,0
794.80413676,6838.87597656,3.82033396,0
794.82457076,6835.53271484,3.81975484,8192
794.84500487,6829.52783203,3.81943750,0
794.86543888,6832.68603516,3.81977344,0
794.88587279,6832.01904297,3.81961465,0
794.90630690,6833.19091797,3.81960320,0
794.92674091,6830.85449219,3.81941295,0
794.94717482,6835.09228516,3.81960917,0
794.96760893,6835.10498047,3.81967163,0
794.98804294,6828.03906250,3.81899381,0
795.00847705,6827.09033203,3.81895876,0
795.02891096,6840.73974609,3.82030439,0
795.04934497,6829.60205078,3.81900644,0
795.06977908,6838.91308594,3.82001328,0
795.09021299,6834.34130859,3.81956649,0
795.11064701,6835.00976562,3.81941605,0
795.13108112,6831.06689453,3.81925559,0
795.15151503,6833.12255859,3.81948709,0
795.17194904,6834.45166016,3.81938815,0
795.19238316,6829.69433594,3.81906700,0
795.21281707,6835.49755859,3.81916595,393216
795.23325119,6836.87841797,3.81934714,393216
795.25368510,6838.17041016,3.81986117,0
795.27411911,6824.33447266,3.81834650,0
795.29455323,6830.35351562,3.81885219,0
795.31498715,6834.67089844,3.81895781,0
795.33542116,6832.20019531,3.81908607,0
795.35585528,6830.40136719,3.81861019,0
795.37628929,6838.77734375,3.81976128,0
795.39672331,6830.34716797,3.81870031,0
795.41715733,6830.16601562,3.81867695,0
795.43759135,6829.12988281,3.81853747,0
795.45802536,6826.82910156,3.81815124,0
795.47845938,6829.93896484,3.81858063,0
795.49889340,6846.63867188,3.82030702,0
795.51932752,6836.02978516,3.81906080,0
795.53976144,6833.87939453,3.81859827,0
795.56019546,6832.72656250,3.81863093,0
795.58062958,6829.99121094,3.81845593,0
795.60106350,6835.94238281,3.81886196,0
795.62149762,6833.40527344,3.81861258,0
795.64193164,6836.17480469,3.81889367,0
795.66236556,6833.45166016,3.81852055,0
795.68279968,6831.52978516,3.81876540,0
795.70323370,6841.32324219,3.81933236,0
795.72366763,6830.72119141,3.81833696,0
795.76453577,6832.68212891,3.81841922,8192
795.78496979,6834.94335938,3.81880879,0
795.80540382,6840.64990234,3.81938696,8192
795.82583784,6833.20068359,3.81844950,0
795.84627186,6840.98681641,3.81940389,0
795.86670589,6840.94238281,3.81936431,0
795.88713991,6832.04248047,3.81817245,0
795.90757394,6839.87060547,3.81901884,0
795.92800796,6829.63769531,3.81806707,0
795.94844199,6833.25146484,3.81826544,0
795.96887602,6834.79150391,3.81825495,0
795.98931004,6829.39013672,3.81771588,0
796.00974417,6835.64257812,3.81851315,0
796.03017810,6838.93066406,3.81865454,0
796.05061212,6837.67822266,3.81845546,0
796.07104625,6835.22753906,3.81817436,0
796.09148028,6831.70312500,3.81775188,0
796.11191421,6831.72900391,3.81772375,8192
796.13234834,6828.66064453,3.81741858,0
796.15278236,6832.75244141,3.81783795,0
796.17321649,6835.20849609,3.81867695,128
796.19365042,6831.76220703,3.81781387,0
796.21408445,6839.23535156,3.81861997,0
796.23451858,6831.27490234,3.81777811,0
796.25495251,6833.26611328,3.81763530,0
796.27538654,6842.08593750,3.81865454,0
796.29582068,6836.46972656,3.81781006,0
796.31625461,6833.76269531,3.81752968,0
796.33668864,6834.19580078,3.81772256,0
796.35712277,6839.59716797,3.81823659,0
796.37755670,6833.63818359,3.81764674,0
796.39799084,6843.18701172,3.81851935,262144
796.41842487,6837.06201172,3.81775069,0
796.43885880,6830.18359375,3.81700730,0
796.45929294,6837.99511719,3.81783843,0
796.47972697,6832.25830078,3.81721854,0
796.50016091,6835.68359375,3.81758070,0
796.52059504,6837.16601562,3.81767321,0
796.54102908,6843.84179688,3.81830049,0
796.56146311,6837.92968750,3.81777573,0
796.58189715,6833.02929688,3.81708694,0
796.60233118,6828.92382812,3.81669354,0
796.62276522,6843.39843750,3.81805110,0
796.64319926,6834.44677734,3.81707382,0
796.66363329,6837.07177734,3.81772852,0
796.68406743,6833.39453125,3.81724095,8192
796.70450137,6828.58496094,3.81644392,0
796.72493541,6836.54003906,3.81710434,0
796.74536954,6835.61962891,3.81706572,0
796.76580348,6832.82568359,3.81679797,0
796.78623762,6833.49023438,3.81672645,0
796.80667166,6840.02539062,3.81738424,0
796.82710560,6837.06201172,3.81696367,0
796.84753974,6838.71582031,3.81705976,0
796.86797378,6834.28369141,3.81648898,0
796.88840772,6840.90527344,3.81727052,0
796.90884186,6835.15039062,3.81664324,0
796.92927590,6831.81689453,3.81625342,0
796.94971005,6830.99707031,3.81611776,0
796.97014399,6834.81884766,3.81638145,0
796.99057803,6840.77685547,3.81686664,0
797.01101217,6843.67871094,3.81731486,0
797.03144611,6833.87011719,3.81655002,0
797.05188016,6838.07617188,3.81694365,0
797.07231420,6836.13378906,3.81658554,0
797.09274825,6840.12304688,3.81714535,0
797.11318229,6834.83105469,3.81674838,0
797.13361633,6838.86230469,3.81705451,262144
797.15405038,6836.34375000,3.81679630,262144
797.17448452,6837.17529297,3.81680036,262144
797.19491847,6834.15087891,3.81631064,262144
797.21535251,6828.86376953,3.81616306,0
797.23578666,6838.29687500,3.81698108,0
797.25622071,6835.40332031,3.81699967,0
797.27665465,6830.68457031,3.81610203,0
797.29708880,6830.12744141,3.81586027,0
797.31752285,6833.69775391,3.81645107,8192
797.33795690,6836.80566406,3.81655788,0
797.35839094,6835.14746094,3.81620097,0
797.37882499,6830.04882812,3.81606388,0
797.39925914,6834.02294922,3.81577945,0
797.41969309,6830.80029297,3.81565285,0
797.44012714,6838.36230469,3.81644392,0
797.46056129,6837.39990234,3.81616616,262144
797.48099524,6836.54785156,3.81590629,270336
797.50142929,6830.65917969,3.81527853,0
797.52186344,6836.17968750,3.81591606,0
797.54229739,6837.41455078,3.81586719,0
797.56273154,6837.12744141,3.81574917,0
797.58316559,6832.61816406,3.81522846,0
797.60359955,6832.94042969,3.81509686,0
797.62403370,6836.40087891,3.81529999,0
797.64446775,6834.66943359,3.81506705,0
797.66490170,6842.17822266,3.81583595,0
797.68533586,6830.56396484,3.81461525,0
797.70576991,6834.42871094,3.81473494,0
797.72620396,6840.09912109,3.81527853,0
797.74663802,6844.79150391,3.81655312,128
797.76707207,6828.49121094,3.81412435,0
797.78750613,6838.92822266,3.81534767,0
797.80794018,6836.98974609,3.81473970,0
797.82837424,6842.60888672,3.81504345,0
797.84880829,6838.70361328,3.81486320,0
797.86924235,6838.98583984,3.81504774,0
797.88967640,6833.92968750,3.81447411,0
797.91011056,6835.88623047,3.81477046,0
797.93054452,6837.24316406,3.81489873,393216
797.95097868,6835.56347656,3.81443739,0
797.97141273,6843.11425781,3.81537032,0
797.99184669,6851.05712891,3.81603265,0
798.01228085,6839.78955078,3.81489658,0
798.03271491,6842.72363281,3.81555438,128
798.05314887,6842.44873047,3.81492901,0
798.07358303,6839.59716797,3.81489301,393216
798.09401709,6837.13281250,3.81428123,0
798.11445125,6837.61328125,3.81432343,0
798.13488521,6836.96044922,3.81384349,0
798.15531927,6838.20507812,3.81419516,0
798.17575343,6841.88134766,3.81454825,0
798.19618739,6836.19238281,3.81393099,0
798.21662145,6830.01562500,3.81328392,0
798.23705561,6839.19384766,3.81458569,0
798.25748957,6839.15527344,3.81429148,0
798.27792364,6840.88525391,3.81451130,0
798.29835780,6840.86083984,3.81418037,0
798.31879176,6841.00830078,3.81452179,0
798.33922592,6831.26171875,3.81304860,0
798.35965989,6842.50292969,3.81426072,0
798.38009405,6843.13769531,3.81448197,0
798.40052812,6843.21044922,3.81422567,0
798.42096218,6839.36523438,3.81425214,262144
798.44139615,6840.09619141,3.81400394,0
798.46183031,6846.92333984,3.81467128,0
798.48226438,6839.95947266,3.81375170,262144
798.50269844,6834.91308594,3.81332994,0
798.52313251,6835.27685547,3.81298375,0
798.54356658,6846.05761719,3.81380582,0
798.56400074,6839.63769531,3.81341124,0
798.58443471,6836.71044922,3.81312943,0
798.62530294,6837.47265625,3.81313705,0
798.64573691,6840.19873047,3.81325030,0
798.66617098,6839.45849609,3.81317353,0
798.68660515,6834.84765625,3.81256342,0
798.70703912,6841.10107422,3.81240392,0
798.74790736,6843.22558594,3.81317902,0
798.76834133,6834.85400391,3.81227231,0
798.78877550,6832.52343750,3.81175566,0
798.80920957,6843.69824219,3.81295633,0
798.82964354,6837.95751953,3.81227803,0
798.85007771,6844.88427734,3.81264257,0
798.87051178,6846.46875000,3.81265926,0
798.89094595,6841.31591797,3.81247878,0
798.91137993,6845.62011719,3.81302881,0
798.93181400,6849.65478516,3.81264091,0
798.95224817,6837.57470703,3.81167126,0
798.97268215,6838.41796875,3.81202245,0
798.99311622,6840.45751953,3.81160116,0
799.01355029,6837.73828125,3.81205273,0
799.03398437,6832.05957031,3.81112123,0
799.05441844,6834.77978516,3.81149197,0
799.07485252,6841.25781250,3.81238675,0
799.09528659,6850.62158203,3.81288052,0
799.11572077,6838.36279297,3.81149912,0
799.13615484,6839.06738281,3.81142616,0
799.15658882,6844.89550781,3.81234384,262144
799.17702299,6845.11474609,3.81205392,0
799.19745707,6847.13134766,3.81236672,0
799.21789105,6834.79443359,3.81110787,0
799.23832522,6837.77343750,3.81141734,0
799.25875930,6841.72314453,3.81113100,0
799.27919348,6834.95751953,3.81077814,0
799.29962746,6834.20361328,3.81055570,0
799.32006154,6845.85156250,3.81195855,0
799.34049572,6842.63281250,3.81118298,0
799.36092970,6841.85546875,3.81087899,0
799.38136377,6846.33544922,3.81129837,0
799.40179795,6835.44042969,3.81016850,0
799.42223193,6842.16796875,3.81073403,0
799.44266602,6846.68798828,3.81108904,0
799.46310020,6839.65039062,3.81024098,0
799.48353418,6841.18359375,3.81008840,0
799.50396836,6841.07666016,3.81052208,0
799.52440244,6838.54443359,3.81003308,0
799.54483652,6845.07128906,3.81065083,0
799.56527060,6833.35449219,3.80930901,0
799.58570469,6845.16894531,3.81036782,0
799.60613877,6842.56201172,3.81044436,0
799.62657285,6840.22314453,3.81019974,0
799.64700694,6837.96826172,3.80987334,0
799.66744102,6839.56640625,3.80934310,0
799.68787510,6838.79882812,3.80933952,0
799.70830919,6841.36718750,3.80972123,0
799.72874327,6840.90136719,3.80980301,0
799.74917736,6830.14794922,3.80841374,0
799.76961144,6843.45849609,3.80971074,0
799.79004563,6838.61914062,3.80936456,0
799.81047962,6838.94628906,3.80916452,0
799.83091370,6840.37548828,3.80939531,0
799.85134789,6844.08935547,3.80941534,0
799.87178188,6841.07226562,3.80848384,0
799.89221606,6846.22998047,3.80946493,0
799.91265015,6840.07373047,3.80917907,0
799.93308414,6836.37207031,3.80880117,0
799.95351833,6839.39746094,3.80880618,0
799.97395242,6840.71386719,3.80878472,0
799.99438640,6844.00537109,3.80888462,0
800.01482059,6842.79394531,3.80856371,0
800.03525468,6839.72949219,3.80830383,0
800.05568887,6843.22949219,3.80881166,0
800.07612286,6833.31640625,3.80746412,0
800.09655695,6840.32421875,3.80874872,0
800.11699114,6834.79003906,3.80818558,0
800.13742514,6842.80419922,3.80819702,0
800.15785923,6837.35302734,3.80788875,0
800.17829342,6839.71435547,3.80772376,0
800.19872751,6846.58398438,3.80852771,0
800.21916150,6835.08642578,3.80738640,0
800.23959570,6841.00634766,3.80775237,0
800.26002979,6841.77636719,3.80775738,0
800.28046388,6839.96484375,3.80801272,0
800.30089798,6833.60009766,3.80732131,0
800.32133197,6847.76806641,3.80881429,0
800.34176616,6834.01416016,3.80749869,0
800.36220026,6839.43017578,3.80748320,0
800.38263425,6840.73193359,3.80756545,262144
800.40306845,6842.22460938,3.80746937,0
800.42350254,6838.28027344,3.80467129,0
800.44393674,6838.92187500,3.80754018,393216
800.46437073,6838.90429688,3.80754590,393216
800.48480483,6836.26855469,3.80726147,393216
800.50523903,6832.41845703,3.80688119,0
800.52567302,6843.19677734,3.80777478,393216
800.54610712,6843.41943359,3.80735612,0
800.56654132,6835.68945312,3.80586958,0
800.58697532,6841.35644531,3.80718613,0
800.60740942,6842.70263672,3.80680227,0
800.62784361,6838.89501953,3.80531049,0
800.64827761,6831.02148438,3.80321264,0
800.66871181,6836.91650391,3.80362248,393216
800.68914591,6830.84521484,3.80362272,0
800.70957991,6830.71972656,3.80291080,0
800.73001411,6839.27148438,3.80394721,0
800.75044821,6842.37402344,3.80418086,0
800.77088231,6833.86962891,3.80347729,0
800.79131641,6832.04101562,3.80286503,0
800.81175051,6835.00097656,3.80334997,0
800.83218472,6842.32958984,3.80408907,0
800.85261872,6834.57275391,3.80337834,0
800.87305282,6836.60449219,3.80355000,0
800.89348692,6839.54296875,3.80343318,0
800.91392103,6836.61962891,3.80359221,0
800.93435513,6842.97656250,3.80397820,0
800.95478933,6842.52246094,3.80365014,8192
800.97522334,6838.03125000,3.80304170,0
800.99565744,6839.22656250,3.80341554,0
801.01609164,6833.09326172,3.80310583,0
801.03652565,6831.25830078,3.80272961,0
801.05695985,6843.73779297,3.80577016,128
801.07739396,6841.29150391,3.80350232,0
801.09782797,6831.55615234,3.80254841,0
801.11826217,6832.15966797,3.80302072,0
801.13869628,6839.12695312,3.80450034,0
801.15913028,6839.81689453,3.80315328,0
801.17956449,6842.45361328,3.80356503,0
801.19999860,6841.52636719,3.80327058,0
801.22043281,6834.65722656,3.80225348,0
801.24086681,6837.80664062,3.80245137,0
801.26130092,6829.92333984,3.80138016,0
801.28173513,6841.47460938,3.80343747,0
801.30216914,6829.63476562,3.80190849,0
801.32260325,6832.42578125,3.80227184,0
801.34303746,6837.35058594,3.80264783,0
801.36347147,6835.88769531,3.80192184,0
801.38390558,6828.09033203,3.80138016,0
801.40433979,6838.46972656,3.80263710,0
801.42477390,6836.08154297,3.80190158,0
801.44520801,6832.54980469,3.80199337,0
801.46564212,6837.20556641,3.80204701,262144
801.48607623,6832.87792969,3.80148435,0
801.50651034,6831.39941406,3.80164790,0
801.52694445,6834.15673828,3.80193019,0
801.54737857,6835.19189453,3.80146933,0
801.56781268,6835.18066406,3.80156374,0
801.58824679,6833.76025391,3.80110502,0
801.60868101,6838.84765625,3.80207229,0
801.62911502,6833.57470703,3.80153370,0
801.64954913,6841.67431641,3.80221915,0
801.66998335,6835.24462891,3.80203152,0
801.69041736,6827.66210938,3.80057693,0
801.73128569,6831.04052734,3.80076885,0
801.75171971,6838.66503906,3.80167723,0
801.77215382,6831.49658203,3.80098224,0
801.79258804,6833.68457031,3.80067611,0
801.81302206,6844.97314453,3.80222249,0
801.83345627,6833.80566406,3.80077457,0
801.85389039,6834.02343750,3.80070186,0
801.87432441,6837.34375000,3.80103564,0
801.89475862,6838.21142578,3.80068445,0
801.91519274,6832.54882812,3.80021429,0
801.93562676,6831.07763672,3.79998827,0
801.95606098,6837.66503906,3.80129433,0
801.97649510,6838.10937500,3.80083013,0
801.99692932,6834.47851562,3.80021834,0
802.01736334,6833.46923828,3.80010962,0
802.03779746,6839.29052734,3.80069852,0
802.05823168,6838.04150391,3.80035233,0
802.07866580,6840.50146484,3.80076551,0
802.09909982,6836.68945312,3.80032730,8192
802.11953404,6831.97070312,3.79954171,0
802.13996806,6835.16113281,3.80047631,0
802.16040218,6830.46240234,3.79940915,0
802.18083640,6831.52539062,3.79933262,0
802.20127053,6830.71777344,3.79965162,0
802.22170465,6839.83642578,3.80062652,0
802.24213877,6829.01220703,3.79957461,0
802.26257279,6840.27050781,3.80070543,0
802.28300702,6829.90966797,3.79865956,0
802.30344114,6828.84277344,3.79983997,0
802.32387516,6827.36767578,3.79881310,0
802.34430939,6834.17236328,3.79990053,0
